CID,카테고리명,KDC분류,KDC분류명
1230,가정/요리/뷰티,59,가정학
90452,가계부,59,가정학
53471,건강요리,51,의학
53489,결혼/가족,59,가정학
53513,가정의례,59,가정학
53511,가족관계,59,가정학
53509,결혼생활,59,가정학
53510,부부관계,59,가정학
53512,성생활,59,가정학
53476,나라별 요리,59,가정학
53495,기타국가 요리,59,가정학
53493,이탈리아 요리,59,가정학
53491,일본요리,59,가정학
53492,중국요리,59,가정학
53494,프랑스 요리,59,가정학
53490,한국요리,59,가정학
53474,다이어트 요리,59,가정학
53478,도시락,59,가정학
53480,디저트,59,가정학
53485,뜨개질/바느질/DIY,59,가정학
53500,뜨개질/퀼트/십자수/바느질,59,가정학
53502,선물포장/리본/비즈,59,가정학
53503,종이접기/종이공예,59,가정학
53501,패션/소품/DIY,59,가정학
53473,사찰요리,59,가정학
53484,살림/정리수납,59,가정학
53479,샐러드/샌드위치,59,가정학
53472,생활요리,59,가정학
53482,술/음료/차,59,가정학
53497,다도/차,59,가정학
53496,술,59,가정학
53499,음료,59,가정학
53498,커피,59,가정학
53487,원예/조경/텃밭,59,가정학
53483,음식 이야기,59,가정학
53477,이유식,59,가정학
53475,전문가/연예인/블로거 요리,59,가정학
53481,제과제빵,59,가정학
53486,집/인테리어,59,가정학
90456,인테리어,59,가정학
90455,집짓기,59,가정학
53488,패션/뷰티,59,가정학
53507,네일/페디,59,가정학
53504,메이크업,59,가정학
53506,스타일/패션,59,가정학
53508,피부미용,59,가정학
53505,헤어,59,가정학
55890,건강/취미/레저,69,오락/스포츠
53516,건강운동,69,오락/스포츠
53537,걷기,69,오락/스포츠
53538,기/단학,18,심신수련/명상
53539,기타운동,69,오락/스포츠
53536,요가/체조/스트레칭,69,오락/스포츠
53521,건강정보,69,오락/스포츠
53562,건강에세이/건강정보,69,오락/스포츠
55182,기타,69,오락/스포츠
53558,남성건강,69,오락/스포츠
53719,노인건강,69,오락/스포츠
53560,두뇌건강,69,오락/스포츠
53561,성클리닉,69,오락/스포츠
53559,아동건강,69,오락/스포츠
53557,여성건강,69,오락/스포츠
53556,음식과 건강,69,오락/스포츠
53805,지압/마사지,69,오락/스포츠
53522,걷기/육상스포츠,69,오락/스포츠
53524,골프,69,오락/스포츠
53532,공예,69,오락/스포츠
53568,뜨개질/퀼트/십자수/바느질,69,오락/스포츠
53570,선물포장/리본/비즈,69,오락/스포츠
53571,종이접기/종이공예,69,오락/스포츠
53569,패션/소품/DIY,69,오락/스포츠
53525,구기,69,오락/스포츠
54711,기타,69,오락/스포츠
54709,농구,69,오락/스포츠
54710,야구,69,오락/스포츠
54708,축구,69,오락/스포츠
161753,글씨 쓰기,69,오락/스포츠
53528,낚시,69,오락/스포츠
53514,다이어트,69,오락/스포츠
53520,대체의학,51,의학
53529,등산/캠핑,69,오락/스포츠
53526,무예/무술,69,오락/스포츠
53530,바둑/장기,69,오락/스포츠
53534,반려동물,69,오락/스포츠
53523,수영/수상스포츠,69,오락/스포츠
147647,스티커북,69,오락/스포츠
53527,스포츠/레저 기타,69,오락/스포츠
53567,기타,69,오락/스포츠
53566,댄스/무용,69,오락/스포츠
53565,스키/스노보드,69,오락/스포츠
53564,인라인/자전거,69,오락/스포츠
53533,원예,69,오락/스포츠
53573,꽃꽂이,69,오락/스포츠
53574,채소재배,69,오락/스포츠
53572,화훼,69,오락/스포츠
140262,재난/생존/서바이벌,69,오락/스포츠
53517,정신건강,51,의학
53518,질병치료와 예방,51,의학
53540,간,51,의학
53541,고혈압,51,의학
53552,금연/금주/약물중독,51,의학
53718,기타질병,51,의학
53543,눈/코/입/귀,51,의학
53544,당뇨병,51,의학
53545,변비/치질,51,의학
53553,비뇨기,51,의학
53542,심장병,51,의학
53546,암,51,의학
53547,위장병,51,의학
53554,정신질환,51,의학
53548,중풍과 치매,51,의학
53551,탈모,51,의학
53549,피부병,51,의학
53550,허리/디스크/척추/통증,51,의학
53535,취미기타,69,오락/스포츠
53578,기타,69,오락/스포츠
53575,사진/비디오 촬영,66,사진술
53577,상식,69,오락/스포츠
53576,서예,64,서예
114987,컬러링북,69,오락/스포츠
53531,퍼즐/스도쿠/퀴즈,69,오락/스포츠
53519,한의학,51,의학
53515,헬스/피트니스,69,오락/스포츠
170,경제경영,32,경제학
3057,경제학/경제일반,32,경제학
3059,경제사/경제전망,32,경제학
3060,세계 경제사/경제전망,32,경제학
3062,아시아 경제사/경제전망,32,경제학
3058,한국 경제사/경제전망,32,경제학
8586,경제이론/경제사상,32,경제학
3065,경제이야기,32,경제학
3140,경제정책/비평,32,경제학
8587,화폐/금융/재정,32,경제학
2172,기업 경영,32,경제학
3103,경영 일반,32,경제학
2173,경영전략/혁신,32,경제학
274,무역,32,경제학
284,생산/품질/물류관리,32,경제학
8593,서비스/고객관리,32,경제학
247,세무/재무/회계,32,경제학
282,조직/인력/성과관리,32,경제학
3069,e-비즈니스,32,경제학
2028,기업/경영자 스토리,32,경제학
853,국내 기업/경영자,32,경제학
852,국외 기업/경영자,32,경제학
854,벤처/인터넷 기업/경영자,32,경제학
261,마케팅/세일즈,32,경제학
268,광고/홍보/PR,32,경제학
273,네트워크 마케팅,32,경제학
1632,마케팅/브랜드,32,경제학
55058,모바일/SNS,32,경제학
2169,영업/세일즈,32,경제학
263,트렌드/미래예측,32,경제학
172,재테크/투자,32,경제학
141092,가상/암호화폐,32,경제학
11502,보험,32,경제학
175,부동산/경매,32,경제학
11501,세금,32,경제학
2225,재테크/투자 일반,32,경제학
174,주식/펀드,32,경제학
177,창업/취업/은퇴,32,경제학
3048,벤처/스타트업/인터넷창업,32,경제학
32828,은퇴설계,32,경제학
180,창업정보,32,경제학
249,취업정보,32,경제학
3049,CEO/비즈니스맨을 위한 능력계발,32,경제학
3104,간부학/리더십,32,경제학
2408,기획/정보/문서관리,32,경제학
3101,성공학/경력관리,32,경제학
11503,시간관리,32,경제학
6189,화술/협상/프레젠테이션,32,경제학
76001,고등학교참고서,37,교육학
77021,고등-문제집,37,교육학
77129,과학탐구,37,교육학
77125,국어영역,37,교육학
77130,기타영역,37,교육학
77128,사회탐구,37,교육학
131522,수학영역,41,수학
77127,영어영역,74,영어
124815,한국사,37,교육학
77027,고등영어전문교재,74,영어
77028,단어/숙어,74,영어
77030,독해/작문,74,영어
77031,말하기/듣기,74,영어
77029,문법,74,영어
77032,NEAT(국가영어능력평가),74,영어
77020,고등-자습서,37,교육학
77135,과학,37,교육학
77131,국어,37,교육학
77136,기타,37,교육학
77134,사회문화,37,교육학
77133,수학,41,수학
77132,영어,74,영어
77026,고등학교 출판사별,37,교육학
77045,개념원리수학,41,수학
77331,개념원리_RPM(고등),41,수학
77333,개념원리_기본서(고등),41,수학
144621,9교시수학,41,수학
148823,RPM HighQ,41,수학
77050,꿈을담는틀,37,교육학
123356,캐치-E,37,교육학
113029,완성(고등),37,교육학
113030,절대개념(고등),37,교육학
115077,보카콕(고등),37,교육학
115081,꿈틀고등,37,교육학
131120,국어는꿈틀,37,교육학
77308,모든것(고등),37,교육학
77314,시크릿,37,교육학
77316,수능클릭,37,교육학
77317,엑설런트명강,37,교육학
121574,명강,37,교육학
155744,밥,37,교육학
155745,고난도 신유형,37,교육학
140038,기본완성,37,교육학
140079,듀얼수학,41,수학
77419,하이탑 과학(고등),37,교육학
77420,뜯어먹는 영단어/숙어,37,교육학
175849,빠작국어(고등),37,교육학
149832,싸플(고등),37,교육학
149833,날선유형 수학,41,수학
149835,올쏘(고등),37,교육학
149836,절대등급 수학,41,수학
164681,날선유형 스타트,37,교육학
164682,올쏘 내신강자,37,교육학
164683,날선개념 수학,41,수학
164684,수프림 영어,74,영어
77035,동아출판,37,교육학
77038,디딤돌,37,교육학
90208,단권화,37,교육학
155877,독해가 되는,37,교육학
155878,듣기는 실전이다,37,교육학
155879,실전특강,37,교육학
155882,원포인트,37,교육학
121968,단톡,37,교육학
127588,미니모의고사,37,교육학
122773,학평기출문제집,37,교육학
155885,수능형 MP3,37,교육학
155886,수능기출 문제집(까만책),37,교육학
155887,수능기출 모의고사(빨간책),37,교육학
186289,1등급 어휘력,37,교육학
186290,수능기출 300제,37,교육학
77048,마더텅,37,교육학
77062,메가스터디북스,37,교육학
155895,절대평가 큐,37,교육학
172373,메가헤르츠 수학,41,수학
178796,기출분석서,37,교육학
122096,자격,37,교육학
155891,개념백과,37,교육학
155892,CPR 수학,41,수학
155894,수능영단어,37,교육학
79405,메가스터디 N제,37,교육학
177803,EBS분석노트,37,교육학
177804,예비기출분석서,37,교육학
173593,메가실전모의고사,37,교육학
106981,듣기모의고사,37,교육학
157751,수력ON(고등),37,교육학
87480,분석노트,37,교육학
155890,변형N제,37,교육학
147545,유형중심(고등),37,교육학
147546,NEW올리드,37,교육학
163595,수능주도권,37,교육학
77413,올리드(고등),37,교육학
79096,파사쥬,37,교육학
113892,1등급만들기,37,교육학
147553,손쉬운,37,교육학
123329,N기출_수능,37,교육학
135443,수학중심(고등),41,수학
165046,룩(LOOK),37,교육학
158841,올리드 시험직보(고등),37,교육학
158842,그래머바이트(고등),37,교육학
158843,리딩바이트(고등),37,교육학
158844,워드바이트,37,교육학
77037,미래엔,37,교육학
77056,비상교육,37,교육학
108539,한끝국어영역,37,교육학
108540,한끝영어영역,74,영어
108541,한끝사회탐구,37,교육학
108543,고등과학,37,교육학
108544,과학탐구,37,교육학
162754,지금필수(고등),37,교육학
77289,개념+유형(고등),37,교육학
77290,오투과학(고등),37,교육학
114027,단기특강,37,교육학
162817,Full수록,37,교육학
77286,완자(고등),37,교육학
77287,내공의힘(고등),37,교육학
77288,한끝(고등),37,교육학
150358,만렙수학(고등),41,수학
177997,완자기출픽,37,교육학
77299,수학의정석_기본편,41,수학
77301,수학의정석_실력편,41,수학
77053,성지출판,37,교육학
133744,XiP수학영역,41,수학
143849,XiP사회탐구영역,37,교육학
143850,XiP과학탐구영역,37,교육학
132730,XiP영어영역,74,영어
132731,XiP국어영역,37,교육학
148841,최강적중 파이널,37,교육학
118732,일등급수학(고등),41,수학
119614,수력충전(고등),37,교육학
133066,절대평가,37,교육학
133067,결정적보카,37,교육학
179268,자이 비문학 독해,80,문학
77260,자이프리미엄,37,교육학
124734,형상기억(고등),37,교육학
161193,개념이지,37,교육학
131524,바른개념수학,41,수학
122318,키워드 국어,37,교육학
79143,자이스토리,37,교육학
179182,심플 자이스토리,37,교육학
152131,문제로보카,37,교육학
152132,고난도 1등급,37,교육학
77063,수경출판사,37,교육학
132725,Xi수학영역,41,수학
132726,Xi영어영역,74,영어
132727,Xi국어영역,37,교육학
132732,Xi한국사,37,교육학
132728,Xi사회탐구영역,37,교육학
132729,Xi과학탐구영역,37,교육학
150269,시대인재books,37,교육학
150270,한완수,37,교육학
150271,일격필살,37,교육학
150272,이해원,37,교육학
150273,포카칩,37,교육학
166955,UAA&DCAF,37,교육학
162929,폴라리스,37,교육학
77070,쎄듀,37,교육학
154493,올씀,37,교육학
122778,PLAN A,37,교육학
77240,천일문,37,교육학
77241,어법/어휘끝,37,교육학
77242,쎄듀 모의고사,37,교육학
77243,첫단추,37,교육학
77244,파워업,37,교육학
157600,원샷영어,74,영어
79614,아름다운샘,37,교육학
114373,수학의샘,41,수학
114375,아샘수학,41,수학
114377,짱어려운수학,41,수학
114379,짱중요한수학,41,수학
79615,센터링수학,41,수학
79616,짱쉬운수학,41,수학
131078,Hi Math,37,교육학
77277,숨마쿰라우데,37,교육학
77278,미래로 수능 기출,37,교육학
122536,굿비,37,교육학
163582,미래로 하우투 수능,37,교육학
163583,숨마쿰라우데 스타트업(고등),37,교육학
163584,숨마쿰라우데 라이트수학,41,수학
77061,이룸이앤비,37,교육학
77033,이투스북,37,교육학
114393,2주만에 끝내는,37,교육학
122908,리딩마스터,37,교육학
125222,지발선,37,교육학
84875,리슨마스터,37,교육학
119612,너.기.출,37,교육학
119613,EBS완전학습,37,교육학
84903,新수학의 바이블,41,수학
77432,몽땅벗기기,37,교육학
77439,워드마스터,37,교육학
86814,531프로젝트,37,교육학
134093,어삼쉬사,37,교육학
134094,구문사고력,37,교육학
134096,결정적시리즈,37,교육학
175254,15분 모의고사,37,교육학
175255,작전 모의고사,37,교육학
175256,작전모의,37,교육학
175257,쏙(SOC),37,교육학
175258,파워크북 수학,41,수학
175259,개념픽수학,41,수학
175260,일단락 국어,37,교육학
175261,BON 본 N제,37,교육학
175262,BON 본,37,교육학
175263,BON 본 내신,37,교육학
140040,고쟁이 수학,41,수학
77429,수학의바이블,41,수학
113236,BOB바이블(고등),41,수학
86815,국어,37,교육학
86816,영어,74,영어
86817,수학,41,수학
77043,좋은책신사고,37,교육학
176290,우공비Q 유형N제,37,교육학
123482,쎈수학_개념쎈라이트(고등),41,수학
77338,쎈수학(고등),41,수학
77339,오감도,37,교육학
77342,일품(고등),37,교육학
77345,우공비(고등),37,교육학
77347,컨셉영어,74,영어
77351,진짜영문법,37,교육학
77352,쎈수학_개념쎈(고등),41,수학
77353,국어의기술,37,교육학
129153,첫오감도,37,교육학
178483,30일컷,37,교육학
176643,쎈기출 연도별수능,37,교육학
169490,초빈출,37,교육학
106534,알수학,41,수학
106535,한국사바로가기,37,교육학
106530,다트,37,교육학
161505,쎈수학_베이직,41,수학
90570,꿀특강,37,교육학
109804,쎈수학_라이트쎈(고등),41,수학
123627,오감도최다문항,37,교육학
164220,수능1교시,37,교육학
157283,기본영어,74,영어
157284,독해파헤치기,37,교육학
178611,쎈기출0zero,37,교육학
178612,진짜 기출,37,교육학
178613,우공비Q 등급업N제,37,교육학
152138,올킬,37,교육학
152139,문.지.영,37,교육학
181731,쎈기출 모의고사,37,교육학
106995,단기공략,37,교육학
157285,별보카(고등),37,교육학
163194,쎈기출,37,교육학
122617,it,45,지학
148662,개념있는,45,지학
148663,교과서수능,45,지학
148664,핵심큐,45,지학
148665,개념풀(고등),45,지학
148668,달달한한국사,45,지학
148669,수능어휘집,45,지학
77357,자습서,45,지학
77359,풍산자 수학,41,수학
77366,꽉잡기,45,지학
77370,풍산자 필수유형,45,지학
77375,독서평설,45,지학
114316,평가문제집,45,지학
114293,기출의고백,45,지학
114295,단기특강,45,지학
151237,풍산자 라이트,45,지학
151238,풍산자 반복수학,41,수학
176891,풍산자 일등급유형,45,지학
77042,지학사,45,지학
148666,Reading it,45,지학
148667,Listening it,45,지학
77034,진학사,37,교육학
147655,블랙라벨_더개념,37,교육학
147658,그림어원(수능),37,교육학
77427,블랙라벨,37,교육학
77089,창비(학습),37,교육학
114919,창비자습서,37,교육학
89134,창비수능국어,37,교육학
89135,창비고등국어,37,교육학
116644,수능 없다,37,교육학
174764,짤강수학(고등),41,수학
174765,수학의힘(고등),41,수학
174766,리스닝 패러다임,37,교육학
174767,100인의 지혜,37,교육학
174768,고단백,37,교육학
174769,뿌리뽑기(고등),37,교육학
178094,하루수능,37,교육학
178086,처음수능,37,교육학
89635,기지개영어,74,영어
133969,최강TOT수학(고등),41,수학
77391,셀파해법수학,41,수학
77397,셀파기본영어,74,영어
77399,고등셀파,37,교육학
77401,수능셀파,37,교육학
77403,해법문학,80,문학
131764,해결의법칙(고등),37,교육학
135572,수학입문,41,수학
177575,다품(고등),37,교육학
185827,10일격파,37,교육학
185825,셀파라이트,37,교육학
177576,해법문학Q,80,문학
182481,7일 끝(고등),37,교육학
173368,내신꼭수학,41,수학
173374,바로 VOCA(고등),37,교육학
139468,빅터연산(고등),37,교육학
114154,셀파수능결정적,37,교육학
121726,수능Q&Q특강,37,교육학
77039,천재교육,37,교육학
177559,개념 해결의법칙,37,교육학
177560,유형 해결의법칙,37,교육학
177565,교과서 다품,37,교육학
174747,내신 다품,37,교육학
89557,키출판사,37,교육학
89560,매3국어,37,교육학
89562,매3영어,74,영어
77051,한국학력평가원,37,교육학
120240,수능끝판왕,37,교육학
123959,기출패턴,37,교육학
121727,연마수학,41,수학
123159,출제원리에 맞춘,37,교육학
123144,단마,37,교육학
123146,단기완성,37,교육학
114584,희망에듀,37,교육학
114585,수능기출총정리,37,교육학
114586,교과서수학,41,수학
119889,시너지문제집,37,교육학
77215,자습서(고등),37,교육학
77216,내신평정(고등),37,교육학
77081,NE능률,37,교육학
175541,천문장,37,교육학
108702,자습서/평가문제집,37,교육학
87611,필통영문법,37,교육학
131887,다빈출코드,37,교육학
174200,EBS변형문제,37,교육학
77217,The상승,37,교육학
77218,수능만만,37,교육학
77219,리딩엑스퍼트,37,교육학
77209,리딩튜터,37,교육학
77210,빠른바른독해,37,교육학
77211,리스닝튜터,37,교육학
77212,능률보카,37,교육학
77213,맞수,37,교육학
155750,올클,37,교육학
155752,그래머존,37,교육학
155753,문마고,37,교육학
155754,얇고빠른,37,교육학
155756,내신100신,37,교육학
155759,수능유형PICK,37,교육학
123058,기강잡고,37,교육학
110333,특급,37,교육학
152406,하이엔드,37,교육학
131179,스코어,37,교육학
77024,논술/면접/수시,37,교육학
77108,구술면접,37,교육학
129706,논술정기간행물(고등),37,교육학
77109,대입논술,37,교육학
77107,수시적성,37,교육학
86623,울산대,37,교육학
87510,금오공과대,37,교육학
87511,평택대,37,교육학
87534,안양대,37,교육학
87540,서강대,37,교육학
88708,이화여대,37,교육학
87597,호서대,37,교육학
87478,한밭대,37,교육학
87054,동덕여대,37,교육학
127364,삼육대,37,교육학
111577,부산대,37,교육학
111911,서울시립대,37,교육학
111912,덕성여대,37,교육학
111913,서울여대,37,교육학
86082,연세대,37,교육학
77137,_통합편,37,교육학
77138,가천대,37,교육학
77139,가톨릭대,37,교육학
77140,강남대,37,교육학
77141,강원대,37,교육학
77142,건국대,37,교육학
77143,경기대,37,교육학
77144,경북대,37,교육학
77145,경성대,37,교육학
77146,경원대,37,교육학
77147,경희대,37,교육학
77148,고려대,37,교육학
77149,광운대,37,교육학
77150,단국대,37,교육학
77151,명지대,37,교육학
77152,서경대,37,교육학
77153,서울과학기술대,37,교육학
77154,성결대,37,교육학
77155,성균관대,37,교육학
77156,세종대,37,교육학
77157,수원대,37,교육학
77158,숙명여대,37,교육학
77159,아주대,37,교육학
77160,을지대,37,교육학
77161,인하대,37,교육학
77162,중앙대,37,교육학
77163,한국기술교육대,37,교육학
77164,한국산업기술대,37,교육학
77165,한국외국어대,37,교육학
77166,한국항공대,37,교육학
77167,한성대,37,교육학
77168,한신대,37,교육학
77169,한양대,37,교육학
77170,홍익대,37,교육학
111963,동국대,37,교육학
87450,대진대,37,교육학
120730,항공대,37,교육학
77110,입시자료집,37,교육학
77111,입학사정관/자기소개서,37,교육학
77022,수능대비,37,교육학
77123,과학탐구,37,교육학
77119,국어영역,37,교육학
77124,기타영역,37,교육학
77122,사회탐구,37,교육학
77120,수학영역,41,수학
77121,영어영역,74,영어
124816,한국사,37,교육학
77023,수능모의고사/기출,37,교육학
77117,과학탐구,37,교육학
77113,국어영역,37,교육학
77118,기타영역,37,교육학
77116,사회탐구,37,교육학
77114,수학영역,41,수학
77115,영어영역,74,영어
124817,한국사,37,교육학
77025,학습자료,37,교육학
77106,공부자료,37,교육학
84906,기타,37,교육학
77441,EBS 고등,37,교육학
77443,_고1,37,교육학
77444,_고2,37,교육학
77445,_고3,37,교육학
156738,3주/4주특강,37,교육학
140744,개념완성,37,교육학
160143,고난도시크릿X,37,교육학
77463,고등예비과정,37,교육학
130619,국공따,37,교육학
132040,국어독해의원리,37,교육학
132693,국어문법의원리,37,교육학
131959,기출의미래,37,교육학
174495,뉴수능스타트,37,교육학
150821,단기특강 길잡이,37,교육학
89943,만점마무리,37,교육학
162309,수능감(感)잡기,37,교육학
132577,수능연계교재VOCA,37,교육학
77461,수능완성,37,교육학
186923,수능완성 사용설명서,37,교육학
178753,수능의 7대함정,37,교육학
77456,수능특강,37,교육학
153256,수능특강 사용설명서,37,교육학
181138,수능특강 연계기출,37,교육학
110069,수능특강 Light,37,교육학
180299,수능특강Q,37,교육학
162718,수학의왕도,41,수학
87913,올림포스,37,교육학
140748,올림포스 고난도,37,교육학
140749,올림포스 닥터링,37,교육학
175607,올림포스 전국연합,37,교육학
128160,파이널 실전모의고사,37,교육학
132036,English Power,37,교육학
161902,2020EBSi,37,교육학
175960,2021EBSi,37,교육학
151062,2019EBSi,37,교육학
77450,i강의노트,37,교육학
2105,고전,80,문학
2330,경제학고전,32,경제학
4527,고사성어/속담,70,언어
2094,고전에서배운다,80,문학
2344,과학고전,80,문학
2310,군사고전,80,문학
2095,다시쓴고전,80,문학
2123,동양고전문학,80,문학
4378,기타 동양고전,80,문학
4655,중국고전-산문,80,문학
12390,중국고전-시가,80,문학
2124,동양고전사상,80,문학
4438,기타 동양고전사상,80,문학
4437,도가사상,80,문학
4436,유가사상,80,문학
2125,서양고전문학,80,문학
2149,서양고대문학,80,문학
2314,서양근대문학,80,문학
2138,서양중세문학,80,문학
222,서양현대고전,80,문학
2126,서양고전사상,80,문학
2121,우리나라 옛글,80,문학
4440,산문,80,문학
4441,시가,80,문학
7459,위대한 작가들,80,문학
987,과학,40,자연과학
51038,공학,53,공학
51365,공학 일반,53,공학
51355,기계공학,55,기계공학
51357,전기/전자공학,99,전기
51358,토목/건축공학,54,건축공학
51361,화학공학,43,화학
51363,환경공학,53,공학
51007,과학사회학(STS),40,자연과학
51005,과학의 이해,40,자연과학
51160,과학고전,80,문학
51095,과학사/기술사,40,자연과학
51098,과학사상,40,자연과학
51183,과학전문사전,40,자연과학
51187,동양과학,40,자연과학
51189,정신과학,40,자연과학
51185,현대과학,40,자연과학
51010,과학자의 생애,40,자연과학
51002,기초과학/교양과학,40,자연과학
51045,농업,40,자연과학
120980,농업일반,40,자연과학
120981,생태농업,40,자연과학
51013,뇌과학,40,자연과학
51194,뇌과학 일반,40,자연과학
51197,두뇌계발,40,자연과학
51022,동물과 식물,40,자연과학
51285,곤충,40,자연과학
51283,꽃과 나무,40,자연과학
51290,동물 일반,40,자연과학
51281,동물도감,40,자연과학
51287,새,40,자연과학
51289,식물 일반,40,자연과학
51279,식물도감,40,자연과학
51288,해양생물,40,자연과학
51024,물리학,42,물리학
51293,고전물리학,42,물리학
51301,물리학 일반,42,물리학
51294,상대성이론,42,물리학
51291,쉽게 배우는 물리학,42,물리학
51296,양자역학,42,물리학
51298,응용물리,42,물리학
51299,전자기학,42,물리학
51292,현대물리학,42,물리학
51043,발명/발견,40,자연과학
51275,법의학,51,의학
51015,생명과학,40,자연과학
51202,바이오테크놀로지,40,자연과학
51205,생명과학,40,자연과학
51208,생물학,40,자연과학
51209,생태학,40,자연과학
51199,진화론,40,자연과학
51039,세계의 불가사의,40,자연과학
51033,수학,41,수학
51334,수학 일반,41,수학
51329,수학사,41,수학
51331,수학자의 생애,41,수학
51324,쉽게 배우는 수학,41,수학
51327,확률/통계학,31,통계
51272,의학,51,의학
51017,인체의 이해,40,자연과학
51030,지구과학,40,자연과학
51318,기상학/기후,40,자연과학
51315,지구,40,자연과학
51317,해양과학,40,자연과학
51027,천문학,44,천문학
51307,쉽게 배우는 우주,44,천문학
51310,우주과학,44,천문학
51312,천문학/별자리/역법,44,천문학
51035,화학,43,화학
51337,고분자화학,43,화학
51339,무기화학,43,화학
51340,물리화학,43,화학
51342,분석화학,43,화학
51349,생화학,43,화학
51335,쉽게 배우는 화학,43,화학
51351,유기화학,43,화학
51353,일반화학,43,화학
1840,금강산 여행 가는 이에게,98,여행
4395,달력/기타,59,가정학
24935,2008년 달력,59,가정학
30908,2009년 가계부,59,가정학
31307,2009년 달력,59,가정학
35698,2010년 가계부,59,가정학
35697,2010년 달력/다이어리,59,가정학
52853,2011년 가계부,59,가정학
52854,2011년 달력/다이어리,59,가정학
68198,2012년 가계부,59,가정학
68199,2012년 달력/다이어리,59,가정학
75906,2013년 가계부,59,가정학
75905,2013년 달력/다이어리,59,가정학
89053,2014년 가계부,59,가정학
89052,2014년 달력/다이어리,59,가정학
112485,2015년 가계부,59,가정학
112486,2015년 달력/다이어리,59,가정학
121462,2016년 가계부,59,가정학
121480,2016년 달력/다이어리,59,가정학
129742,2017년 가계부,59,가정학
129743,2017년 달력/다이어리,59,가정학
138301,2018년 가계부,59,가정학
138302,2018년 달력/다이어리,59,가정학
148652,2019년 가계부,59,가정학
148653,2019년 달력/다이어리,59,가정학
160485,2020년 가계부,59,가정학
167672,2020년 다이어리,59,가정학
160486,2020년 달력,59,가정학
173152,2021년 가계부,59,가정학
173153,2021년 다이어리,59,가정학
174904,2021년 달력,59,가정학
188411,2022년 가계부,59,가정학
186602,2022년 다이어리,59,가정학
186000,2022년 달력,59,가정학
8981,영어로 쓰인 한국서적,74,영어
8988,기타,74,영어
8982,문학,80,문학
8986,문화와 예술,60,예술
8983,어린이,74,영어
8985,여행안내,74,영어
8984,역사,90,역사
8987,한국사회,74,영어
6653,오디오북,-1,매핑불가
6657,가정/실용 오디오북,59,가정학
6655,경영/자기계발 오디오북,32,경제학
6654,문학 오디오북,80,문학
6656,종교 오디오북,20,종교
167572,출판사 제작 상품,-1,매핑불가
184996,큰글자책,-1,매핑불가
8257,대학교재/전문서적,37,교육학
8261,경상계열,32,경제학
8557,경영학,32,경제학
8560,경제학,32,경제학
8561,광고/마케팅,32,경제학
8562,무역,32,경제학
15954,부동산,32,경제학
8563,세무/회계,32,경제학
8564,재무/금융,32,경제학
8565,통계,32,경제학
8262,공학계열,53,공학
8470,건축공학,54,건축공학
32964,구조역학,54,건축공학
8569,조경학,14,심리학
8495,건축설계,54,건축공학
8496,건축사/건축일반,54,건축공학
8497,실내건축,54,건축공학
8498,건축시공,54,건축공학
8499,건축설비/재료,54,건축공학
51702,공학일반,53,공학
8468,기계공학,55,기계공학
8570,응용기계,55,기계공학
8489,기초역학/열역학/역학일반,55,기계공학
8490,기계설계/공작,55,기계공학
8491,자동차공학,55,기계공학
8492,메카트로닉스,55,기계공학
8493,자동화,55,기계공학
8494,기계공학 일반,55,기계공학
8511,도시계획/설계,53,공학
8512,환경학,14,심리학
8513,교통공학,53,공학
8472,도시/환경공학,53,공학
26799,산업공학,53,공학
8474,우주/해양/조선 기타공학,53,공학
8469,전기전자공학,99,전기
8578,신호처리/제어,99,전기
8536,전기설비,99,전기
8567,반도체공학,99,전기
8475,전기전자 개론,99,전기
8476,네트워크/데이터통신,99,전기
8477,회로이론,99,전기
8478,논리회로/전자회로,99,전기
8479,전자기학,99,전기
8480,마이크로프로세서,99,전기
8481,기초실험,99,전기
8537,컴퓨터공학/전산학 개론,53,공학
32812,그래픽/멀티미디어,53,공학
27660,프로그래밍 언어,70,언어
28053,네트워크,53,공학
8482,운영체제/소프트웨어 공학,53,공학
8483,자료구조,53,공학
8484,알고리즘,53,공학
8485,데이터베이스 개론,53,공학
8486,전산수학,41,수학
8487,정보통신 공학,53,공학
8488,컴퓨터 구조,53,공학
8467,컴퓨터공학,53,공학
8471,토목공학,53,공학
8500,토목공학 기초,53,공학
8501,토질역학,53,공학
8502,토목설계/시공,53,공학
8503,철근 콘크리트,53,공학
8504,교량/터널,53,공학
8505,고분자,43,화학
8506,신소재,43,화학
8507,섬유/텍스타일,43,화학
8508,금속재료/재료공학,43,화학
8509,기초실험,43,화학
8510,화학공학 기초,43,화학
8473,화학/금속/재료공학,43,화학
8263,농축산생명계열,37,교육학
8393,농림수산학,37,교육학
8392,수의학,51,의학
8391,축산,37,교육학
8264,법학계열,36,법학
5672,각국법,36,법학
8353,국제법,36,법학
8381,기타 법률/법규,36,법학
48219,노동법,36,법학
8350,민법,36,법학
13659,법전,36,법학
8372,법학일반,36,법학
8352,상법/특허법,36,법학
8365,세법,36,법학
8370,소송법,36,법학
8376,저작권법,36,법학
8366,행정법,36,법학
8351,헌법,36,법학
8581,형법,36,법학
8265,사범계열,37,교육학
8418,교과교육론,37,교육학
8713,예체능교육 전공,37,교육학
8430,국어교육 전공,37,교육학
8431,수학교육 전공,41,수학
8432,영어교육 전공,74,영어
8433,사회/역사교육 전공,90,역사
8434,교과교육론/기타 전공,37,교육학
8420,교육공학/수업설계,53,공학
8414,교육과정/교육평가,37,교육학
8415,교육사/교육철학,10,철학
8416,교육사회/심리학,18,심신수련/명상
8412,교육학 일반,37,교육학
8419,교육행정학/경영학,35,행정학
8435,유아교육학,37,교육학
8436,초등교육학,37,교육학
8437,특수교육학,37,교육학
8259,사회과학계열,30,사회과학
8343,광고홍보학,30,사회과학
27936,군사학,30,사회과학
28120,비서학,30,사회과학
8340,사회복지학,45,지학
8333,사회학,30,사회과학
8334,언론정보학,30,사회과학
8342,여성학,30,사회과학
13652,정치외교학,30,사회과학
13653,국제정치학,34,정치학
13654,정치사상,30,사회과학
13655,한국정치학,34,정치학
13656,정치학일반,34,정치학
8331,지리학,98,여행
13658,행정학,35,행정학
8267,생활환경계열,37,교육학
8410,가정학,37,교육학
16033,건강/미용,37,교육학
13556,관광학,37,교육학
8407,소비자아동학,37,교육학
8408,식품영양학/조리,37,교육학
8409,의류학,37,교육학
8266,어문학계열,80,문학
8281,국어국문학,80,문학
31575,한문/한자,80,문학
8558,고전문학론,80,문학
8291,국어학개론/정서법,80,문학
8292,국어사/방언론,80,문학
8293,문법론/통사론,80,문학
8294,의미론/화용론,80,문학
8295,음운론/어휘론,80,문학
8297,국문학사/국문학개론,80,문학
8298,북한어문학론,80,문학
8299,소설론,80,문학
8300,시론,80,문학
8301,희곡론/비평론,80,문학
8422,작가론,80,문학
8290,기타어문학,80,문학
8554,기타어학,80,문학
8555,기타문학,80,문학
8289,문학일반,80,문학
8546,기초영어,74,영어
8553,영미문학,80,문학
8311,영어학,74,영어
8317,영미작가론,74,영어
8282,영어영문학,74,영어
13660,유럽어문학,80,문학
8283,일어일문학,80,문학
8284,중어중문학,80,문학
63866,한국어교육학,37,교육학
8725,연감,37,교육학
8269,예체능계열,37,교육학
8395,무용,37,교육학
8396,미술/디자인/사진,37,교육학
8401,연극/영화,68,공연예술/연극
8400,음악,67,음악(음반)
8398,체육,37,교육학
8268,의약학간호계열,51,의학
54870,간호학,51,의학
55039,가족 간호학,51,의학
55040,간호 관리학,51,의학
55041,간호사 국가 시험,51,의학
55042,간호학 일반,51,의학
55043,기초 간호학,51,의학
55044,노인 간호학,51,의학
55045,보건학,51,의학
55046,성인 간호학,51,의학
55047,소아/신생아 간호학,51,의학
55048,정신 간호학,51,의학
55049,조산학,51,의학
55050,지역 간호학,51,의학
55051,참고도서,37,교육학
54883,기생충학,51,의학
54884,면역학,51,의학
54885,미생물학,51,의학
54886,발생학,51,의학
54887,병리학,51,의학
54888,생리학,51,의학
54889,생명과학,51,의학
54890,생화학,51,의학
54891,세포생물학,51,의학
54892,신경과학,51,의학
54893,약리학,51,의학
54894,유전학,51,의학
54895,의용공학,51,의학
54896,의화학,51,의학
54897,조직학,51,의학
54898,해부학,51,의학
54864,기초의학,51,의학
54865,내과,51,의학
54900,감염,51,의학
54901,내과일반,51,의학
54902,내분비,51,의학
54903,내시경,51,의학
54904,류마티스,51,의학
54905,소화기,51,의학
54906,순환기,51,의학
54907,신장병,51,의학
54908,알레르기면역,51,의학
54909,종양,51,의학
54910,혈액,51,의학
54911,호흡기,51,의학
54981,간장병,51,의학
54982,고혈압,51,의학
54983,난치병,51,의학
54984,당뇨병,51,의학
54985,소화기/순환기병,51,의학
54986,알츠하이머병,51,의학
54987,암,51,의학
54988,에이즈,51,의학
54989,천식,51,의학
54871,병별,51,의학
54874,병원/의약품 산업,51,의학
55008,병원 경영,32,경제학
55009,보험,32,경제학
55010,의약품 업계,51,의학
54990,뇌사/장기 이식,51,의학
54991,말기 치료,51,의학
54992,법의학,51,의학
54993,위생학,51,의학
54994,의료 윤리학,51,의학
54995,의료 정보학,51,의학
54996,의학 분야 법학,36,법학
54997,의학 통계학,31,통계
54872,사회의학,51,의학
54876,시험 대책,37,교육학
55014,간호사 국가 시험,37,교육학
55015,수의 시험,37,교육학
55016,약제사 국가 시험,37,교육학
55017,의사 국가 시험,37,교육학
55011,관리 영양사,51,의학
55012,식품 과학,40,자연과학
55013,영양 과학,40,자연과학
54875,식품/영양학,37,교육학
54869,약학,51,의학
54955,기초 약학,51,의학
54956,병원 약학/조제,51,의학
54957,생약/한방,51,의학
54958,약리학,51,의학
54959,약사법,51,의학
54960,약제사 국가 시험,51,의학
54961,약제사전/참고 도서,51,의학
54962,약제학/제재학,51,의학
54963,약학 일반,51,의학
54964,약화학,51,의학
54965,의약품,51,의학
54966,임상 의학,51,의학
54967,정보 약학,51,의학
54912,성형외과,51,의학
54913,수부외과,51,의학
54914,신경외과,51,의학
54915,외과,51,의학
54916,정형외과,51,의학
54917,흉부외과,51,의학
54866,외과,51,의학
54873,의료 관련 과학,51,의학
54999,사회 복지학,33,사회문제
55000,언어 청각 요법학,51,의학
55001,유도 접골학,51,의학
55002,의지 장비학,51,의학
55004,임상 검사 기술 과학,51,의학
55005,임상 공학,51,의학
55006,임상 심리학,51,의학
55007,침구 의학,51,의학
54998,보육학,33,사회문제
55031,기타,51,의학
55032,에이즈,51,의학
55033,의료 소송,51,의학
55034,의사,51,의학
55035,의학 입문,51,의학
55036,정신의학,51,의학
55037,종말기 의료,51,의학
55038,투병기,51,의학
54878,의학 일반,51,의학
54867,임상의학,51,의학
54934,재활의학,51,의학
54935,종합진료학,51,의학
54936,진단검사의학,51,의학
54937,집중치료의학,51,의학
54938,피부과,51,의학
54939,핵의학,51,의학
142658,영상의학과,51,의학
54918,가정의학,51,의학
54919,노년의학,51,의학
54920,마취통증과,51,의학
54921,물리치료,51,의학
54922,방사선과,51,의학
54923,비뇨기과,51,의학
54924,산부인과,51,의학
54925,산업의학,51,의학
54926,소아과,51,의학
54927,수술의학,51,의학
54928,스포츠의학,51,의학
54929,신경과,51,의학
54930,신경정신과,51,의학
54931,안과,51,의학
54932,응급의학,51,의학
54933,이비인후과,51,의학
54880,참고도서/백서,51,의학
54868,치과학,51,의학
54940,교정과,51,의학
54941,구강내과(진단),51,의학
54942,구강악안면외과,51,의학
54943,기초 치과학,51,의학
54944,병리/생물/생화학/미생물,51,의학
54945,보철과,51,의학
54946,소아치과,51,의학
54947,예방 치과학,51,의학
54948,임상 치과학,51,의학
54949,참고도서,51,의학
54950,치과 마취 과학,51,의학
54951,치과/치기공/치위생 수험서,51,의학
54952,치과학 일반,51,의학
54953,치기공/치위생과,51,의학
54954,치주과,51,의학
55018,기초한의학,51,의학
55019,기타,51,의학
55020,방제,51,의학
55021,본초,51,의학
55022,사상의학,51,의학
55023,사전/관련자료,51,의학
55024,상한/금궤/온병,51,의학
55026,원전,51,의학
55027,임상,51,의학
55028,재활/물리치료,51,의학
55029,진단,51,의학
55030,침구,51,의학
54877,한의학,51,의학
8258,인문계열,37,교육학
8339,고고학/인류학,37,교육학
8522,문헌정보학,2,
8328,심리학,18,심신수련/명상
8521,언어학,70,언어
8517,역사학,90,역사
16034,인문학 일반,80,문학
17436,종교학,20,종교
8516,철학,10,철학
8260,자연과학계열,40,자연과학
13663,과학일반,40,자연과학
8344,물리학,42,물리학
8345,생물학,40,자연과학
8324,수학,41,수학
8369,지구과학,40,자연과학
8346,천문학,44,천문학
8338,화학,43,화학
8596,환경학,14,심리학
8724,전문사전,37,교육학
8737,경제전문사전,37,교육학
8739,과학기술전문사전,40,자연과학
8736,문학예술전문사전,60,예술
8741,실용전문사전,37,교육학
8738,인문사회전문사전,37,교육학
8740,종교전문사전,20,종교
164281,한국방송통신대학교,37,교육학
165856,교양,37,교육학
164285,교육과학대학,40,자연과학
165751,1학년,37,교육학
165752,2학년,37,교육학
165753,3학년,37,교육학
165754,4학년,37,교육학
165764,1학년,40,자연과학
165765,2학년,40,자연과학
165766,3학년,40,자연과학
165767,4학년,40,자연과학
165760,1학년,40,자연과학
165761,2학년,40,자연과학
165762,3학년,40,자연과학
165763,4학년,40,자연과학
165755,1학년,40,자연과학
165756,2학년,40,자연과학
165758,3학년,40,자연과학
165759,4학년,40,자연과학
164307,교육학과,37,교육학
164308,청소년교육과,40,자연과학
164309,유아교육과,40,자연과학
164310,문화교양학과,40,자연과학
164291,법학과,36,법학
164292,행정학과,35,행정학
164293,경제학과,32,경제학
164294,경영학과,30,사회과학
164295,무역학과,30,사회과학
164296,미디어영상학과,30,사회과학
164297,관광학과,30,사회과학
164298,사회복지학과,45,지학
164283,사회과학대학,30,사회과학
165788,1학년,36,법학
165789,2학년,36,법학
165790,3학년,36,법학
165791,4학년,36,법학
165797,1학년,35,행정학
165798,2학년,35,행정학
165799,3학년,35,행정학
165800,4학년,35,행정학
165772,1학년,32,경제학
165773,2학년,32,경제학
165774,3학년,32,경제학
165775,4학년,32,경제학
165768,1학년,30,사회과학
165769,2학년,30,사회과학
165770,3학년,30,사회과학
165771,4학년,30,사회과학
165781,2학년,30,사회과학
165782,3학년,30,사회과학
165783,4학년,30,사회과학
165780,1학년,30,사회과학
165784,1학년,30,사회과학
165785,2학년,30,사회과학
165786,3학년,30,사회과학
165787,4학년,30,사회과학
165776,1학년,30,사회과학
165777,2학년,30,사회과학
165778,3학년,30,사회과학
165779,4학년,30,사회과학
165796,4학년,45,지학
165792,1학년,45,지학
165793,2학년,45,지학
165794,3학년,45,지학
164282,인문과학대학,40,자연과학
164286,국어국문학과,80,문학
164287,영어영문학과,74,영어
164288,중어중문학과,80,문학
164289,프랑스언어문화학과,43,화학
164290,일본학과,40,자연과학
165852,1학년,80,문학
165853,2학년,80,문학
165854,3학년,80,문학
165855,4학년,80,문학
165848,1학년,74,영어
165849,2학년,74,영어
165850,3학년,74,영어
165851,4학년,74,영어
165807,1학년,80,문학
165808,2학년,80,문학
165809,3학년,80,문학
165810,4학년,80,문학
165804,2학년,43,화학
165805,3학년,43,화학
165806,4학년,43,화학
165802,1학년,43,화학
165811,1학년,40,자연과학
165812,2학년,40,자연과학
165813,3학년,40,자연과학
165814,4학년,40,자연과학
164299,농학과,40,자연과학
164300,생활과학과(가정복지학),45,지학
164301,생활과학과(식품영양학),40,자연과학
164302,생활과학과(의류패션학),40,자연과학
164303,컴퓨터과학과,40,자연과학
164304,정보통계학과,31,통계
164305,보건환경학과,14,심리학
164306,간호학과,40,자연과학
164284,자연과학대학,40,자연과학
165819,1학년,40,자연과학
165820,2학년,40,자연과학
165821,3학년,40,자연과학
165822,4학년,40,자연과학
165827,1학년,45,지학
165828,2학년,45,지학
165829,3학년,45,지학
165830,4학년,45,지학
165831,1학년,40,자연과학
165832,2학년,40,자연과학
165833,3학년,40,자연과학
165834,4학년,40,자연과학
165835,1학년,40,자연과학
165836,2학년,40,자연과학
165837,3학년,40,자연과학
165838,4학년,40,자연과학
165843,1학년,40,자연과학
165844,2학년,40,자연과학
165845,3학년,40,자연과학
165846,4학년,40,자연과학
165839,1학년,31,통계
165840,2학년,31,통계
165841,3학년,31,통계
165842,4학년,31,통계
165823,1학년,14,심리학
165824,2학년,14,심리학
165825,3학년,14,심리학
165826,4학년,14,심리학
165815,1학년,40,자연과학
165816,2학년,40,자연과학
165817,3학년,40,자연과학
165818,4학년,40,자연과학
2551,만화,80,문학
134823,19금,80,문학
3747,가족만화,80,문학
4668,교양만화,80,문학
4669,시사/풍자만화,80,문학
4671,실용만화,80,문학
4670,역사만화,90,역사
4673,인문/교양,80,문학
36192,그래픽노블,80,문학
3748,논픽션/휴먼만화,80,문학
3751,대하/서사만화,80,문학
3936,동물만화,80,문학
3726,만화그리기와 읽기,80,문학
53820,기타 만화 이야기,80,문학
2559,만화비평/만화이론,80,문학
2564,만화작법/일러스트,80,문학
13972,앤디 라일리,84,영미문학
32059,모호로시 다이지로,83,일본문학
28470,니노미야 토모코,83,일본문학
15763,카미조 아츠시,83,일본문학
3736,시미즈 레이코,83,일본문학
3737,CLAMP(클램프),83,일본문학
5962,다카하시 루미코,83,일본문학
14109,아카마츠 켄,83,일본문학
14110,우스타 쿄스케,83,일본문학
12088,마츠모토 토모,83,일본문학
7736,사사키 노리코,83,일본문학
3865,아다치 미츠루,83,일본문학
3939,미야자키 하야오,83,일본문학
3745,우라사와 나오키,83,일본문학
5592,데즈카 오사무,83,일본문학
5788,야자와 아이,83,일본문학
9087,야마시타 카즈미,83,일본문학
15772,다니구치 지로,83,일본문학
15769,우미노 치카,83,일본문학
15770,아즈마 키요히코,83,일본문학
3862,이토 준지,83,일본문학
3864,하라 히데노리,83,일본문학
11955,이노우에 다케히코,83,일본문학
3997,이마 이치코,83,일본문학
32057,조석,81,한국문학
3735,강경옥,81,한국문학
13400,강풀,81,한국문학
3914,이빈,81,한국문학
9286,권교정,81,한국문학
9806,허영만,81,한국문학
14102,최규석,81,한국문학
7313,김혜린,81,한국문학
9931,박소희,81,한국문학
9915,장차현실,81,한국문학
12005,고우영,81,한국문학
3857,유시진,81,한국문학
3858,천계영,81,한국문학
3859,박희정,81,한국문학
15771,양영순,81,한국문학
3728,본격장르만화,80,문학
2556,추리/미스터리,80,문학
4132,판타지,80,문학
4133,액션 판타지,80,문학
4134,드라마틱 판타지,80,문학
4135,서사 판타지,80,문학
3313,프로의 세계,80,문학
3723,호러/스릴러,80,문학
2553,SF/가상사회,80,문학
2562,성인/성애만화,80,문학
3727,소년만화,80,문학
2558,무협,80,문학
3724,액션,80,문학
3746,청소년 성장,80,문학
2554,학원물,80,문학
3741,순정만화,80,문학
6130,그 남자들의 사랑,80,문학
3742,레이디스 코믹,80,문학
69901,루비코믹스,80,문학
3743,틴에이지 순정,80,문학
2561,스포츠만화,80,문학
3750,요리만화,80,문학
3949,유럽/서구만화,80,문학
33126,서구 만화,80,문학
33125,유럽/기타 만화,80,문학
9680,인디만화,80,문학
7443,인터넷 연재 만화,80,문학
3749,직장인만화,80,문학
69397,캐릭터상품,80,문학
150895,캐릭터 다이어리/캘린더,80,문학
69398,캐릭터 직소퍼즐,80,문학
119886,캐릭터 폰케이스,80,문학
2552,코믹/명랑만화,80,문학
798,사회과학,30,사회과학
51052,계간지/무크,30,사회과학
50999,교육학,37,교육학
51121,교육 일반,37,교육학
51117,교육 커리큘럼,37,교육학
51111,교육에세이,37,교육학
69510,교육자,37,교육학
51113,대안교육,37,교육학
51119,직업교육/사회교육,37,교육학
51050,국방/군사학,39,군사학
51396,국내외 군사사정,39,군사학
51411,국방 일반,39,군사학
51401,군사전략/무기,39,군사학
66543,군인,39,군사학
51407,전쟁사,39,군사학
51008,미래학,30,사회과학
51046,법과 생활,36,법학
51364,국제법,36,법학
51372,기타법률,36,법학
51360,노동관계법,36,법학
51356,민법,36,법학
51348,법률이야기/법조인이야기,36,법학
51359,상법/회사법,36,법학
51350,생활법률 일반,36,법학
51366,소송법,36,법학
51368,저작권법,36,법학
51369,특허/의장법,36,법학
51362,행정법,36,법학
51352,헌법,36,법학
51354,형법,36,법학
50992,비평/칼럼,30,사회과학
51068,교육비평,30,사회과학
51061,국제사회비평/칼럼,30,사회과학
51066,언론비평,30,사회과학
51064,정치비평/칼럼,30,사회과학
51059,한국사회비평/칼럼,30,사회과학
50995,사회문제,33,사회문제
51086,가정문제,33,사회문제
51078,노동문제,33,사회문제
51088,노인문제,33,사회문제
51084,범죄문제,33,사회문제
51073,빈곤/불평등문제,33,사회문제
51090,사회문제 일반,33,사회문제
51075,성차별/성폭력문제,33,사회문제
51074,인권문제,33,사회문제
51081,청소년문제,33,사회문제
51004,사회사상/사회사상사,34,정치학
51141,마르크스주의,34,정치학
51161,현대 마르크스주의,34,정치학
51162,마르크스주의 일반,34,정치학
51159,고전 마르크스주의,34,정치학
51150,민족주의,34,정치학
51145,민주주의,34,정치학
51147,사회민주주의,34,정치학
51154,사회사상/사회사상사 일반,34,정치학
51149,사회주의/공산주의,34,정치학
51144,자유주의/신자유주의,34,정치학
51152,전체주의/국가주의,34,정치학
51001,사회운동,30,사회과학
51129,노동운동,30,사회과학
51136,사회운동 일반,30,사회과학
65238,사회운동가/혁명가,30,사회과학
51131,시민운동/NGO/NPO,30,사회과학
51134,환경운동,30,사회과학
51026,사회학,33,사회문제
51314,사회과학전문사전,30,사회과학
51308,사회복지,30,사회과학
51311,사회사,30,사회과학
51304,사회학 일반,30,사회과학
51306,현대사회문화론,30,사회과학
51041,언론/미디어,30,사회과학
51346,광고/홍보,30,사회과학
51344,언론인,30,사회과학
51345,언론학/미디어론,30,사회과학
51347,출판/편집,30,사회과학
51037,여성학/젠더,30,사회과학
51341,남성학/남성문제,30,사회과학
51343,동성애/성소수자,30,사회과학
51326,여성문제,30,사회과학
51330,여성문화,30,사회과학
51333,여성인물,30,사회과학
51336,여성정책/법,30,사회과학
51338,여성학이론,30,사회과학
51016,정치학/외교학/행정학,34,정치학
51231,각국정치사정/정치사,34,정치학
51240,일본,34,정치학
51241,중국,34,정치학
51238,미국,34,정치학
51251,기타,34,정치학
51248,유럽,34,정치학
51246,아시아,34,정치학
51243,러시아,34,정치학
51224,선거전략/대통령 만들기,34,정치학
51165,세계패권과 국제질서,34,정치학
51166,외교정책/외교학,34,정치학
51217,정책/행정/조직,34,정치학
51228,정치사상사,34,정치학
51220,정치인,34,정치학
51233,정치학 일반,34,정치학
51226,지방자치,34,정치학
51011,지리학/지정학,98,여행
51163,지리학,98,여행
51164,지정학,98,여행
51048,통일/북한관계,30,사회과학
51382,북한학 일반,30,사회과학
51379,통일문제,30,사회과학
51021,한국정치사정/정치사,30,사회과학
51270,김대중정부,30,사회과학
51268,김영삼정부,30,사회과학
51274,노무현정부,30,사회과학
51266,전두환정부/노태우정부,30,사회과학
51261,제1공화국/제2공화국,30,사회과학
51263,제3공화국/제4공화국,30,사회과학
51277,한국정치사정/정치사-일반,30,사회과학
50997,환경/생태문제,30,사회과학
51094,환경문제,30,사회과학
51097,환경실태보고,30,사회과학
51101,환경학 일반,14,심리학
1,소설/시/희곡,80,문학
50930,과학소설(SF),80,문학
89481,외국 과학소설,80,문학
89482,한국 과학소설,81,문학
50922,독일소설,85,독일문학
50927,라이트 노벨,80,문학
51116,기타 라이트노벨,80,문학
88136,나비노블(Nabi Novel),80,문학
106545,노블엔진 팝(pop),80,문학
54719,노블엔진(Novel Engine),80,문학
51080,디-라이트(De-Light) 노벨,80,문학
162391,라이트노벨 관련 상품,80,문학
51107,러쉬노벨 로맨스,80,문학
121541,레진 노벨,80,문학
89171,루트 노벨,80,문학
112097,메르헨 노블,80,문학
51083,메이퀸(May-Queen) 노벨,80,문학
114691,소미미디어 문고,80,문학
111196,스위티노블,80,문학
110488,스칼렛노블,80,문학
51071,시드(Seed) 노벨,80,문학
51077,아키-타입(Arche-type),80,문학
87919,앨리스 노벨,80,문학
128346,에스큐브(SCUBE),80,문학
112098,엘르 노블,80,문학
51099,윙크(Wink) 노벨,80,문학
51102,이슈(issue) 노벨,80,문학
51070,익스트림(Extreme) 노벨,80,문학
138767,제이 노벨 넥스트(J Novel Next),80,문학
51105,제이(J) 노벨,80,문학
148769,카니발 노벨,80,문학
148770,카니발 플러스,80,문학
109725,코르셋노블(Corset Novel),80,문학
89172,파우스트 노벨,80,문학
89168,파우스트 박스,80,문학
154903,폴라리스,80,문학
89166,AK 노벨,80,문학
51114,B愛 노벨,80,문학
168549,JM 노벨,80,문학
51106,L 노벨,80,문학
130122,L 북스,80,문학
115694,MM 노블,80,문학
55624,NT library,80,문학
51069,NT(엔티) 노벨,80,문학
89167,S 노벨,80,문학
89169,V 노벨,80,문학
89170,Y 노벨,80,문학
52650,러시아소설,89,기타 제문학
50935,로맨스소설,80,문학
181723,국내 BL,80,문학
181727,국외 BL,80,문학
51126,외국 로맨스소설,80,문학
51125,한국 로맨스소설,81,한국문학
50932,무협소설,80,문학
50951,문학 잡지,80,문학
51234,기타,80,문학
51218,문학과사회,80,문학
51215,문학동네,80,문학
52653,문학사상,80,문학
51225,세계의문학,80,문학
51230,시평,80,문학
51221,실천문학,80,문학
51229,안과밖,80,문학
157672,언유주얼,80,문학
51223,자음과모음,80,문학
51227,작가세계,80,문학
51213,창작과비평,80,문학
51232,판타스틱,80,문학
52654,현대문학,80,문학
50945,문학의 이해,80,문학
51193,문예사조,80,문학
51179,문학전문사전,80,문학
51206,비교문학론,80,문학
51191,비평론,80,문학
51204,세계문학론,80,문학
51319,일본문학론,80,문학
51320,중국문학론,80,문학
51321,영미문학론,80,문학
51322,라틴문학론,80,문학
51323,러시아문학론,80,문학
51325,프랑스문학론,80,문학
51328,독일문학론,80,문학
51332,기타 세계문학론,80,문학
51186,소설론,80,문학
51190,시론,80,문학
51180,우리말사전,80,문학
51196,일반문학론,80,문학
51184,작가론,80,문학
51182,창작.문장작법,80,문학
51201,한국문학론,80,문학
51309,한국고전문학론,80,문학
51305,한국비평론,80,문학
51302,한국작가론,80,문학
51303,한국희곡론,80,문학
51300,한국시론,80,문학
51297,한국소설론,80,문학
51295,한국문학사,80,문학
51316,북한문학론,80,문학
51313,주제평론,80,문학
51198,한글이야기,80,문학
50955,세계의 문학,80,문학
51286,기타세계문학,80,문학
51265,독일문학,80,문학
51273,동유럽문학,80,문학
51267,러시아문학,80,문학
51258,미국문학,80,문학
51276,북유럽문학,80,문학
51262,스페인/중남미문학,80,문학
51269,아일랜드문학,80,문학
51284,아프리카문학,80,문학
51259,영국문학,80,문학
51282,오스트리아문학,80,문학
51271,이탈리아문학,80,문학
51278,인도문학,80,문학
51255,일본문학,80,문학
51256,중국문학,80,문학
51280,중동/터키문학,80,문학
51264,포르투갈문학,80,문학
51260,프랑스문학,80,문학
50925,세계의 소설,80,문학
51055,기타 국가 소설,80,문학
51036,동유럽소설,80,문학
51032,북유럽소설,80,문학
52652,아일랜드소설,80,문학
51044,아프리카소설,93,지리
51023,이탈리아소설,80,문학
51040,중동/터키소설,80,문학
50920,스페인/중남미소설,80,문학
50940,시,80,문학
69256,고전漢詩,80,문학
51170,명시모음집,80,문학
51169,시읽기산책,80,문학
51172,시조집,80,문학
51173,시화집,80,문학
51168,외국시,80,문학
51171,유고시집,80,문학
51167,한국시,80,문학
50942,신춘문예작품집,80,문학
50933,액션/스릴러소설,80,문학
51252,여성문학,80,문학
50929,역사소설,90,역사
50919,영미소설,80,문학
50943,우리나라 옛글,80,문학
51175,산문,80,문학
51177,시가,80,문학
50918,일본소설,80,문학
50996,1950년대 이전 일본소설,80,문학
50998,1950년대 이후 일본소설,80,문학
50923,중국소설,80,문학
50926,추리/미스터리소설,80,문학
51067,기타국가 추리/미스터리소설,80,문학
51062,영미 추리/미스터리소설,80,문학
51058,일본 추리/미스터리소설,80,문학
51065,한국 추리/미스터리소설,80,문학
50953,테마문학,80,문학
51237,가족문학,80,문학
51245,대체역사/가상소설,90,역사
51244,동물이야기,80,문학
51242,드라마 소설,80,문학
51250,사랑/연애/에로티시즘,80,문학
51235,성장문학,80,문학
51247,어른들을 위한 그림책,80,문학
51236,어른들을 위한 동화,80,문학
51239,영화소설,80,문학
51253,전쟁문학,80,문학
50928,판타지/환상문학,80,문학
51120,외국판타지/환상소설,80,문학
51122,한국판타지/환상소설,80,문학
50921,프랑스소설,80,문학
50917,한국소설,80,문학
50994,2000년대 이전 한국소설,80,문학
50993,2000년대 이후 한국소설,80,문학
50931,호러.공포소설,80,문학
50948,희곡,80,문학
51212,외국희곡,80,문학
51210,한국희곡,80,문학
1383,수험서/자격증,37,교육학
34582,공무원 수험서,37,교육학
34612,7/9급 기본서 및 부교재,37,교육학
34613,기출/문제집/모의고사,37,교육학
34625,7/9급 기본서,74,영어
34626,단어/문법/독해 외,74,영어
34628,기출/문제/모의고사,74,영어
34629,7/9급 교재,90,역사
34630,강의노트/기타,90,역사
34631,기출/문제집/모의고사,37,교육학
34632,7/9급 교재,37,교육학
34633,기출/문제집/모의고사,37,교육학
34634,조문/판례/법령/기타,36,법학
34635,7/9급 교재,35,행정학
34636,기출/문제집/모의고사,35,행정학
34637,강의노트/기타,35,행정학
34610,교육학개론 및 기본서,37,교육학
34611,기출/모의고사,37,교육학
37033,기타법,36,법학
34617,헌법,36,법학
34618,세법,36,법학
34619,관세법,36,법학
34620,국제법,36,법학
34621,민법,36,법학
34622,민사소송법,36,법학
34623,형법,36,법학
34624,형사소송법,36,법학
34638,경제학,32,경제학
34639,회계학,32,경제학
35750,디자인직,60,예술
36957,검찰직,37,교육학
34925,기계직,37,교육학
34595,전산직,37,교육학
34596,농업/농촌지도직,37,교육학
34597,철도직/공단,37,교육학
34598,세무직/관세직,37,교육학
34599,법원직,37,교육학
34600,사회복지직,37,교육학
34601,기타,37,교육학
34602,시/도 지방직,37,교육학
34603,교육행정직,37,교육학
34604,교정직,37,교육학
36167,출입국관리직,37,교육학
34609,건축직,37,교육학
48308,행정직,37,교육학
140176,7/9급 공무원,37,교육학
75373,7/9급 기본서 및 부교재,41,수학
75374,기출/모의고사,41,수학
75556,7/9급 기본서 및 부교재,40,자연과학
75557,기출/모의고사,40,자연과학
34583,국어,37,교육학
34584,영어,74,영어
34585,한국사,90,역사
34586,행정법,37,교육학
34587,행정학,35,행정학
34588,교육학,37,교육학
34589,법학,36,법학
34590,회계학/경제학,32,경제학
34592,직군별 문제집,37,교육학
75555,과학,40,자연과학
75372,수학,41,수학
80108,사회,37,교육학
80228,기출/모의고사,37,교육학
80109,7/9급 기본서 및 부교재,37,교육학
140196,보건직,37,교육학
140197,국회직,37,교육학
123343,간호직,37,교육학
140194,8급 공무원,37,교육학
34608,경찰공무원(승진),37,교육학
140200,경찰승진,37,교육학
140201,경찰학개론,37,교육학
140202,형법,37,교육학
140203,형사소송법,37,교육학
140204,경찰수사,37,교육학
140205,경찰영어,74,영어
140206,경찰한국사,90,역사
140207,해양경찰,37,교육학
140208,기타 과목,37,교육학
140199,면접,37,교육학
52055,가이드북/수기,37,교육학
34591,공무원 면접/수기,37,교육학
36960,보건/사서/상담교사,37,교육학
34726,교육학,37,교육학
34727,중등 전공,37,교육학
34728,초등교육과정,37,교육학
34729,유아교육과정,37,교육학
34730,논술/면접/강사직,37,교육학
35943,한국어교육능력검정시험,71,한국어
36822,특수교육,37,교육학
34697,교원임용시험,37,교육학
34605,군무원/부사관,37,교육학
140198,기능직,37,교육학
123344,계리직,37,교육학
123342,운전직,37,교육학
34640,기능직 일반직 전환,37,교육학
36286,기술직,37,교육학
34927,소방공무원(승진),37,교육학
140209,소방승진,37,교육학
140210,소방학개론,37,교육학
140211,소방관계법규,37,교육학
140212,기타 과목,37,교육학
182841,역량평가,37,교육학
34690,공인중개사/주택관리사,37,교육학
34691,공인중개사 1차,37,교육학
34692,공인중개사 2차,37,교육학
34693,공인중개사 문제집/모의고사/세트/기타,37,교육학
34694,주택관리사 1차,37,교육학
34695,주택관리사 2차,37,교육학
34696,주택관리사 문제집/모의고사/세트/기타,37,교육학
178951,국가기술자격,37,교육학
187783,가이드북,37,교육학
178954,건설기계 운전,37,교육학
179006,굴삭기운전기능사,99,전기
179007,기중기운전기능사,99,전기
179008,로더운전기능사,99,전기
179009,롤러운전기능사,99,전기
179010,불도저운전기능사,99,전기
179011,지게차운전기능사,99,전기
179012,천공기운전기능사,99,전기
179013,천장크레인운전기능사,99,전기
179014,컨테이너크레인운전기능사,99,전기
179015,타워크레인운전기능사,99,전기
179027,배관기능사,37,교육학
179028,배관기능장,37,교육학
178955,건설배관,37,교육학
178956,건축,37,교육학
179029,건축/산업기사,37,교육학
179030,건축구조기술사,37,교육학
179031,건축기계설비기술사,37,교육학
179032,건축설비/산업기사,37,교육학
179033,건축시공기술사,37,교육학
179034,실내건축기능사,37,교육학
179035,실내건축/산업기사,37,교육학
179036,전산응용건축제도기능사,37,교육학
179037,건축 기타,37,교육학
182401,"비서(1,2,3급)",37,교육학
179038,사회조사분석사,37,교육학
179039,컨벤션기획사,37,교육학
179040,소비자전문상담사,37,교육학
178957,경영,37,교육학
178958,금속.재료,37,교육학
179041,금속재료기능,37,교육학
179042,압연기능,37,교육학
179043,열처리기능,37,교육학
179044,제강기능,37,교육학
179045,제선기능,37,교육학
179046,금형기능사,37,교육학
179047,사출금형,37,교육학
179048,프레스금형,37,교육학
178959,금형.공작기계,37,교육학
178960,기계장비 설비.설치,37,교육학
179049,건설기계,37,교육학
179050,건설기계정비,37,교육학
179051,공조냉동기계,37,교육학
179052,기계정비,37,교육학
179053,농기계,37,교육학
179054,생산자동화,37,교육학
179055,승강기,37,교육학
179056,설비보전,37,교육학
179057,기계장비 기타,37,교육학
179058,공유압기능사,37,교육학
179059,기계가공,37,교육학
179060,기계설계/산업기사,37,교육학
179061,기계조립산업기사,37,교육학
179062,전산응용기계제도기능사,37,교육학
179063,정밀측정,37,교육학
179064,컴퓨터응용,53,공학
185114,일반기계,37,교육학
178961,기계제작,37,교육학
178962,농업,37,교육학
179065,원예기능사,37,교육학
179066,유기농업기사,37,교육학
179067,종자기사,37,교육학
179068,화훼장식,37,교육학
179069,원형기능사,37,교육학
179070,주조기능사,37,교육학
179071,주조기능장,37,교육학
178963,단조.주조,37,교육학
178964,도시.교통,37,교육학
179072,교통기사,37,교육학
179073,도시계획,37,교육학
179074,표면처리기능사,37,교육학
178965,도장.도금,37,교육학
178966,디자인,60,예술
179075,시각디자인/산업기사,60,예술
179076,웹디자인기능사,60,예술
179077,제품디자인/산업기사,60,예술
179078,컬러리스트/산업기사,60,예술
179079,컴퓨터그래픽스운용기능사,53,공학
179080,제품응용모델링기능사,60,예술
179081,가구제작/목공예기능사,37,교육학
179082,보석감정/귀금속가공,37,교육학
178967,목재.가구.공예,37,교육학
178968,보건.의료,37,교육학
179083,국제의료관광코디네이터,37,교육학
179084,임상심리사,37,교육학
179085,방사선비파괴검사,37,교육학
179086,자기비파괴검사,37,교육학
179087,초음파비파괴검사,37,교육학
179088,침투비파괴검사,37,교육학
178969,비파괴검사,37,교육학
179002,빅데이터,37,교육학
179181,빅데이터분석기사,37,교육학
179089,직업상담사,20,종교
178970,사회복지.종교,20,종교
178971,생산관리,37,교육학
179090,공장관리기술사,37,교육학
179091,품질경영/산업기사,37,교육학
179092,의류/패션디자인산업기사,60,예술
178972,섬유,37,교육학
178973,스포츠,37,교육학
179093,스포츠경영관리사,37,교육학
179094,식품/산업기사,37,교육학
179095,식품 기타,37,교육학
178974,식품,37,교육학
178975,안전관리,37,교육학
182980,소방기술사,37,교육학
179096,가스기능사/기사/산업기사,37,교육학
179097,건설안전,37,교육학
179098,기계안전기술사,99,전기
179099,농작업안전보건기사,37,교육학
179100,방재기사,37,교육학
179101,산업안전/산업기사,37,교육학
179102,산업위생관리,37,교육학
179103,소방설비기사,37,교육학
179104,인간공학기사,53,공학
179105,전기안전기술사,99,전기
179106,화공안전기술사,99,전기
179107,화재감식평가/산업기사,37,교육학
179108,수산양식/산업기사,37,교육학
178976,어업,37,교육학
178977,에너지.기상,37,교육학
179109,기상/감정기사,37,교육학
179110,신재생에너지발전설비,37,교육학
179111,에너지관리,37,교육학
179112,텔레마케팅관리사,37,교육학
178978,영업.판매,37,교육학
178979,용접,37,교육학
179113,용접/산업기사,37,교육학
179114,용접기능장,37,교육학
179115,특수/용접기능사,37,교육학
179116,용접기술사,37,교육학
179117,농기계운전기능사,99,전기
179118,철도운송산업기사,37,교육학
178980,운전.운송,37,교육학
178981,위험물,37,교육학
179119,위험물기능사,37,교육학
179120,위험물기능장,37,교육학
179121,세탁기능사,37,교육학
179122,양장기능사,37,교육학
179123,패션디자인산업기사,60,예술
179124,기타 의복,37,교육학
178982,의복,37,교육학
178983,이용.미용,37,교육학
187386,문신사(반영구화장사),37,교육학
179125,미용사,37,교육학
179126,이용사,37,교육학
179127,사진기능사,37,교육학
178984,인쇄.사진,37,교육학
178985,임업,37,교육학
179128,버섯산업/종균,37,교육학
179129,산림기사,37,교육학
179130,식물보호기사,37,교육학
179132,자동차 기타,37,교육학
179131,자동차정비,37,교육학
178986,자동차,37,교육학
178987,전기,99,전기
185420,전기응용기술사,99,전기
181324,전기기능사/기사/산업기사,99,전기
179133,건축전기설비기술사,99,전기
179134,발송배전기술사,99,전기
179135,전기공사,99,전기
179136,전기철도/신호기사,99,전기
183100,반도체장비유지보수기능사,37,교육학
179137,전자/캐드기사,37,교육학
179138,3D프린터개발,37,교육학
179139,반도체설계기사,37,교육학
179140,의공/의료전자기사,37,교육학
179141,전자계산기,37,교육학
179142,광학기기산업기사,37,교육학
178988,전자,37,교육학
179001,전자상거래,37,교육학
179179,전자상거래관리사,37,교육학
179180,전자상거래운용사,37,교육학
178989,정보기술,37,교육학
179143,사무자동화산업기사,37,교육학
179144,정보처리/관리,37,교육학
179145,정보기기운용기능사,37,교육학
179146,컴퓨터시스템응용기술사,53,공학
179147,떡제조기능사,37,교육학
179148,제과/제빵기능사,37,교육학
178990,제과.제빵,37,교육학
178991,조경,37,교육학
179183,조경기능사,37,교육학
179184,조경/산업기사,37,교육학
179185,조경기술사,37,교육학
179149,양식조리기능사,37,교육학
179150,일식/복어조리기능사,37,교육학
179151,중식조리기능사,37,교육학
179152,한식조리기능사,37,교육학
179153,조주기능사,37,교육학
178992,조리,37,교육학
178993,채광,37,교육학
179154,화약류관리기사,37,교육학
179155,축산/산업기사,37,교육학
178994,축산,37,교육학
178995,토목,37,교육학
179156,건설재료시험,37,교육학
179157,도로및공항기술사,37,교육학
179158,상하수도기술사,37,교육학
179159,전산응용토목제도기능사,37,교육학
179160,지적기능사/기사/산업기사,37,교육학
179161,콘크리트/산업기사,37,교육학
179162,토목기능사/기사/산업기사,37,교육학
179163,측량기능사,37,교육학
179164,토목 기타,37,교육학
181859,측량및지형공간정보,37,교육학
179165,플라스틱창호기능사,37,교육학
178996,판금.제관.새시,37,교육학
178997,항공,37,교육학
179166,항공산업기사,37,교육학
179167,항공정비기능사,37,교육학
179168,바이오화학제품제조기사,43,화학
179169,화공기사,37,교육학
179170,화학분석,43,화학
178998,화공,37,교육학
178999,환경,37,교육학
179171,대기관리,37,교육학
179172,수질관리,37,교육학
179173,온실가스관리,37,교육학
179174,환경기능사,37,교육학
179175,자연생태복원기사,37,교육학
179176,폐기물처리/산업기사,37,교육학
179177,소음.진동기사,37,교육학
186826,생물분류기사,37,교육학
179178,전산회계운용사,32,경제학
179000,회계,32,경제학
178952,국가전문자격,37,교육학
179187,가맹거래사,37,교육학
179189,가축인공수정사,37,교육학
179190,간호/조무사,37,교육학
179191,감정평가사,37,교육학
179192,건강운동관리사,69,오락/스포츠
179193,건축물에너지평가사,37,교육학
179194,건축사,37,교육학
181779,검수사,37,교육학
179195,경비지도사,37,교육학
179196,경영지도사,37,교육학
179197,공경매사,37,교육학
179198,공인노무사,37,교육학
179199,공인회계사,32,경제학
179200,관광통역안내사,37,교육학
179201,관세사,37,교육학
179202,교통안전관리자,37,교육학
179203,국내여행안내사,37,교육학
179204,기관사,37,교육학
179205,기술지도/행정사,37,교육학
179206,기업재난관리사,37,교육학
179207,나무의사,37,교육학
179208,농산물품질관리사,37,교육학
179209,동력수상레저기구조종면허,37,교육학
188585,동물보건사,37,교육학
181661,맞춤형화장품조제관리사,37,교육학
179210,문화재수리기술자,37,교육학
179211,물류관리사,37,교육학
179212,물리치료사,37,교육학
179213,방사선사,37,교육학
179214,버스운전자,37,교육학
179215,법무사,37,교육학
179216,변리사,37,교육학
179217,보건의료정보관리사,37,교육학
179218,보세사,37,교육학
179219,보조공학사,53,공학
179220,보험사,37,교육학
179221,사회복지사,37,교육학
179222,산림치유지도사,37,교육학
179223,산업보건지도사,37,교육학
179224,산업안전지도사,37,교육학
179225,세무사,37,교육학
179226,소방시설관리사,37,교육학
179227,소방안전관리자,37,교육학
179228,소방안전교육사,37,교육학
179229,소형선박조종사,37,교육학
179230,손해사정사,37,교육학
179231,손해평가사,37,교육학
179232,수면비행선박조종사,37,교육학
184084,수산물산지경매사,37,교육학
179233,수산물품질관리사,37,교육학
182272,수산부류경매사,37,교육학
179234,스포츠지도사,37,교육학
179235,안경사,37,교육학
179236,언어재활사,70,언어
179237,영양사,37,교육학
179238,요양보호사,37,교육학
179239,운송용조종사,37,교육학
179240,운항사,37,교육학
179241,위생사,37,교육학
179242,유통관리사,37,교육학
179243,응급구조사,37,교육학
184686,의료기기RA전문가,37,교육학
182504,의사,37,교육학
179244,임상병리사,37,교육학
179245,자가용조종사,37,교육학
179246,자동차운전면허,37,교육학
179247,작업치료사,37,교육학
179248,장애인재활상담사,37,교육학
179249,전문상담교사,37,교육학
179250,정수시설운영관리사,37,교육학
179251,정신건강,37,교육학
179252,주택관리사보,37,교육학
179253,철도차량운전면허,37,교육학
179254,청소년상담/지도사,37,교육학
179256,초경량비행장치조종자(드론),37,교육학
179255,치과위생/기공사,37,교육학
179257,택시운전자격,37,교육학
179258,평생교육사,37,교육학
179259,학예사,37,교육학
179260,한국어교육능력검정시험,71,한국어
179261,항공교통,37,교육학
179262,항해사,37,교육학
179263,행정사,37,교육학
179264,호텔경영사,37,교육학
179265,화물운송종사자,37,교육학
179266,환경영향평가사,37,교육학
179267,환경측정분석사,37,교육학
182299,귀화시험,37,교육학
36562,매경 TEST,37,교육학
178953,민간자격,37,교육학
181762,건강보험청구관리사,37,교육학
179283,경제이해력검증시험(TESAT),37,교육학
188246,공인원가분석사,37,교육학
179284,국어능력인증시험,37,교육학
184970,국제무역사,90,역사
179285,그래픽기술자격(GTQ),37,교육학
184142,금융투자분석사,37,교육학
179286,기계설계제도사,37,교육학
182331,기술신용평가사,37,교육학
179287,네트워크관리사,37,교육학
185067,농어촌개발컨설턴트,37,교육학
179288,데이터분석,37,교육학
179289,데이터아키텍처(DAP),37,교육학
179290,도로교통사고감정사,37,교육학
187103,동물매개심리상담사,37,교육학
179291,디지털정보활용능력(DIAT),37,교육학
179292,매경TEST,37,교육학
179293,무역영어,74,영어
179294,문서실무사,37,교육학
181679,반려견스타일리스트,37,교육학
188798,반려동물수제간식전문가,37,교육학
182238,베이비시터,37,교육학
179295,병원행정사,37,교육학
188074,산림경영지도원,37,교육학
184149,상담심리사,37,교육학
188245,새분류,37,교육학
179296,샵마스터,37,교육학
183049,서비스 전문강사(CPSI),37,교육학
183382,서비스경영자격(SMAT),37,교육학
179297,세무회계,32,경제학
179298,신용관리사,37,교육학
179299,신용분석사(CCA),37,교육학
187387,신용상담사,37,교육학
179300,실용한자,37,교육학
179301,여신심사역(CLO),37,교육학
179302,외환전문역(CFES),37,교육학
184832,원산지관리사,37,교육학
182188,은행텔러,37,교육학
183201,음향전문사,37,교육학
179303,인터넷정보관리사,37,교육학
179304,자동차진단평가사,37,교육학
179305,자산관리사(FP),37,교육학
179306,재경관리사(CAM),37,교육학
184799,재무위험관리사,32,경제학
179307,전산세무회계,32,경제학
179308,정보기술자격(ITQ),53,공학
179309,정보기술프로젝트관리전문가(IT-PMP),53,공학
179310,정보보호전문가(SIS),37,교육학
179311,정보시스템감리사,37,교육학
179312,종이접기마스터,37,교육학
181388,증권투자권유자문인력/증권투자권유대행인,37,교육학
179313,지식재산능력시험,37,교육학
184659,창업보육전문매니저,32,경제학
181885,커피 바리스타,37,교육학
179314,컴퓨터운용사,53,공학
182829,탐정사,37,교육학
181648,투자자산운용사,37,교육학
181758,파생상품투자권유자문인력,37,교육학
179315,패션스타일리스트,37,교육학
181387,펀드투자권유대행인/펀드투자권유자문인력,37,교육학
179316,한국실용글쓰기검정,37,교육학
179317,한자.한문지도사,37,교육학
179318,행정관리사,37,교육학
179319,회계관리,32,경제학
183687,AFPK/CFP,37,교육학
179270,"AT자격시험(FAT,TAT)",37,교육학
188225,BIM 운용전문가,37,교육학
179271,CS Leaders(관리사),37,교육학
179272,ERP물류정보관리사,37,교육학
179273,ERP생산정보관리사,37,교육학
179274,ERP인사정보관리사,37,교육학
179275,ERP회계정보관리사,32,경제학
179276,E-TEST Professionals,37,교육학
179277,FLEX (한국외대),37,교육학
181403,GMP/밸리데이션기술인,37,교육학
182096,IFRS관리사,37,교육학
179278,KBS한국어능력시험,71,한국어
179279,"RFID기술자격검정(RFID-GL, RFID-SL)",37,교육학
179280,SQL,37,교육학
179281,TEPS영어능력검정,74,영어
179282,YBM商務漢檢,37,교육학
34921,운전면허,37,교육학
34700,인문/사회/법(고등고시),37,교육학
50762,고시 가이드북,37,교육학
34771,법무사,37,교육학
157809,변호사시험,37,교육학
34786,헌법,37,교육학
34787,형법,37,교육학
34789,민사소송법,37,교육학
34790,상법,37,교육학
34791,행정법,37,교육학
34792,형사소송법,37,교육학
54742,노동법,37,교육학
157810,국제법,37,교육학
157811,국제거래법,37,교육학
157812,조세법,37,교육학
157813,지적재산권법,37,교육학
157814,경제법,37,교육학
157815,환경법,37,교육학
34719,민법,37,교육학
34774,수험법전,37,교육학
34704,취업/상식/적성,32,경제학
34891,공사 공단 수험서,32,경제학
142101,한국전력공사,32,경제학
142102,한국철도공사,32,경제학
142103,한국토지주택공사,32,경제학
142104,서울교통공사,32,경제학
142105,한국도로공사,32,경제학
142106,근로복지공단,32,경제학
142107,한국농어촌공사,32,경제학
142108,한국수자원공사,32,경제학
142109,한국가스공사,32,경제학
142110,인천국제공항공사,32,경제학
142111,한국공항공사,32,경제학
142112,한국자산관리공사,32,경제학
142113,한국관광공사,32,경제학
142114,국민연금공단,32,경제학
142115,한국수력원자력,32,경제학
142116,건강보험심사평가원,32,경제학
35645,국민건강보험공단,32,경제학
36055,부산교통공사,32,경제학
52279,기타,32,경제학
48440,농협,32,경제학
48441,기타,32,경제학
48442,대한항공 KALSAT,32,경제학
48443,두산 DCAT,32,경제학
48444,은행/금융/언론사,32,경제학
48445,이랜드,32,경제학
48446,한화 HAT,32,경제학
48447,현대기아자동차,32,경제학
48448,CJ,32,경제학
48450,KT,32,경제학
48451,LG RPST,32,경제학
48452,SK,32,경제학
48453,STX SCCT,32,경제학
36025,GSAT(SSAT),32,경제학
120714,NCS,32,경제학
34892,기업 적성검사,32,경제학
36923,시사/상식,32,경제학
64312,월간 이슈&상식,32,경제학
36922,취업 면접/자기소개서,32,경제학
50734,취업 정보,32,경제학
35777,컴퓨터 활용능력,53,공학
35778,사무자동화,53,공학
35779,신규 자격증/자격증 기타,53,공학
35780,워드프로세서,53,공학
35797,워드프로세서 실기,53,공학
35798,워드프로세서 필기,53,공학
35781,웹디자인 기능사,60,예술
35782,인터넷정보관리사,53,공학
35783,전자상거래,53,공학
35784,정보기기/정보통신,53,공학
35785,정보처리기능사,53,공학
35786,정보처리기사,53,공학
35787,정보처리산업기사,53,공학
50696,정보처리기술사,53,공학
36892,정보처리,53,공학
35788,컬러리스트,53,공학
35789,컴퓨터그래픽스,53,공학
35790,컴퓨터활용능력,53,공학
35799,컴퓨터활용능력 실기,53,공학
35800,컴퓨터활용능력 필기,53,공학
35791,CCNA/CCNP,53,공학
90023,DIAT,53,공학
36133,GTQ,53,공학
35792,ITQ,53,공학
35793,MCP/MCSE,53,공학
35794,MOS/MCAS,53,공학
35795,Oracle OCA/OCP,53,공학
35796,SCJP,53,공학
34705,편입/검정고시/독학사,37,교육학
34898,고입검정,37,교육학
34899,고졸/대입검정,37,교육학
34896,대학편입,37,교육학
34897,독학사,37,교육학
34915,경영학과,32,경제학
34916,교양공통,37,교육학
34917,국어국문학과,80,문학
34918,법학과,36,법학
34919,영어영문학과,74,영어
52308,기타,37,교육학
50761,간호학과,37,교육학
34923,중입검정,37,교육학
34894,한국사능력검정시험,37,교육학
166524,"기본(4,5,6급)",37,교육학
166525,"심화(1,2,3급)",37,교육학
34895,한국어능력검정시험,71,한국어
117990,한자시험,37,교육학
35641,상공회의소 한자시험,37,교육학
48489,한자능력검정시험,37,교육학
35643,한자자격시험,37,교육학
85532,한중일한자시험(TOCK),37,교육학
34723,LEET:법학적성시험,36,법학
34903,기출/모의고사,36,법학
34902,논술,36,법학
34904,로스쿨 기타,36,법학
34900,언어이해,70,언어
34901,추리논증,36,법학
34724,MEET&DEET&PEET,37,교육학
34934,문제집/기타,37,교육학
34906,생물(자연과학추론1),40,자연과학
34905,언어추론/공간추론,70,언어
34908,"자연과학추론2 (화학,물리,통계)",40,자연과학
34725,PSAT (행정고시),37,교육학
34914,기출/모의고사,37,교육학
34913,상황판단,37,교육학
34911,언어논리,70,언어
34912,자료해석,37,교육학
34942,TESAT,37,교육학
1108,어린이,37,교육학
139408,게임 만화/캐릭터도감,80,문학
48809,과학/수학/컴퓨터,41,수학
48867,과학 일반,41,수학
48868,과학자,41,수학
48869,생물과 생명,41,수학
49609,우리 몸,41,수학
48870,지구와 우주,41,수학
48871,초등 수학,41,수학
128216,컴퓨터와 코딩,41,수학
48872,환경 이야기,41,수학
48806,교과서 수록도서,37,교육학
48854,1학년,37,교육학
132636,2학기(2013~2016학년도),37,교육학
132634,1학기(2013~2016학년도),37,교육학
132500,1학기(2017~2020학년도),37,교육학
132501,2학기(2017~2020학년도),37,교육학
132504,국어 가,37,교육학
132505,국어 나,37,교육학
132506,국어 활동,37,교육학
137454,국어 가,37,교육학
137455,국어 나,37,교육학
137456,국어 활동,37,교육학
132661,국어 가,37,교육학
132662,국어 나,37,교육학
132663,국어활동 가,37,교육학
132664,국어활동 나,37,교육학
132665,통합 가족1,37,교육학
132666,통합 봄1,37,교육학
132667,통합 여름1,37,교육학
132668,통합 학교1,37,교육학
132673,통합 가을1,37,교육학
132674,통합 겨울1,37,교육학
132675,통합 우리나라1,37,교육학
132676,통합 이웃1,37,교육학
132669,국어 가,37,교육학
132670,국어 나,37,교육학
132671,국어활동 가,37,교육학
132672,국어활동 나,37,교육학
132685,국어 가,37,교육학
132686,국어 나,37,교육학
132687,국어활동 가,37,교육학
132688,국어활동 나,37,교육학
132689,통합 가을2,37,교육학
132690,통합 겨울2,37,교육학
132691,통합 우리나라2,37,교육학
132692,통합 이웃2,37,교육학
132677,국어 가,37,교육학
132678,국어 나,37,교육학
132679,국어활동 가,37,교육학
132680,국어활동 나,37,교육학
132681,통합 가족2,37,교육학
132682,통합 봄2,37,교육학
132683,통합 여름2,37,교육학
132684,통합 학교2,37,교육학
132507,국어 가,37,교육학
132508,국어 나,37,교육학
132509,국어 활동,37,교육학
137457,국어 가,37,교육학
137458,국어 나,37,교육학
137459,국어 활동,37,교육학
132635,1학기(2013~2016학년도),37,교육학
132637,2학기(2013~2016학년도),37,교육학
132502,1학기(2017~2020학년도),37,교육학
132503,2학기(2017~2020학년도),37,교육학
48855,2학년,37,교육학
48856,3학년,37,교육학
148567,2학기(2018~2020학년도),37,교육학
132638,1학기(2014~2017학년도),37,교육학
132639,2학기(2014~2017학년도),37,교육학
141955,1학기(2018~2020학년도),37,교육학
106775,국어 가,37,교육학
106776,국어 나,37,교육학
106777,국어활동 나,37,교육학
106778,국어활동 가,37,교육학
111866,국어활동 가,37,교육학
111867,국어활동 나,37,교육학
111864,국어 가,37,교육학
111865,국어 나,37,교육학
141957,국어 가,37,교육학
141958,국어 나,37,교육학
141959,국어 활동,37,교육학
148569,국어 가,37,교육학
148570,국어 나,37,교육학
148571,국어 활동,37,교육학
148572,국어 가,37,교육학
148573,국어 나,37,교육학
148574,국어 활동,37,교육학
141960,국어 가,37,교육학
141961,국어 나,37,교육학
141962,국어 활동,37,교육학
106779,국어 가,37,교육학
106780,국어활동 가,37,교육학
106781,국어 나,37,교육학
106782,국어활동 나,37,교육학
111868,국어 가,37,교육학
111869,국어 나,37,교육학
111870,국어활동 가,37,교육학
111871,국어활동 나,37,교육학
148568,2학기(2018~2020학년도),37,교육학
132640,1학기(2014~2017학년도),37,교육학
132641,2학기(2014~2017학년도),37,교육학
141956,1학기(2018~2020학년도),37,교육학
48857,4학년,37,교육학
48858,5학년,37,교육학
159963,2학기(2019~2020학년도),37,교육학
154597,1학기(2019~2020학년도),37,교육학
132642,1학기(2015~2018학년도),37,교육학
132643,2학기(2015~2018학년도),37,교육학
115746,국어 가,37,교육학
115747,국어 나,37,교육학
115748,국어활동 가,37,교육학
115749,국어활동 나,37,교육학
120676,국어 가,37,교육학
120677,국어 나,37,교육학
120678,국어활동 가,37,교육학
120679,국어활동 나,37,교육학
159965,국어 가,37,교육학
159966,국어 나,37,교육학
154599,국어 가,37,교육학
154600,국어 나,37,교육학
154601,국어 가,37,교육학
154602,국어 나,37,교육학
159967,국어 가,37,교육학
159968,국어 나,37,교육학
115750,국어 가,37,교육학
115751,국어 나,37,교육학
115752,국어활동 가,37,교육학
115753,국어활동 나,37,교육학
120680,국어 가,37,교육학
120681,국어 나,37,교육학
120682,국어활동 가,37,교육학
120683,국어활동 나,37,교육학
159964,2학기(2019~2020학년도),37,교육학
132644,1학기(2015~2018학년도),37,교육학
132645,2학기(2015~2018학년도),37,교육학
154598,1학기(2019~2020학년도),37,교육학
48859,6학년,37,교육학
48810,동화/명작/고전,80,문학
48873,가족 이야기,80,문학
48874,국내창작동화,80,문학
48875,세계명작,80,문학
48876,어린이를 위한 고전,80,문학
49220,역사동화,90,역사
48877,외국창작동화,80,문학
48878,학교 이야기,80,문학
49223,학습동화,80,문학
53065,희곡,80,문학
48812,문화/예술/인물,60,예술
48897,다문화 이야기,60,예술
48898,미술관/박물관,60,예술
48900,세계문화,60,예술
48899,세계인물,60,예술
48901,여성인물,60,예술
51820,음악/미술/예체능,67,음악(음반)
51822,직업의 세계,60,예술
48902,한국인물,60,예술
48903,한국전통문화,60,예술
53066,희곡,60,예술
48813,사회/역사/철학,10,철학
89740,사회 일반,10,철학
48905,세계사,10,철학
48910,신화/종교,20,종교
48907,인권/평등,10,철학
48908,전쟁/평화 이야기,10,철학
48909,정치/경제/법,10,철학
48911,지리/지도책,98,여행
48912,철학,10,철학
48913,통일을 생각해요,10,철학
48814,아동 문학론,80,문학
48914,아동 문학 일반,80,문학
48915,창작,80,문학
48916,평론,80,문학
48815,어린이 사전/도감,37,교육학
48917,국어사전,37,교육학
48918,기타 사전,37,교육학
48919,도감,37,교육학
48920,백과사전,3,
48921,세밀화 도감,37,교육학
48922,영영사전,37,교육학
48923,영한사전,37,교육학
48951,우리말 사전,37,교육학
48924,한자사전,37,교육학
48817,어린이 영어,74,영어
48927,독해/작문/일기,74,영어
48928,말하기/듣기,74,영어
48929,미국 교과서,74,영어
48930,어휘/단어,74,영어
48931,영문법,74,영어
49222,영어동화/영어만화,74,영어
48932,영어일반,74,영어
48933,초등 영어사전,74,영어
48934,CD 포함 도서,74,영어
48935,TOSEL,74,영어
48937,동화,37,교육학
48938,위인전집,37,교육학
48939,학습,37,교육학
49179,어린이 중국어,72,동양어
48819,어린이 한자,37,교육학
48940,사자성어/고사성어,37,교육학
48941,학습만화,80,문학
48942,한자능력검정시험,37,교육학
48943,한자학습 일반,37,교육학
48820,책읽기/글쓰기,37,교육학
48944,글쓰기 일반,37,교육학
48945,논리/논술,37,교육학
48946,독후감,37,교육학
48947,일기,37,교육학
48948,책읽기,37,교육학
48808,초등 전학년,37,교육학
48861,그림책,37,교육학
48862,동시/동요,37,교육학
48863,동화/명작/고전,80,문학
48896,성(性) 이야기,37,교육학
89704,아동문학론,80,문학
48864,어린이 한자,37,교육학
48865,어린이가 쓴 책,37,교육학
89705,어린이영어,74,영어
49224,학습만화,80,문학
51815,학습일반,37,교육학
48904,초등 한국사,90,역사
48803,초등1~2학년,37,교육학
54856,1학년 입학 준비,37,교육학
48822,과학/수학/사회,41,수학
48824,그림책,37,교육학
48825,동화/명작/고전,80,문학
48826,문화/예술/인물,60,예술
48827,상식/교양,37,교육학
48828,자기계발,32,경제학
48829,책읽기/글쓰기,37,교육학
48830,초등 영어,74,영어
48831,학습만화,80,문학
48804,초등3~4학년,37,교육학
48834,과학/수학/사회,41,수학
48837,동화/명작/고전,80,문학
48838,문화/예술/인물,60,예술
48839,상식/교양,37,교육학
48840,자기계발,32,경제학
48841,책읽기/글쓰기,37,교육학
48842,초등 영어,74,영어
48843,학습만화,80,문학
48805,초등5~6학년,37,교육학
48844,과학/수학/사회,41,수학
48846,동화/명작/고전,80,문학
48847,문화/예술/인물,60,예술
48848,상식/교양,37,교육학
48849,자기계발,32,경제학
48850,중학교 선행 학습,37,교육학
48851,책읽기/글쓰기,37,교육학
48852,초등 영어,74,영어
48853,학습만화,80,문학
112080,학습만화,80,문학
48821,TV/만화/영화,80,문학
49995,만화 일반,80,문학
48949,영화 개봉작,80,문학
48950,TV 방영작,80,문학
55889,에세이,80,문학
51392,노년을 위한 에세이,80,문학
51380,독서에세이,80,문학
174700,동물에세이,80,문학
51416,명사에세이,80,문학
52906,기타 명사에세이,80,문학
52904,문인에세이,80,문학
52905,방송연예인에세이,60,예술
51374,명상에세이,18,심신수련/명상
51398,명언/잠언록,80,문학
51391,사랑/연애 에세이,80,문학
51376,사진/그림 에세이,80,문학
51375,심리치유 에세이,80,문학
51377,여행에세이,80,문학
51423,국내여행에세이,80,문학
51425,해외여행에세이,80,문학
51842,예술에세이,60,예술
51843,미술에세이,60,예술
51844,영화에세이,60,예술
51845,음악에세이,67,음악(음반)
51373,외국에세이,80,문학
51404,유머/풍자/우화,80,문학
180236,음식에세이,80,문학
51402,일기/편지,80,문학
51394,자연에세이,80,문학
51413,작은 이야기 모음,80,문학
51389,종교에세이,20,종교
51431,가톨릭,20,종교
51427,기독교,23,기독교
51429,불교,22,불교
51408,포켓에세이,80,문학
51371,한국에세이,80,문학
1196,여행,98,여행
63975,괌/사이판/하와이여행,98,여행
63976,괌/사이판/하와이여행 가이드북,98,여행
64303,괌/사이판/하와이여행 에세이,80,문학
50830,국내 여행가이드,98,여행
50847,강원도여행 가이드북,98,여행
50850,경상도여행 가이드북,98,여행
50851,금강산/백두산여행 가이드북,98,여행
50846,전국여행 가이드북,98,여행
50849,전라도여행 가이드북,98,여행
50848,충청도여행 가이드북,98,여행
50827,국내 여행에세이,80,문학
50841,기타지역여행,98,여행
50872,기타지역여행 가이드북,98,여행
50873,기타지역여행 에세이,80,문학
63849,독일여행,98,여행
63850,독일여행 가이드북,98,여행
63868,독일여행 에세이,80,문학
50834,동남아시아여행,98,여행
50858,동남아시아여행 가이드북,98,여행
50859,동남아시아여행 에세이,80,문학
110285,동유럽여행,98,여행
110288,동유럽여행 가이드북,98,여행
110289,동유럽여행 에세이,80,문학
63679,미국여행,98,여행
63680,미국여행 가이드북,98,여행
63681,미국여행 에세이,80,문학
63977,발리/몰디브여행,98,여행
63978,발리/몰디브여행 가이드북,98,여행
63979,발리/몰디브여행 에세이,80,문학
110284,북유럽여행,98,여행
110286,북유럽여행 가이드북,98,여행
110287,북유럽여행 에세이,80,문학
50828,서울/수도권 여행가이드,98,여행
50840,세계일주여행,98,여행
50870,세계일주여행 가이드북,98,여행
50871,세계일주여행 에세이,80,문학
63688,스페인여행,98,여행
63689,스페인여행 가이드북,98,여행
63690,스페인여행 에세이,80,문학
50839,아프리카여행,93,지리
50868,아프리카여행 가이드북,93,지리
50869,아프리카여행 에세이,93,지리
63634,영국여행,98,여행
63635,영국여행 가이드북,98,여행
63870,영국여행 에세이,80,문학
50844,워킹 홀리데이,98,여행
50831,유럽여행,98,여행
50852,유럽여행 가이드북,98,여행
50853,유럽여행 에세이,80,문학
50845,유학/해외연수/이민,98,여행
63942,이탈리아여행,98,여행
63943,이탈리아여행 가이드북,98,여행
63945,이탈리아여행 에세이,80,문학
63860,인도/티베트/네팔여행,98,여행
63862,인도/티베트/네팔여행 가이드북,98,여행
63863,인도/티베트/네팔여행 에세이,80,문학
50832,일본여행,98,여행
50854,일본여행 가이드북,98,여행
50855,일본여행 에세이,80,문학
50829,제주도 여행가이드,98,여행
50833,중국여행,98,여행
50856,중국여행 가이드북,98,여행
50857,중국여행 에세이,80,문학
50837,중남미여행,98,여행
50864,중남미여행 가이드북,98,여행
50865,중남미여행 에세이,80,문학
64448,중동여행,98,여행
64449,중동여행 가이드북,98,여행
64450,중동여행 에세이,80,문학
50843,지도,98,여행
50894,강원도 지도,98,여행
50896,경상도 지도,98,여행
50892,수도권 지도,98,여행
50891,전국 지도,98,여행
50897,전라도 지도,98,여행
50893,제주도 지도,98,여행
50895,충청도 지도,98,여행
50898,해외 지도,98,여행
63682,캐나다여행,98,여행
63683,캐나다여행 가이드북,98,여행
63684,캐나다여행 에세이,80,문학
73807,캠핑여행,98,여행
63980,터키여행,98,여행
63981,터키여행 가이드북,98,여행
63982,터키여행 에세이,80,문학
50842,테마여행,98,여행
50874,걷기/배낭여행,69,오락/스포츠
50878,드라이브/기차여행,98,여행
50875,맛집여행,98,여행
50887,명사들의 여행,98,여행
50882,문학기행,80,문학
50883,문화/역사기행,90,역사
50884,미술관/박물관/예술기행,60,예술
50886,사찰기행,98,여행
50890,생태기행,98,여행
50888,성지순례,98,여행
50881,세계일주여행,98,여행
50880,신혼여행,98,여행
50885,영화기행,60,예술
50889,오지여행,98,여행
50877,자전거여행,98,여행
50876,주말여행,98,여행
63847,프랑스여행,98,여행
63848,프랑스여행 가이드북,98,여행
63869,프랑스여행 에세이,80,문학
63828,호주/뉴질랜드여행,98,여행
63829,호주/뉴질랜드여행 가이드북,98,여행
63830,호주/뉴질랜드여행 에세이,80,문학
63512,홍콩/대만/마카오여행,98,여행
63513,홍콩/대만/마카오여행 가이드북,98,여행
63514,홍콩/대만/마카오여행 에세이,80,문학
74,역사,90,역사
78,고고학,90,역사
1628,동양사일반,90,역사
2177,문화/역사기행,90,역사
4867,동서양 문화/역사기행,90,역사
4869,한국 문화/역사기행,90,역사
147,북한사,90,역사
5242,서양사,90,역사
52596,로마사,90,역사
52598,르네상스/종교개혁기,20,종교
52597,비잔티움/이슬람 강성기,90,역사
94,서양고대사,90,역사
52599,서양근현대사,90,역사
1806,서양사일반,90,역사
2031,서양중세사,90,역사
169,세계사 일반,90,역사
5029,아메리카사,90,역사
160,미국/캐나다사,90,역사
161,중남미사,90,역사
148,아시아사,90,역사
3802,동남아시아사,90,역사
36868,동아시아/극동아시아사,90,역사
158,서남아시아사,90,역사
151,인도사,90,역사
5445,중앙아시아사,90,역사
5027,아프리카/오세아니아사,93,지리
52604,선사~근대사,93,지리
52605,현대사,93,지리
75,역사학,90,역사
76,역사비평,90,역사
1438,역사학 일반,90,역사
159,유럽사,90,역사
165,독일/오스트리아사,90,역사
52602,동유럽사,90,역사
3938,러시아사,90,역사
52600,스페인/포르투갈사,90,역사
163,영국사,90,역사
52603,중부유럽/북유럽사,90,역사
167,프랑스사,90,역사
52606,이슬람/중동/이스라엘,90,역사
52607,고대 문명 태동기,90,역사
52609,근현대사,90,역사
52608,중세시대,90,역사
52595,일본사,90,역사
5558,일본고대/중세사,90,역사
5557,일본근현대사,90,역사
5559,일본사 일반,90,역사
52610,전쟁/분쟁사,90,역사
52614,1차대전~2차대전,90,역사
52611,고대/중세/나폴레옹 이전,90,역사
52613,나폴레옹시대~19세기,90,역사
52615,냉전 시기,90,역사
52617,전쟁 통사,90,역사
52616,현대전/테러,90,역사
52589,조선사,90,역사
121,조선문화예술사,60,예술
130,조선생활풍속사,90,역사
1955,조선시대 일반,90,역사
116,조선전기(개국~임진왜란 이전),99,전기
117,조선중기(임진왜란~경종),90,역사
118,조선후기(영조~순종),90,역사
52594,중국사,90,역사
1960,중국고대사(선사시대~진한시대),90,역사
3826,중국근세사(원~ 아편전쟁),90,역사
1961,중국근현대사(아편전쟁 이후),90,역사
1962,중국사 일반,90,역사
3825,"중국중세사(위진남북조~당,송)",90,역사
81,테마로 보는 역사,90,역사
88,건국사/멸망사,90,역사
27795,경제사,90,역사
2032,과학/기술사,90,역사
5618,교류/관계사,90,역사
89,문명/문화사,90,역사
90,미시사/생활사,90,역사
2211,사회사,90,역사
5566,세계인물사,90,역사
4167,여성사,90,역사
17897,외교/상호교류사,90,역사
84,전쟁사,90,역사
52620,종교사,20,종교
1963,중국인물사,90,역사
5718,지방사,90,역사
134,한국인물사,90,역사
87,혁명사,90,역사
3266,학회/무크/계간지,90,역사
109,한국고대~고려시대,90,역사
113,고려시대,90,역사
4206,한국고대사,90,역사
2215,고구려,90,역사
2216,신라/통일신라,90,역사
2217,백제,90,역사
2218,가야,90,역사
111,한국고대사 일반,90,역사
112,발해,90,역사
1442,한국상고사,90,역사
52590,한국근현대사,90,역사
3431,근대개화기,90,역사
141,일제치하/항일시대,90,역사
52591,한국전쟁 이후~현재,90,역사
1753,해방전후사/한국전쟁,90,역사
52593,한국사 일반,90,역사
517,예술/대중문화,60,예술
50969,건축,60,예술
51085,건축이론/비평/역사,90,역사
51082,건축이야기/건축가,60,예술
51087,전통 건축,60,예술
50972,디자인/공예,60,예술
51092,공예/도자,60,예술
51091,디자인이론/비평/역사,90,역사
51089,디자인이야기/디자이너/디자인 실기,60,예술
50973,무용,60,예술
51093,무용이론/비평/역사,90,역사
51096,무용이야기/무용가,60,예술
51103,서양 무용,60,예술
51104,한국/동양 무용,60,예술
51100,현대무용,60,예술
50970,뮤지컬/오페라,60,예술
50965,미술,60,예술
50989,도록,60,예술
50987,미술 실기,60,예술
50978,미술 이야기,60,예술
50979,미술가,60,예술
50980,미술관/박물관/미술기행,60,예술
50981,미술비평/이론,60,예술
50982,미술사,60,예술
50990,서예,64,서예
50991,조각,62,조각
50985,종교미술,20,종교
50984,한국미술,60,예술
50983,현대미술,60,예술
50988,화집,60,예술
50976,미술/음악/예술치료,60,예술
50968,사진,60,예술
51079,사진 실기,60,예술
51076,사진이론/비평/역사,90,역사
51060,사진이야기/사진가,60,예술
51063,사진집,60,예술
50974,연극,68,공연예술/연극
51108,연극사/연극.희극론/연극비평,68,공연예술/연극
51109,연극인/연극이야기,68,공연예술/연극
51115,외국희곡,68,공연예술/연극
51112,전통극,68,공연예술/연극
51118,한국희곡,68,공연예술/연극
50967,영화/드라마,60,예술
51054,시나리오/시나리오작법,60,예술
51057,애니메이션,60,예술
51056,연출/연기/제작,60,예술
51053,영화감독/배우,60,예술
51049,영화사,60,예술
51047,영화이론/비평,60,예술
51042,영화이야기,60,예술
51051,한국영화,60,예술
50950,예술/대중문화의 이해,60,예술
50963,대중문화론,60,예술
50958,미학/예술이론,60,예술
50962,예술 통사/역사 속의 예술,60,예술
50964,예술전문사전,60,예술
50971,예술경영/공연기획,60,예술
50966,음악,67,음악(음반)
51020,가요,67,음악(음반)
51012,서양음악(클래식),67,음악(음반)
51031,성악/가곡,67,음악(음반)
51034,악보/작곡,67,음악(음반)
51200,플룻 외 관악기 악보,67,음악(음반)
51195,피아노 및 건반악기 악보,67,음악(음반)
51192,팝/가요/뉴에이지,67,음악(음반)
51188,클래식 악보,67,음악(음반)
51216,오페라,67,음악(음반)
51214,째즈/영화음악/뮤지컬,67,음악(음반)
51211,기타/베이스,67,음악(음반)
51222,녹음/마스터링,67,음악(음반)
51219,전집,67,음악(음반)
51203,바이올린 외 현악기 악보,67,음악(음반)
51207,드럼 외 타악기 악보,67,음악(음반)
51009,오디오,67,음악(음반)
51003,음악가,67,음악(음반)
51006,음악이론/음악사,67,음악(음반)
51000,음악이야기,67,음악(음반)
51018,재즈,67,음악(음반)
51014,팝/록,67,음악(음반)
51025,한국 전통음악,67,음악(음반)
114988,컬러링북,60,예술
50975,TV/라디오,60,예술
51178,라디오,60,예술
51181,PD/탤런트/방송작가/성우,60,예술
51174,TV 이야기,60,예술
51176,TV이론/TV비평,60,예술
1322,외국어,70,언어
49932,기타 동양어,72,동양어
49933,기타 서양어,79,서양어
49905,독일어,75,독일어
49930,러시아어,79,서양어
49929,스페인어,77,스페인어
8723,어학사전,70,언어
4158,국어사전,70,언어
8729,기타,70,언어
8726,영어사전,74,영어
15556,영영사전,74,영어
8730,영한/한영/합본,74,영어
8731,기타,74,영어
8732,일한/한일/합본,73,일본어
8733,기타,73,일본어
8727,일본어사전,73,일본어
11612,전자사전,70,언어
8728,중국어사전,72,동양어
49834,영문법,70,언어
49835,영어독해,74,영어
49837,영어듣기/말하기,74,영어
49839,영어사전,74,영어
49844,기타사전,74,영어
49843,영영사전,74,영어
49842,영한/한영사전,74,영어
49840,영한사전,74,영어
49841,한영사전,74,영어
49874,영어시험대비,74,영어
49883,기타,74,영어
49876,GMAT,74,영어
49875,GRE,74,영어
49880,G-TELP,74,영어
49879,IELTS,74,영어
49878,LSAT,74,영어
67544,NEAT,74,영어
49881,PELT,74,영어
49877,SAT,74,영어
49882,TOSEL,74,영어
49838,영어어휘,74,영어
49833,영어학습법,74,영어
49845,영어회화,74,영어
49853,기타,74,영어
49850,비즈니스영어,74,영어
49849,생활영어,74,영어
49852,스크린영어,74,영어
49851,여행영어,74,영어
49949,영작문,70,언어
49908,외국인을 위한 한국어,71,한국어
49936,한국어 사전,71,한국어
49934,한국어 일반,71,한국어
49935,한국어 회화,71,한국어
49931,이탈리아어,78,이탈리아어
49884,일본어,73,일본어
49888,비즈니스 일본어,73,일본어
49887,일본어 독해/작문/쓰기,73,일본어
49889,일본어 사전,73,일본어
49892,일본어 시험대비,73,일본어
49898,JPT,73,일본어
49899,JLT 니켄,73,일본어
49900,EJU,73,일본어
49902,기타,73,일본어
49886,일본어 어휘/한자/문법,73,일본어
49885,일본어 첫걸음,73,일본어
49890,일본어 회화,73,일본어
49891,JLPT,73,일본어
49893,N1,73,일본어
49894,N2,73,일본어
49895,N3,73,일본어
49896,N4,73,일본어
49897,N5,73,일본어
49903,중국어,72,동양어
49913,비즈니스 중국어,72,동양어
49912,중국어 독해/작문/쓰기,72,동양어
49914,중국어 사전,72,동양어
49917,중국어 시험대비,72,동양어
49924,CPT,72,동양어
49925,기타,72,동양어
49911,중국어 어휘/문법,72,동양어
49910,중국어 첫걸음,72,동양어
49915,중국어 회화,72,동양어
49916,HSK/신 HSK,72,동양어
50022,HSK 일반,72,동양어
49918,1급,72,동양어
49919,2급,72,동양어
49920,3급,72,동양어
49921,4급,72,동양어
49922,5급,72,동양어
49923,6급,72,동양어
49847,텝스,70,언어
49865,실전,70,언어
50044,종합,70,언어
49863,Grammar,70,언어
49862,Listening,70,언어
49861,Reading,70,언어
49864,Vocabulary,70,언어
49846,토익,70,언어
49858,실전,70,언어
50003,종합,70,언어
49859,토익 Speaking,70,언어
49860,토익 Writing,70,언어
49856,Grammar,70,언어
49855,Listening,70,언어
49854,Reading,70,언어
49857,Vocabulary,70,언어
49848,토플,70,언어
49872,실전,70,언어
50001,종합,70,언어
49868,Grammar,70,언어
49867,Listening,70,언어
49866,Reading,70,언어
49871,Speaking,70,언어
49869,Vocabulary,70,언어
49870,Writing,70,언어
49909,통역/번역,70,언어
49938,번역,70,언어
49937,통역,70,언어
49906,프랑스어,76,프랑스어
49904,한자,70,언어
49928,옥편,70,언어
49927,한자 시험 대비,37,교육학
49926,한자일반,70,언어
49873,OPIc/인터뷰 영어,74,영어
49948,인터뷰영어,74,영어
49947,OPIc,74,영어
13789,유아,37,교육학
70125,_주제별 책읽기,37,교육학
85109,가족 그림책,37,교육학
70126,계절/명절 그림책,37,교육학
70133,비 오는 날,37,교육학
70134,명절/절기,37,교육학
70127,봄,37,교육학
70128,여름,37,교육학
70129,가을,37,교육학
70130,겨울,37,교육학
118766,공룡,37,교육학
32206,글 없는 그림책,37,교육학
88035,동물 그림책,37,교육학
10953,똥/방귀 책,37,교육학
72018,생활습관,37,교육학
78719,베드타임 스토리,37,교육학
75896,어린이 안전,37,교육학
87981,건강/식습관,37,교육학
80274,수학 동화,41,수학
88579,언어/인지,70,언어
88580,말놀이/글놀이,70,언어
88864,예술/문화,60,예술
32361,우리 몸/성(性)교육 그림책,37,교육학
181435,"유치원,학교에 가면",37,교육학
71966,인성/감성,37,교육학
114909,동물과 친구해요~,37,교육학
78720,마음 달래기,37,교육학
74333,다름과 편견,37,교육학
71967,우리는 친구,37,교육학
110154,삶과 죽음,37,교육학
72006,자연관찰/세밀화,40,자연과학
71969,자연.환경.지구 이야기,40,자연과학
71968,자연/과학 그림책,40,자연과학
10966,책/독서 그림책,37,교육학
70131,크리스마스 그림책/놀이책,37,교육학
35088,0~3세,37,교육학
35096,그림책,37,교육학
35098,유아교양,37,교육학
35095,유아놀이,37,교육학
35097,유아학습,37,교육학
73222,100세까지 보는 그림책,37,교육학
35089,4~7세,37,교육학
35101,그림책,37,교육학
35103,유아교양,37,교육학
35100,유아놀이,37,교육학
35102,유아학습,37,교육학
35091,그림책,37,교육학
35134,한국 그림책,37,교육학
35135,미국,37,교육학
35136,아시아,37,교육학
35137,유럽,37,교육학
35138,호주,37,교육학
35139,일본,37,교육학
35140,외국 그림책,37,교육학
35090,_나라별 그림책,37,교육학
35108,교양/학습 그림책,37,교육학
35427,그림백과/세밀화,37,교육학
35112,동요/동시그림책,37,교육학
14024,문화/예술/인물/역사 그림책,60,예술
35109,생각/철학 그림책,10,철학
35104,세계명작 그림책,37,교육학
35105,옛이야기 그림책,37,교육학
35111,유아 캐릭터 그림책,37,교육학
35106,인성/감성/생활 그림책,37,교육학
35107,창작그림책,37,교육학
35092,놀이책,37,교육학
71986,숨은그림찾기,37,교육학
35114,스티커북,37,교육학
70988,유아 3D/입체영상,37,교육학
49525,유아 놀이책 기타,37,교육학
35113,유아 만들기/접기,37,교육학
116795,유아 블록/교구,37,교육학
35118,유아 사운드북/CD북,37,교육학
73906,유아 컬러링북,37,교육학
35117,유아 퍼즐/퀴즈/게임,37,교육학
70410,인형놀이/입체북,37,교육학
35115,팝업북/플랩북,37,교육학
70393,헝겊책/입체북 (0-3세),37,교육학
35119,CD/DVD/비디오테잎,37,교육학
70395,CD북,37,교육학
4298,애니메이션/캐릭터,37,교육학
161262,_겨울왕국 2,37,교육학
153904,_신비아파트,37,교육학
174145,_펭수,37,교육학
154178,_핑크퐁,37,교육학
174146,_흔한남매,37,교육학
4302,디즈니/픽사 애니메이션,37,교육학
4301,유아 애니메이션 (영화),60,예술
4303,유아 애니메이션 (TV),37,교육학
32486,유아 캐릭터,37,교육학
131949,예비초등,37,교육학
35094,유아 교양/학습,37,교육학
35122,유아 두뇌계발,37,교육학
35121,유아 문화/예술,60,예술
64542,문화 일반,60,예술
35146,음악,67,음악(음반)
35147,미술,60,예술
35130,유아 생활습관,37,교육학
35123,유아 수학,41,수학
35126,유아 언어/인지/한글,70,언어
35129,유아 인성/감성,37,교육학
35141,자연관찰/과학일반,40,자연과학
35142,동물,40,자연과학
35143,식물,40,자연과학
35144,몸/인체,40,자연과학
35145,지구/우주/환경,40,자연과학
35120,유아 자연관찰/과학,40,자연과학
35125,유아 중국어/한자,72,동양어
157876,유아 코딩,53,공학
35128,유아 학습 일반,37,교육학
35124,유아영어,74,영어
49002,ELT,74,영어
50787,영어그림책,74,영어
35148,영어학습,74,영어
35149,영어동요/동화,74,영어
69170,유아 세트,37,교육학
88620,유아 워크북,37,교육학
123992,유아 수학 워크북,41,수학
123993,유아 영어/외국어 워크북,74,영어
120084,유아 워크북 일반,37,교육학
123990,유아 창의력 워크북,32,경제학
123989,유아 한글 워크북,37,교육학
123991,입학 준비,37,교육학
123994,종합/세트,37,교육학
117970,EBS 유아심리검사,37,교육학
656,인문학,80,문학
51378,교양 인문학,80,문학
51409,기호학/언어학,70,언어
51541,기호학,70,언어
51542,언어학/언어사,70,언어
51543,한국어/한문,71,한국어
51412,논리와 비판적 사고,80,문학
51393,동양철학,10,철학
51501,노자철학,10,철학
51502,장자철학,10,철학
51503,도가철학 일반,10,철학
51493,도가철학/노장철학,10,철학
51500,동양철학 일반,10,철학
51495,불교철학,10,철학
51494,유교철학/주역,10,철학
51504,공자/논어,10,철학
51505,맹자,10,철학
51506,주자학(성리학),10,철학
51507,양명학,10,철학
51508,유교철학 일반,10,철학
51509,주역,10,철학
51498,인도철학,10,철학
51499,일본철학,10,철학
51497,중국철학,10,철학
51510,퇴계/율곡,10,철학
51511,실학,10,철학
51512,한국현대철학,10,철학
51513,한국철학 일반,10,철학
51496,한국철학,10,철학
51417,문화/문화이론,80,문학
51547,동양문화읽기,80,문학
51549,문명/문명사,80,문학
51551,문화사,80,문학
51550,문화연구/문화이론,80,문학
51555,미국문화,80,문학
51548,서양문화읽기,80,문학
51552,성(性)/성문화,80,문학
51557,일본문화,80,문학
51553,종교문화,20,종교
51556,중국문화,80,문학
51558,한국인과 한국문화,80,문학
51559,한국문화유산,80,문학
51560,한국민속/한국전통문화,80,문학
51561,근현대한국문화,80,문학
51562,외국인이 본 한국,80,문학
51554,한국학/한국문화,80,문학
65237,사상가/인문학자,80,문학
51390,서양철학,10,철학
51442,고대철학,10,철학
51458,소크라테스,10,철학
51459,아리스토텔레스,10,철학
51460,플라톤,10,철학
51462,고대철학 일반,10,철학
51450,과학철학,10,철학
51444,근대철학,10,철학
51466,데카르트,10,철학
51467,스피노자,10,철학
51468,칸트,10,철학
51469,피히테/셸링,10,철학
51470,헤겔,10,철학
51471,홉스/로크,10,철학
51472,흄,10,철학
51473,쇼펜하우어,10,철학
51474,근대철학 일반,10,철학
51454,독일철학,10,철학
51456,마르크스주의,10,철학
2547,미학/예술철학,10,철학
51457,서양철학 일반,10,철학
51446,서양철학사,10,철학
51451,언어철학/분석철학,10,철학
51455,영미철학,10,철학
51449,윤리학/도덕철학,10,철학
51447,인식론,10,철학
51443,중세철학,10,철학
51463,아우구스티누스,10,철학
51464,토마스 아퀴나스,10,철학
51465,중세철학 일반,10,철학
51453,프랑스철학,10,철학
51445,현대철학,10,철학
51475,프리드리히 니체,10,철학
51476,앙리 베르그손,10,철학
51477,키에르케고르,10,철학
51478,에드문트 후설,10,철학
51479,알프레드 화이트헤트,10,철학
51480,러셀/비트겐슈타인,10,철학
51481,카를 야스퍼스,10,철학
51482,마르틴 하이데거,10,철학
51483,칼 포퍼,10,철학
51484,장 폴 사르트르,10,철학
51485,루이 알튀세르,10,철학
51486,질 들뢰즈/펠릭스 가타리,10,철학
51487,미셸 푸코,10,철학
51488,위르겐 하버마스,10,철학
51489,자크 데리다,10,철학
51490,슬라보예 지젝/슬로베니아 학파,10,철학
51491,프랑크푸르트학파,10,철학
51492,현대철학 일반,10,철학
51452,현상학/해석학/실존철학,10,철학
51448,형이상학/존재론,11,형이상학
51405,서지/출판,80,문학
51540,서지/문헌/도서관,80,문학
51539,출판/편집,80,문학
51399,신화/종교학,20,종교
51523,그리스로마 신화,20,종교
51530,미르치아 엘리아데,20,종교
51526,세계의 신화와 전설,20,종교
51532,동양의 신화와 전설,20,종교
51533,서양의 신화와 전설,20,종교
51534,세계의 신화와 전설 일반,20,종교
51527,신화 이야기,20,종교
51528,신화학/신화상징,43,화학
51531,조지프 캠벨,20,종교
51529,종교학,20,종교
51535,샤머니즘/무속,20,종교
51536,종교학 일반,20,종교
51524,중국의 신화와 전설,20,종교
51525,한국신화/전설/민담,20,종교
51395,심리학/정신분석학,18,심신수련/명상
51514,교양 심리학,18,심신수련/명상
51520,뇌과학/인지심리학,18,심신수련/명상
51521,심령연구/초과학,18,심신수련/명상
51515,심리치료,18,심신수련/명상
51518,융,18,심신수련/명상
51522,이론 심리학,18,심신수련/명상
51519,자크 라캉,18,심신수련/명상
51516,정신분석학,18,심신수련/명상
51517,프로이트,18,심신수련/명상
51415,인류학/고고학,80,문학
51544,고고학,80,문학
51546,민속학,80,문학
51545,인류학,80,문학
51384,인문 비평,80,문학
51381,인문 에세이,80,문학
51385,인문학 전문사전,80,문학
51403,책읽기/글쓰기,80,문학
51538,글쓰기,80,문학
51537,책읽기,80,문학
51387,철학 일반,10,철학
51440,교양 철학,10,철학
51441,철학사,10,철학
51419,학회/무크/계간지,80,문학
31882,해외소설,80,문학
34222,大人の科學,53,공학
336,자기계발,32,경제학
70241,20대의 자기계발,32,경제학
70228,기획/보고,32,경제학
70229,기획,32,경제학
70230,보고,32,경제학
70212,리더십,32,경제학
70232,리더십,32,경제학
70213,조직관리,32,경제학
70214,성공,32,경제학
70215,성공담,32,경제학
70216,성공학,53,공학
70220,시간관리/정보관리,32,경제학
70221,시간관리,32,경제학
70222,정보관리,32,경제학
70218,여성의 자기계발,32,경제학
2951,인간관계,33,사회문제
5247,교양심리학,18,심신수련/명상
3812,남녀관계,33,사회문제
2952,인간관계,33,사회문제
107822,정리/심플라이프,32,경제학
70219,중년의 자기계발,32,경제학
70223,창의적사고/두뇌계발,32,경제학
2943,취업/진로/유망직업,32,경제학
2944,국내 진학/취업,32,경제학
147602,크리에이터/1인미디어,32,경제학
2946,해외취업/이민/유학.연수,32,경제학
70233,프레젠테이션/회의,32,경제학
70234,프레젠테이션,32,경제학
70235,회의,32,경제학
70211,행복론,32,경제학
70224,협상/설득/화술,33,사회문제
70226,설득,33,사회문제
70225,협상,33,사회문제
70227,화술,33,사회문제
70236,힐링,32,경제학
70239,건강한 몸,32,경제학
70238,마음 다스리기,32,경제학
2913,잡지,5,
7607,건강/의학,51,의학
7605,경제/경영,5,
11282,과학/기술,40,자연과학
148481,교양/문예/인문,5,
3556,교양,5,
3553,문예지,5,
11496,인문/사회,5,
5419,교육/취업,32,경제학
2925,대중문화/예술,60,예술
75997,독립/인디잡지,5,
5421,리빙/가정/주택,5,
2924,만화/애니메이션,80,문학
148480,수험/어학교재,5,
3219,방송교재,5,
2921,수험교재,5,
3563,시사지,5,
3560,어린이/청소년,37,교육학
63434,어린이,37,교육학
63435,청소년,37,교육학
5420,여성/남성/패션,5,
128934,결혼/웨딩지,5,
53975,남성지,5,
69435,여성지,5,
69436,패션지,5,
8097,여행/스포츠/취미,98,여행
33027,요리/제과제빵,5,
33026,육아,5,
27607,정기구독,5,
3125,종교,20,종교
32539,주간지,5,
138813,주간지 기타,5,
9897,컴퓨터/인터넷/게임,53,공학
112011,장르소설,80,문학
17195,전집/중고전집,80,문학
28460,_0-3세,80,문학
29037,영어/학습,74,영어
109782,유아교양,80,문학
29038,인물/역사/사회,90,역사
29039,자연/과학/수학,41,수학
29040,전래/명작동화,80,문학
29041,창작동화,80,문학
29042,토이북/교구,80,문학
28461,_4-7세,80,문학
29043,문학/논술/고전,80,문학
29044,영어/학습,74,영어
29045,인물/역사/사회,90,역사
29046,자연/과학/수학,41,수학
29047,전래/명작동화,80,문학
29048,창작동화,80,문학
29049,토이북/교구,80,문학
158699,_단행본 전집,80,문학
158700,0-3세,80,문학
158701,4-7세,80,문학
158705,기획세트,80,문학
158704,청소년/일반,80,문학
158702,초등(1-3)저학년,80,문학
158703,초등(4-6)고학년,80,문학
29035,_초등(1-3)저학년,80,문학
29056,문학/논술/고전,80,문학
29057,영어/학습,74,영어
29058,인물/역사/사회,90,역사
29059,자연/과학/수학,41,수학
29060,전래/명작동화,80,문학
29061,창작동화,80,문학
29036,_초등(4-6)고학년,80,문학
29050,문학/논술/고전,80,문학
29051,영어/학습,74,영어
29052,인물/역사/사회,90,역사
29053,자연/과학/수학,41,수학
29054,전래/명작동화,80,문학
29055,창작동화,80,문학
29680,_출판사별보기,80,문학
29897,가나출판사(전집),80,문학
29898,계몽사,80,문학
29692,교연아카데미,80,문학
29899,그린코리아,80,문학
29900,글렌도만,80,문학
29693,글송이,80,문학
63087,글채움,80,문학
29901,꼬마배꼽,80,문학
31961,꿈꾸는아이들,80,문학
29902,꿈의학교,51,의학
29903,뉴턴코리아,80,문학
29904,다산교육(전집),80,문학
29873,대교출판사,80,문학
29905,대산출판사,80,문학
29906,더큰,80,문학
29907,도서출판현현각양지,80,문학
29947,동강출판사,80,문학
29908,동그라미,80,문학
29687,동사모,80,문학
30036,두산동아,80,문학
32641,딕브루너코리아,80,문학
29909,리듬북,80,문학
29694,리틀랜드,80,문학
29877,리틀코리아,80,문학
29872,몬테소리CM,80,문학
29910,바라북스,80,문학
29911,바른나무들,80,문학
29912,바이런,80,문학
29688,베이비아카데미,80,문학
29869,베틀북(전집),80,문학
29691,보리,80,문학
29690,보림,80,문학
29913,북샘,80,문학
29685,브리태니커,80,문학
29944,비엔존,80,문학
29914,뿌리교육,80,문학
29915,삼성교육,80,문학
29916,새로본,80,문학
29917,세상모든책(전집),80,문학
29686,세종출판사,80,문학
32070,아동문학,80,문학
29684,아이교육,80,문학
29918,아이북스,80,문학
29879,아이세움,80,문학
29878,아이즐북스,80,문학
29919,아이캐슬,80,문학
30660,어린이아현,80,문학
29920,에이플러스,80,문학
29921,영재아카데미,80,문학
29922,오로라북스,80,문학
29948,원더랜드,80,문학
31962,월드북스,80,문학
29923,유한미디어,80,문학
29875,이랑교육,80,문학
29924,제닉스,80,문학
29871,제로투세븐,80,문학
29925,좋은열매,80,문학
29926,중앙출판사(전집),80,문학
32071,직지,80,문학
29927,차일드캠프,80,문학
31960,키즈덤하우스,80,문학
29928,키즈랜드,80,문학
29943,키즈캐슬,80,문학
29880,킨더랜드,80,문학
29929,타임라이프북스,80,문학
29946,파브르(전집),80,문학
29931,파크랜드,80,문학
29932,푸른물고기,80,문학
30047,학원사(전집),80,문학
31003,한국가우스,80,문학
29876,한국뉴베리,80,문학
29945,한국뉴스타인,80,문학
29682,한국듀이,80,문학
29681,한국삐아제/한국퍼킨스,80,문학
29933,한국섬머힐,80,문학
29870,한국셰익스피어,80,문학
29934,한국아동교육미디어,80,문학
29689,한국이튼,80,문학
29930,한국파스퇴르,80,문학
29935,한국프로이드,80,문학
29936,한국헤밍웨이,80,문학
29937,한샘(전집),80,문학
31002,한솔수북(전집),80,문학
29868,현대출판사,80,문학
29938,현대출판사,80,문학
29874,홍진P&M,80,문학
29939,효리원(전집),80,문학
29683,훈민출판사,80,문학
31963,SEM,80,문학
29670,_토이북/교구,80,문학
28466,문학/논술/고전,80,문학
28467,영어/학습,74,영어
28464,인물/역사/사회,90,역사
28465,자연/과학/수학,41,수학
28463,전래/명작동화,80,문학
28462,창작동화,80,문학
1237,종교/역학,20,종교
51565,가톨릭,20,종교
51625,가톨릭 교리/강론,20,종교
51624,가톨릭 문학,80,문학
51629,가톨릭 성서,20,종교
51630,성서의 이해,20,종교
51631,공동 번역 성서,20,종교
51632,구약성서 새번역 성서,20,종교
51633,분도 천주교회 200주년 신약,20,종교
51634,신약성서 새번역 성서,20,종교
51626,가톨릭 신앙생활,20,종교
51623,가톨릭 신학,20,종교
51627,가톨릭 어린이/청소년,20,종교
51628,가톨릭 인물,20,종교
51622,가톨릭 일반,20,종교
51564,기독교(개신교),23,기독교
69949,기독교 교육,23,기독교
51574,기독교 문학,23,기독교
51575,기독교 역사,23,기독교
51576,기독교 인물,23,기독교
51573,기독교 일반,23,기독교
51577,기독교(개신교) 교회,23,기독교
51588,새신자,23,기독교
51589,어린이/청소년,23,기독교
51590,청장년,23,기독교
51584,교회일반,23,기독교
51585,교회교육,23,기독교
51586,성경공부교재,23,기독교
51591,목회일반,23,기독교
51592,신학일반,23,기독교
51593,설교/성경연구,23,기독교
51594,교회개척/성장론,23,기독교
51595,상담/치유,23,기독교
51578,기독교(개신교) 목회/신학,23,기독교
51580,기독교(개신교) 선교/전도,23,기독교
51579,기독교(개신교) 신앙생활,23,기독교
51596,간증/영적성장,23,기독교
51597,예배/기도/묵상(QT),23,기독교
51598,사랑/결혼,23,기독교
51599,부부생활/자녀양육,23,기독교
51600,리더십/직업관/재물론,23,기독교
51601,신앙생활일반,23,기독교
51581,기독교(개신교) 어린이/청소년,23,기독교
51583,기독교(개신교) 오디오북,23,기독교
51571,기독교의 이해,23,기독교
51582,성경/찬송가,23,기독교
51602,한글성경,23,기독교
51603,한영/외국어 성경,23,기독교
51604,권별성경,23,기독교
51605,대조/주석성경,23,기독교
51606,큰 글자 성경,23,기독교
51607,지퍼식성경,23,기독교
51608,일러스트성경,23,기독교
51609,어린이성경/찬송가,23,기독교
51610,영어/외국어성경,74,영어
51611,오디오성경,23,기독교
51612,찬송가,23,기독교
51613,찬양,23,기독교
88257,쓰기성경,23,기독교
144911,출판사별 성경,23,기독교
51614,개역개정판,23,기독교
51615,개역한글판,23,기독교
51616,공동번역판,23,기독교
51617,현대어성경,23,기독교
53905,새번역,23,기독교
51618,NIV 한영성경,23,기독교
51619,NLT 한영성경,23,기독교
51620,NKJV 한영성경,23,기독교
51621,기타 한영/외국어 성경,23,기독교
144915,기독지혜사,23,기독교
144917,대한기독교서회,23,기독교
144922,두란노,23,기독교
144923,말씀보존학회,23,기독교
144924,생명의말씀사,23,기독교
144925,성서원,23,기독교
144926,아가페,23,기독교
144927,예장,23,기독교
144920,대한성서공회,23,기독교
144912,굿뉴스,23,기독교
51572,성경의 이해,23,기독교
51569,명상/선,20,종교
51566,불교,22,불교
51638,불교 경전/법문,22,불교
51637,불교 문학,22,불교
51643,불교 어린이/청소년,22,불교
51642,불교 인물,22,불교
51636,불교 일반,22,불교
51639,불교명상/수행,22,불교
51640,불교사/불교철학,10,철학
51641,불교예술/사찰,22,불교
51635,불교의 이해,22,불교
51644,티베트 불교,22,불교
51645,틱낫한,22,불교
51646,달라이 라마,22,불교
51647,티베트 불교 일반,22,불교
51567,세계의 종교,20,종교
51657,기타 종교,20,종교
51650,도교,24,천주교
51656,밀교/신비주의,20,종교
51648,세계 종교의 이해,20,종교
51652,원불교,22,불교
51649,이슬람교,20,종교
51654,정교회,20,종교
51651,증산도,20,종교
51653,천도교,24,천주교
51655,힌두교,20,종교
51568,역학,20,종교
51658,관상/수상,20,종교
51662,꿈풀이/해몽,20,종교
51660,사주/궁합/예언,20,종교
51664,작명,20,종교
51665,전생/환생,20,종교
51659,점성학/타로,20,종교
51661,주역,20,종교
51663,풍수지리,98,여행
51570,종교일반,20,종교
51669,비교종교,20,종교
51672,종교문학,20,종교
51667,종교사,20,종교
51666,종교의 이해,20,종교
51670,종교인물,20,종교
51668,종교철학,10,철학
2030,좋은부모,37,교육학
51789,건강/환경,37,교육학
51767,교육/학습,37,교육학
7253,경제교육,37,교육학
51792,놀이/체험학습,37,교육학
51798,대안교육/홈스쿨링,37,교육학
51793,독서/작문 교육,37,교육학
90007,수학/과학 교육,41,수학
3390,언어/외국어 교육,70,언어
107331,예체능 교육,37,교육학
51797,진로/진학,37,교육학
7257,창의 교육,37,교육학
4288,초등 입학 준비,37,교육학
51794,학교/학습법,37,교육학
73196,부모교육,37,교육학
7259,사춘기/성교육,37,교육학
51763,영유아 육아,37,교육학
90418,0~3세 육아,37,교육학
90419,4~7세 육아,37,교육학
51766,육아,37,교육학
51773,성장/발달,37,교육학
106628,외국의 육아.교육,37,교육학
51786,육아 일반,37,교육학
51785,육아백과,37,교육학
51795,자녀 심리,37,교육학
51790,육아/교육 에세이,80,문학
51762,임신/출산,37,교육학
51764,초등 자녀,37,교육학
51770,태교,37,교육학
51801,특수교육,37,교육학
76000,중학교참고서,37,교육학
76727,논술/글쓰기(중등),37,교육학
129705,논술정기간행물(중등),37,교육학
129704,중학논술/글쓰기,37,교육학
76725,예비고등,37,교육학
76790,중1-문제집,37,교육학
76842,과학(중등1),40,자연과학
76839,국어(중등1),37,교육학
76844,기술.가정(중등1),37,교육학
76845,기타(중등1),37,교육학
76847,도덕(중등1),37,교육학
76843,사회.역사(중등1),90,역사
76841,수학(중등1),41,수학
76840,영어(중등1),74,영어
76846,중간.기말고사(중등1),37,교육학
76793,중1-자습서,37,교육학
76812,과학(중등1),40,자연과학
76813,국어(중등1),37,교육학
76814,기술.가정(중등1),37,교육학
76819,기타(중등1),37,교육학
76818,도덕(중등1),37,교육학
76815,사회.역사(중등1),90,역사
76816,수학(중등1),41,수학
76817,영어(중등1),74,영어
76791,중2-문제집,37,교육학
76830,과학(중등2),40,자연과학
76831,국어(중등2),37,교육학
76832,기술.가정(중등2),37,교육학
76838,기타(중등2),37,교육학
76837,도덕(중등2),37,교육학
76833,사회.역사(중등2),90,역사
76834,수학(중등2),41,수학
76835,영어(중등2),74,영어
76836,중간.기말고사(중등2),37,교육학
76794,중2-자습서,37,교육학
76804,과학(중등2),40,자연과학
76805,국어(중등2),37,교육학
76806,기술.가정(중등2),37,교육학
76811,기타(중등2),37,교육학
76810,도덕(중등2),37,교육학
76807,사회.역사(중등2),90,역사
76808,수학(중등2),41,수학
76809,영어(중등2),74,영어
76792,중3-문제집,37,교육학
76820,과학(중등3),40,자연과학
76821,국어(중등3),37,교육학
76822,기술.가정(중등3),37,교육학
76828,기타(중등3),37,교육학
76827,도덕(중등3),37,교육학
76823,사회.역사(중등3),90,역사
76824,수학(중등3),41,수학
76825,영어(중등3),74,영어
76826,중간.기말고사(중등3),37,교육학
76795,중3-자습서,37,교육학
76796,과학(중등3),40,자연과학
76797,국어(중등3),37,교육학
76798,기술.가정(중등3),37,교육학
76803,기타(중등3),37,교육학
76802,도덕(중등3),37,교육학
76799,사회.역사(중등3),90,역사
76800,수학(중등3),41,수학
76801,영어(중등3),74,영어
76728,중학경시대회,37,교육학
76730,중학교 출판사별,37,교육학
76748,개념원리,37,교육학
76942,개념원리_기본서(중등),37,교육학
76944,개념원리_RPM(중등),37,교육학
107442,기적_중학도형,37,교육학
107443,기적_중학연산,37,교육학
107444,기적_영단어+쓰기노트,37,교육학
115056,기적_영어듣기,74,영어
108675,기적_국어문법,37,교육학
87512,길벗스쿨,37,교육학
76750,꿈을담는틀,37,교육학
113020,완성(중등),37,교육학
113022,내신DNA,37,교육학
113024,적중영문법,37,교육학
113032,절대개념(중등),37,교육학
114186,어휘력다지기,37,교육학
114187,그래머마스터,37,교육학
114188,모든것(중등),37,교육학
115181,절대수학,41,수학
119807,첫,37,교육학
76928,단감중학,37,교육학
76930,Yes영어단기특강,74,영어
76931,콕영어(중등),74,영어
76932,꿈틀중학국어,37,교육학
113021,국어모든것,37,교육학
76933,수학모든것,41,수학
157146,This is Voca,37,교육학
157151,101,37,교육학
157152,공감,37,교육학
157153,도전 만점 서술형,37,교육학
157154,그래머 브릿지,37,교육학
157155,OK Grammar,37,교육학
157156,The Grammar,37,교육학
157157,영문법 뽀개기,37,교육학
157158,This Is Grammar,37,교육학
157159,This Is Reading,37,교육학
157162,애프터스쿨,37,교육학
157163,Smart Reading,37,교육학
157165,The Listening,37,교육학
157145,넥서스에듀,37,교육학
137354,다락원,37,교육학
137355,내공영문법,37,교육학
137356,내공영어구문,74,영어
137357,쓰담쓰담영문법,37,교육학
137358,절대영문법,37,교육학
137359,Grammar&Writing,37,교육학
137360,Grammar 플러스,37,교육학
137361,제대로 영작문,37,교육학
137362,내공독해,37,교육학
137363,Reading Voyage,37,교육학
137364,Reading for Subject,37,교육학
137365,리스닝 올리고,37,교육학
137366,리슨투맥스,37,교육학
137367,절대어휘,37,교육학
137368,내공영단어,37,교육학
164674,국어 문법,37,교육학
164675,국어 문학,80,문학
164676,국어 비문학,80,문학
164677,국어 서술형,37,교육학
164678,국어 어휘,37,교육학
179525,특급기출 수학,41,수학
179526,서술형 더 영문법,37,교육학
179527,연산으로 강해지는 수학,41,수학
149971,빠작국어,37,교육학
121568,빨리 강해지는 수학,41,수학
76989,뜯어먹는,37,교육학
76992,하이탑(중등),37,교육학
165375,특급기출 영어,74,영어
123586,빨리 이해하는 수학,41,수학
149831,싸플(중등),37,교육학
149837,클리어,37,교육학
164679,절대등급(중등),37,교육학
164680,빠르게통하는,37,교육학
140152,올쏘(중등),37,교육학
76741,동아출판,37,교육학
76740,디딤돌,37,교육학
114658,문법완성,37,교육학
189152,개념기본 수학,41,수학
114644,투탑수학,41,수학
114649,패턴수학,41,수학
114650,문법특강,37,교육학
114651,시험영문법,37,교육학
76996,최상위수학(중등),41,수학
88293,문제특강,37,교육학
164252,중학연산,37,교육학
114652,최상위수학(중등),41,수학
147648,최상위수학_라이트,41,수학
186263,뿌리깊은(중등),37,교육학
186264,영문법 3800제(중등),37,교육학
76918,영어 독해 101,74,영어
76915,100% 영어듣기,74,영어
143134,뜀틀 수학,41,수학
186265,국어 독해력,37,교육학
186266,중간.기말고사,37,교육학
186267,3800제 서술형,37,교육학
76916,3800제,37,교육학
76753,마더텅,37,교육학
76774,메가스터디북스,37,교육학
139645,수력ON(중등),37,교육학
172374,비문학 독해,80,문학
90563,영어듣기모의고사,74,영어
90564,백신과학,40,자연과학
76861,오메가그래머,37,교육학
118419,메가개념수학,41,수학
106685,캐치원기출,37,교육학
106686,민정범수학,41,수학
186606,CPR 중학수학,41,수학
186607,메가중학영단어,37,교육학
139626,유형중심,37,교육학
78836,올리드(중등),37,교육학
121422,수학중심,41,수학
120502,유형맞짱,37,교육학
147649,올리드시험직보,37,교육학
158839,그래머바이트,37,교육학
158840,리딩바이트,37,교육학
106123,국어,37,교육학
106124,영어,74,영어
106125,수학,41,수학
106126,역사/사회,90,역사
106127,과학,40,자연과학
76745,미래엔,37,교육학
86479,백발백중,37,교육학
136291,리딩싹,37,교육학
86480,100발100중,37,교육학
129082,특쫑수학,41,수학
86481,중간고사,37,교육학
86482,기말고사,37,교육학
112989,교과서 개념잡기(중등),37,교육학
77512,리더스뱅크,37,교육학
120359,알찬수학만기출,41,수학
187958,중등수능독해,37,교육학
76934,한끝(중등),37,교육학
76935,내공의힘,37,교육학
76936,개념+유형수학(중등),41,수학
76938,완자(중등),37,교육학
108487,오투과학(중등),40,자연과학
108480,타파TAPA,37,교육학
108482,리딩스파크,37,교육학
108475,영어듣기모의고사,74,영어
165731,알찬과학단원별,40,자연과학
145426,최고득점수학,41,수학
145427,그래머인,37,교육학
145428,올댓중학영어,74,영어
145422,만렙수학(중등),41,수학
108484,한끝국어(중등),37,교육학
108485,한끝사회/역사(중등),90,역사
108471,라이트(중등),41,수학
108472,파워(중등),41,수학
108473,탑(중등),41,수학
76749,비상교육,37,교육학
76771,수경출판사,37,교육학
79102,수력충전(중등),37,교육학
79103,일등급 수학(중등),41,수학
79104,형상기억 수학(중등),41,수학
133071,자이 듣기 전략,37,교육학
154482,심플 자이 수학(중등),41,수학
152117,키워드 그래머,37,교육학
152118,보카레슨,37,교육학
76864,자이 수학(중등),41,수학
161194,자이 국어 독해력,37,교육학
171036,수력충전 스타트(중등),37,교육학
164210,자이 영문법 총정리,37,교육학
164213,자이 독해 완성,37,교육학
164214,자이 포인트 리딩,37,교육학
164216,자이 듣기 총정리,37,교육학
121947,빠르게모의고사,37,교육학
126524,쓰작,37,교육학
154495,E.G.U,37,교육학
154483,그래머큐,37,교육학
154484,천일문그래머,37,교육학
154485,잘.풀.영,37,교육학
154491,그래머픽,37,교육학
154492,거침없이,37,교육학
76888,천일문,37,교육학
76889,쎄듀파이어,37,교육학
76890,레볼루션,37,교육학
130446,리딩플랫폼,37,교육학
76762,쎄듀,37,교육학
110533,에듀왕,37,교육학
110535,자신감수학(중등),41,수학
110536,개념정복,37,교육학
110538,절대공감수학(중등),41,수학
110539,내신UP수학,41,수학
76893,에이급수학,41,수학
76894,원리해설수학,41,수학
76760,에이급출판사,37,교육학
113522,이룸이앤비,37,교육학
163585,숨마 주니어 영어,74,영어
163586,숨마쿰라우데 수학 실전문제집(중등),41,수학
113523,숨마쿰라우데 수학 개념기본서(중등),41,수학
113524,숨마 주니어 국어,37,교육학
152409,숨마쿰라우데 스타트업(중등),37,교육학
177378,바빠 중학연산,37,교육학
177379,바빠 중학도형,37,교육학
177370,이지스에듀,37,교육학
76775,이투스북,37,교육학
140440,리딩마스터(중등),37,교육학
135336,하이퍼수학(중등),41,수학
175738,수학의바이블_특강,41,수학
175739,똑독국어,37,교육학
175740,BON 과학,40,자연과학
175741,리스닝 마스터,37,교육학
175742,고쟁이 수학(중등),41,수학
175743,렛츠보카,37,교육학
113235,수학의바이블_BOB(중등),41,수학
122298,그래머 마스터,37,교육학
76859,수학의바이블(중등),41,수학
132123,기출로 때려잡는,37,교육학
169366,쎈수학_베이직(중등),41,수학
78596,쎈수학_개념쎈(중등),41,수학
123481,쎈수학_라이트쎈(중등),41,수학
121691,웰컴투그래머(문법),37,교육학
121692,리스닝엔탑(듣기),37,교육학
121693,리딩엔탑(듣기),37,교육학
112952,단꿈영어(문법/독해),74,영어
179638,와이즈 Wise,37,교육학
112848,별VOCA(중등),37,교육학
106536,리딩익스텐션(독해),37,교육학
154951,쎈연산(중등),37,교육학
76903,쎈수학(중등),41,수학
76904,우공비(중등),37,교육학
76905,이그잼(문법/듣기),37,교육학
76906,우공비Q,37,교육학
76908,진짜영문법,37,교육학
76909,일품수학(중등),41,수학
164233,우공비 중학 국어,37,교육학
161588,초빈출,37,교육학
121696,리딩와이즈(독해),37,교육학
121635,라이팅와이즈(문법),37,교육학
106537,그래머와이즈(문법),37,교육학
76755,좋은책신사고,37,교육학
76746,지학사,45,지학
148657,특강,45,지학
148658,BEYOND,45,지학
148659,개념있는,45,지학
148660,개념풀특강,45,지학
149924,풍산자 테스트북,45,지학
149925,풍산자 반복수학,41,수학
149926,풍산자 개념완성,45,지학
149927,한권뚝딱,45,지학
76948,평가문제집,45,지학
76950,자습서,45,지학
76952,독서평설,45,지학
76955,The Real English,45,지학
76956,풍산자 필수유형,45,지학
168963,비문학 독해 연습,80,문학
122602,블랙라벨(중등),37,교육학
147636,그림어원(중등),37,교육학
122601,진학사(블랙박스),37,교육학
76767,창비교육,37,교육학
108773,종합문제집(중등),37,교육학
108774,자습서(중등),37,교육학
108775,내신문제집(중등),37,교육학
177561,개념 해결의법칙,37,교육학
177562,유형 해결의법칙,37,교육학
185822,바로푸는문법,37,교육학
173372,바로Listening,37,교육학
173373,바로VOCA(중등),37,교육학
173375,바로배경지식독해,37,교육학
164240,바로쓰는문법,37,교육학
173348,바로구문독해,37,교육학
178106,하루국어,37,교육학
178087,하루영어,74,영어
182445,하루사회.역사,90,역사
181507,하루과학,40,자연과학
178687,하루수학,41,수학
124982,열공 수학 기출,41,수학
140591,빅터연산(중등),37,교육학
121688,G코치,37,교육학
77005,체크체크,37,교육학
77006,최고수준 수학,41,수학
77009,해법신입생,37,교육학
77011,셀파(중등),37,교육학
135302,최강TOT수학(중등),41,수학
181915,시작은하루(중등),37,교육학
185821,바로 시리즈,37,교육학
182479,7일 끝(중등),37,교육학
134684,수학의힘(중등),41,수학
152452,ESC 과학,40,자연과학
174756,체크체크 N제,37,교육학
77003,Hello 그래머,37,교육학
164235,올백 수학 기출,41,수학
164236,짤강수학(중등),41,수학
164237,다품(중등),37,교육학
164239,더블클릭 연산,37,교육학
164242,MY VOCA 1800,37,교육학
134528,해결의법칙(중등),37,교육학
164251,DNA 국어,37,교육학
76739,천재교육,37,교육학
76764,키출판사,37,교육학
160086,문법이 내신이다,37,교육학
160087,구문이 독해다(중등),37,교육학
160089,절대로 영문법,37,교육학
160090,Englishbus 종합독해,37,교육학
160091,매3 수학(중등),41,수학
136725,단어가 읽기다(중등),37,교육학
136726,문법이 쓰기다(중등),37,교육학
172578,문법이 쓰기다 서술형,37,교육학
172704,고공행진,37,교육학
121133,월개수(중등),37,교육학
121704,수학의고수,41,수학
158425,정말기특한,37,교육학
158426,고득점 독해,37,교육학
158427,쓰기로마스터,37,교육학
158428,리딩인사이드,37,교육학
158429,원더영문법,37,교육학
158430,중학문법총정리,37,교육학
174201,유형더블수학,41,수학
108693,자습서/평가문제집,37,교육학
108687,문제로마스터,37,교육학
76974,주니어리딩튜터,37,교육학
76975,주니어리스닝튜터,37,교육학
76976,1316팬클럽,37,교육학
76977,주니어능률보카,37,교육학
76978,능률중학영어,74,영어
76981,그래머존,37,교육학
76984,능률영어듣기(중학),74,영어
76985,그래머인사이드,37,교육학
76986,주니어리딩엑스퍼트,37,교육학
76987,주니어리스닝엑스퍼트,37,교육학
158431,열중16강,37,교육학
158432,라이팅빌더,37,교육학
158433,리딩포워드,37,교육학
108696,1316문법,37,교육학
108697,1316듣기,37,교육학
108694,1316독해,37,교육학
108692,영어자습서(중학),74,영어
76979,내신평정(중학),37,교육학
76742,NE능률,37,교육학
160465,중학국어독해,37,교육학
139887,중학연산/도형,37,교육학
76731,중학영어전문교재,74,영어
76738,독해/작문,74,영어
76734,말하기/듣기,74,영어
76737,문법,74,영어
144577,어휘(단어/숙어),74,영어
76735,NEAT(국가영어능력평가),74,영어
76726,특목고대비,37,교육학
127768,학습/기타,37,교육학
76729,EBS 중등,37,교육학
76779,_중1,37,교육학
76780,_중2,37,교육학
76781,_중3,37,교육학
180003,30일수학,41,수학
141915,뉴런,37,교육학
187282,뉴런 고난도,37,교육학
146690,마이코치(영어),74,영어
76788,방과후영어,74,영어
184742,영어듣기능력평가,74,영어
76782,중학예비과정,37,교육학
76854,중1예비,37,교육학
76855,중2예비,37,교육학
76856,중3예비,37,교육학
114230,필독(국어),37,교육학
113050,한국사검정(중등),90,역사
180002,한장수학,41,수학
76787,EBSi강의교재(중등),37,교육학
1137,청소년,37,교육학
36380,고등교육과정,37,교육학
1147,논술참고도서,37,교육학
1146,수능시험성공수기,32,경제학
36379,중등교육과정,37,교육학
9671,청소년 경제,37,교육학
7268,청소년 고전,80,문학
50758,청소년 문학,80,문학
50759,청소년 소설,80,문학
50760,청소년 에세이/시,80,문학
1141,청소년 문화/예술,60,예술
1143,청소년 수학/과학,41,수학
1140,청소년 역사,90,역사
4410,청소년 영어,74,영어
1142,청소년 인문/사회,37,교육학
32663,청소년 인물,37,교육학
32399,청소년 자기계발,32,경제학
1139,청소년 철학,10,철학
2574,청소년과 성(性),37,교육학
28969,청소년의 사회생활,37,교육학
2012,청소년의 진로선택,37,교육학
1149,청소년이 쓴 책,37,교육학
4621,학습법,37,교육학
16208,교사를 위한 책,37,교육학
16209,인문.사회,37,교육학
16210,과학.환경.생태,40,자연과학
16211,역사.인물,90,역사
16212,문학,80,문학
16215,예술,60,예술
16233,중1부터,60,예술
16234,중2부터,60,예술
16235,중3부터,60,예술
16236,고1부터,60,예술
16237,고2부터,60,예술
16226,독서교육,37,교육학
16227,교육 일반.교육 에세이,80,문학
16238,중1부터,37,교육학
16239,중2부터,37,교육학
16240,중3부터,37,교육학
16241,고1부터,37,교육학
16242,고2부터,37,교육학
16216,중1부터,40,자연과학
16217,중2부터,40,자연과학
16218,중3부터,40,자연과학
16219,고1부터,40,자연과학
16220,고2부터,40,자연과학
16228,중1부터,90,역사
16229,중2부터,90,역사
16230,중3부터,90,역사
16231,고1부터,90,역사
16232,고2부터,90,역사
16221,중1부터,80,문학
16222,중2부터,80,문학
16223,중3부터,80,문학
16224,고1부터,80,문학
16225,고2부터,80,문학
16203,중1부터,37,교육학
16204,중2부터,37,교육학
16205,중3부터,37,교육학
16206,고1부터,37,교육학
16207,고2부터,37,교육학
16256,교사를 위한 책,37,교육학
16257,문학,80,문학
16258,인문.사회,37,교육학
16259,과학.환경.생태,40,자연과학
16260,예술,60,예술
16261,역사.인물,90,역사
16262,문학,80,문학
16263,인문.사회,37,교육학
16264,과학.환경.생태,40,자연과학
16265,예술,60,예술
16266,역사.인물,90,역사
16267,문학,80,문학
16268,인문.사회,37,교육학
16269,과학.환경.생태,40,자연과학
16270,예술,60,예술
16271,역사.인물,90,역사
16243,문학,80,문학
16244,인문.사회,37,교육학
16245,과학.환경.생태,40,자연과학
16246,역사.인물,90,역사
16248,예술,60,예술
16249,문학,80,문학
16250,인문.사회,37,교육학
16252,과학.환경.생태,40,자연과학
16253,예술,60,예술
16254,역사.인물,90,역사
16272,독서교육,37,교육학
16273,교육 일반.교육 에세이,80,문학
11772,중1,40,자연과학
11773,중2,40,자연과학
11774,중3,40,자연과학
11775,고1,40,자연과학
11766,근대사,37,교육학
11734,.고려시대,37,교육학
11721,.조선시대,37,교육학
11724,..선사 및 고대,37,교육학
11729,중1,37,교육학
11730,중2,37,교육학
11732,중3,37,교육학
11733,고1,37,교육학
11776,중1,37,교육학
11777,중2,37,교육학
11778,중3,37,교육학
11779,고1,37,교육학
11767,중1,37,교육학
11768,중2,37,교육학
11769,중3,37,교육학
11770,고1,37,교육학
11780,중1,41,수학
11781,중2,41,수학
11782,중3,41,수학
11783,고1,41,수학
50246,초등학교참고서,37,교육학
52102,1학년,37,교육학
52147,국어(초등1),37,교육학
52151,기타(초등1),37,교육학
52149,수학(초등1),41,수학
52148,영어(초등1),74,영어
52150,중간/기말/총정리(초등1),37,교육학
52103,2학년,37,교육학
52152,국어(초등2),37,교육학
52157,기타(초등2),37,교육학
52155,수학(초등2),41,수학
52154,영어(초등2),74,영어
52156,중간/기말/총정리(초등2),37,교육학
52106,3학년,37,교육학
52162,과학(초등3),40,자연과학
52158,국어(초등3),37,교육학
52164,기타(초등3),37,교육학
52161,사회(초등3),37,교육학
52160,수학(초등3),41,수학
52159,영어(초등3),74,영어
52163,중간/기말/총정리(초등3),37,교육학
52107,4학년,37,교육학
52169,과학(초등4),40,자연과학
52165,국어(초등4),37,교육학
52171,기타(초등4),37,교육학
52168,사회(초등4),37,교육학
52167,수학(초등4),41,수학
52166,영어(초등4),74,영어
52170,중간/기말/총정리(초등4),37,교육학
52108,5학년,37,교육학
52176,과학(초등5),40,자연과학
52172,국어(초등5),37,교육학
52178,기타(초등5),37,교육학
52175,사회(초등5),37,교육학
52174,수학(초등5),41,수학
52173,영어(초등5),74,영어어
52177,중간/기말/총정리(초등5),37,교육학
52109,6학년,37,교육학
52183,과학(초등6),40,자연과학
52179,국어(초등6),37,교육학
52185,기타(초등6),37,교육학
52182,사회(초등6),37,교육학
52181,수학(초등6),41,수학
52180,영어(초등6),74,영어어
52184,중간/기말/총정리(초등6),37,교육학
52116,경시/올림피아드,37,교육학
52203,과학,40,자연과학
52204,기타,37,교육학
52202,수학,41,수학
52111,국어독해/어휘/논술,37,교육학
150174,국어독해(초등),37,교육학
129703,논술정기간행물(초등),37,교육학
52190,어휘/쓰기,37,교육학
52189,초등논술,37,교육학
89769,단계별 연산/계산,37,교육학
7059,미취학 학습,37,교육학
69648,국어/한글,37,교육학
69651,기타,37,교육학
69649,수학,41,수학
69650,영어,74,영어
80546,예비초등,37,교육학
87853,한자,37,교육학
86701,서술형.논술형,37,교육학
86705,과학,40,자연과학
86702,국어/논술,37,교육학
86706,기타,37,교육학
86704,사회,37,교육학
86703,수학,41,수학
52115,영재교육원대비,37,교육학
52200,과학,40,자연과학
52201,기타,37,교육학
52199,수학,41,수학
52114,예비중학,37,교육학
52196,국제중,37,교육학
52198,반편성,37,교육학
52197,일반,37,교육학
52100,전과/자습서,37,교육학
52133,1학년,37,교육학
52135,2학년,37,교육학
52136,3학년,37,교육학
52137,4학년,37,교육학
52138,5학년,37,교육학
52140,6학년,37,교육학
52113,초등영어전문교재,74,영어
64193,단어,74,영어
55556,독해,74,영어
78604,말하기/듣기,74,영어
52195,문법,74,영어
52194,파닉스,74,영어
52193,회화,74,영어
78605,NEAT(국가영어능력평가),74,영어
80227,PELT(국가공인실용영어),74,영어
7839,초등학교 출판사별,37,교육학
32856,기탄국어,37,교육학
14806,기탄만화교과서,80,문학
12437,기탄영어,74,영어
7871,기탄한자,37,교육학
7872,기탄사고력수학,41,수학
7873,스탠퍼드영단어,37,교육학
10724,기탄큰수학,41,수학
11943,기탄급수한자,37,교육학
11945,기탄한석봉한자,37,교육학
11947,새기탄국어,37,교육학
11951,기탄수학,41,수학
153864,기탄영역별수학,41,수학
7867,기탄교육,37,교육학
54112,길벗스쿨,37,교육학
125347,미국교과서 핵심영단어,37,교육학
73150,기적_수학문장제,41,수학
115053,기적_맞춤법/받아쓰기,37,교육학
115054,기적_일기쓰기,37,교육학
119380,기적_명문장따라쓰기,37,교육학
185771,기적_영어리딩,74,영어
185772,기적_초등영문법,37,교육학
185773,기적_영어일기,74,영어
185774,기적_영어낭독,74,영어
185775,기적_문법+영작,37,교육학
108667,American Textbook,37,교육학
108668,기적_독서논술,37,교육학
108669,기적_미국교과서받아쓰기,37,교육학
108670,기적_영어패턴익히기,74,영어
108671,기적_영어문장만들기,74,영어
118486,미국교과서 Reading,37,교육학
111952,기적_한자학습,37,교육학
68904,기적_계산법,37,교육학
123293,기적_맨처음영단어,37,교육학
142252,기적_독해력,37,교육학
122756,기적_초등수학,41,수학
185768,미국교과서 리스닝,37,교육학
185769,기적_사이트워드,37,교육학
185770,기적_트레이닝,37,교육학
185897,기적_계산법응용UP,37,교육학
185898,기적_역사논술,90,역사
122655,Starter,37,교육학
118487,Easy,37,교육학
118488,Basic,37,교육학
118489,Advanced,37,교육학
128125,Early,37,교육학
174278,큐브S_개념응용,41,수학
130529,큐브S_개념,41,수학
139318,큐브S_실력,41,수학
134615,큐브S_심화,41,수학
179524,비문학 독해,80,문학
164664,문학 독해,80,문학
164665,국어 문법,37,교육학
164666,국어 어휘,37,교육학
164667,유리수/방정식/도형,37,교육학
164668,한국사,90,역사
164671,과학,40,자연과학
164672,한국사,90,역사
179522,구구단,37,교육학
179523,연산 분수,37,교육학
162824,맞춤법+받아쓰기,37,교육학
162825,수학 연산,41,수학
162826,국어 독해,37,교육학
162828,급수 한자,37,교육학
65350,백점사회,37,교육학
65339,백점국어,37,교육학
65340,백점수학,41,수학
65341,백점과학,40,자연과학
65342,백점바슬즐,37,교육학
65343,백점세트_전과목,37,교육학
65344,백점세트_국사과,37,교육학
7988,동아출판,37,교육학
149766,초고필,37,교육학
162823,그래머 클리어,37,교육학
152268,비주얼씽킹,37,교육학
8111,동아전과,37,교육학
65338,백점시리즈,37,교육학
65345,백점단원평가,37,교육학
129979,큐브수학S,41,수학
164669,하이탑(초등),37,교육학
164670,초능력,37,교육학
164673,뜯어먹는 영단어(초등),37,교육학
7956,디딤돌,37,교육학
165584,국어독해력,37,교육학
88522,21일만 따라하면,37,교육학
149146,최상위사고력,37,교육학
31560,최상위수학(초등),41,수학
186017,초등 첫 공부,37,교육학
176995,국사과 통합본,37,교육학
176996,전과목 세트,37,교육학
79221,디딤돌수학,41,수학
123562,최상위연산,37,교육학
149443,최상위수학S,41,수학
114705,감각연산,37,교육학
114708,올림피아드,37,교육학
114710,창의융합어휘,37,교육학
186018,문법으로 Writing(초등),37,교육학
186019,나는 초등고학년이다,37,교육학
177000,디딤돌_문제유형,41,수학
177001,디딤돌_응용,41,수학
177002,디딤돌_기본+유형,41,수학
177003,디딤돌_기본+응용,41,수학
176997,디딤돌_원리,41,수학
176998,디딤돌_기본,41,수학
186259,교과서 영단어,37,교육학
186260,영어 받아쓰기.듣기,74,영어
186253,뿌리깊은(초등),37,교육학
186261,영문법 3800제(초등),37,교육학
186262,영문법 777,37,교육학
186254,국어한자,37,교육학
186255,국어독해력,37,교육학
186252,마더텅,37,교육학
109566,메가스터디북스,37,교육학
159119,주제별,37,교육학
159120,한국사,90,역사
178058,세계사,90,역사
178059,사회탐구,33,사회문제
109567,메가계산력,37,교육학
122714,메가도형력,37,교육학
130437,메가영문법,37,교육학
178054,1일1독해,37,교육학
178055,메가영단어(초등),37,교육학
178057,메가영문법쓰기,37,교육학
178060,브릿지보카,37,교육학
185777,문해력 한문장,37,교육학
117225,메가독서논술,37,교육학
130187,메가어휘력,37,교육학
139891,메가수학(초등),41,수학
8449,미래엔,37,교육학
163113,한장 중국어,72,동양어
163114,한장 English BITE,53,공학
120556,유형맞짱,37,교육학
122069,수학중심,41,수학
151451,한장 한자,37,교육학
148738,한장 쏙셈수학,41,수학
10481,문제해결의길잡이,37,교육학
181960,한장 한국사,90,역사
181961,한장 창의력쏙셈,32,경제학
181962,한장 예비초등,37,교육학
158835,탐깨비,37,교육학
158836,글자 바로쓰기,37,교육학
158837,어휘 바로알기,37,교육학
158838,도형 바로알기,37,교육학
162499,문법 바로알기,37,교육학
141762,한장 독해국어,37,교육학
68493,심화편,37,교육학
68494,원리편,37,교육학
151182,교과서 유형잡기,37,교육학
162752,이것만알자,37,교육학
12988,한끝(초등),37,교육학
35939,개념+유형(초등),37,교육학
124180,스페셜세트,37,교육학
14625,한권예비중학,37,교육학
178394,독해톡,37,교육학
178395,어휘톡,37,교육학
178397,초등수능독해,37,교육학
108463,교과서 개념잡기,37,교육학
54644,오투과학(초등),40,자연과학
65044,완자(초등),37,교육학
173658,개념+연산수학,41,수학
108478,리딩스파크,37,교육학
65484,한끝국어,37,교육학
65485,한끝사회,37,교육학
108464,라이트(초등),37,교육학
108466,개념+유형(1~2학년),37,교육학
108468,파워(초등),37,교육학
130272,최상위탑,37,교육학
12987,비상교육,37,교육학
36240,완자사회,37,교육학
35999,완자과학,40,자연과학
35996,완자국어,37,교육학
65482,세트_전과목,37,교육학
65483,세트_국사과,37,교육학
65494,완자수학,41,수학
170808,수경출판사,37,교육학
170809,수력충전 수학(초등),41,수학
170810,자이 수학(초등),41,수학
170811,자이 영어 듣기(초등),74,영어
170812,자이 국어 독해력,37,교육학
170813,바로바로 영문법,37,교육학
170814,자이 초등 영문법,37,교육학
185736,자이 영어 독해(예비중),74,영어
120850,최상급,41,수학
70973,개념/유형,41,수학
26048,시매쓰,37,교육학
122481,빨강연산,37,교육학
69034,영재교육원1031,37,교육학
26629,상위권연산960,37,교육학
120849,생각수학,41,수학
71195,상위권수학960,41,수학
181243,빨강도형,37,교육학
32714,P단계_6-7세,37,교육학
32715,A단계_1학년,37,교육학
32716,B단계_2학년,37,교육학
32717,C단계_3학년,37,교육학
62772,D단계_4학년,37,교육학
124223,사고력수학,41,수학
69033,영재성검사,37,교육학
29079,영리한수학,41,수학
71828,B단계_2학년,41,수학
78296,D단계_4학년,41,수학
71196,A단계_1학년,41,수학
71534,P단계_6.7세,41,수학
72399,C단계_3학년,41,수학
149762,시서례,37,교육학
149763,훈민정음,37,교육학
149764,독해력 비타민,37,교육학
110528,원리왕수학,41,수학
110529,포인트왕수학,41,수학
110530,점프왕수학,41,수학
110531,응용왕수학,41,수학
110532,올림피아드,37,교육학
181928,꼭알_수학서술형,41,수학
181929,꼭알_사고력연산,37,교육학
122588,꼭알_수와연산,37,교육학
122589,꼭알_도형,37,교육학
122591,꼭알_수학문장제,41,수학
110527,에듀왕,37,교육학
177369,이지스에듀,37,교육학
177371,바빠 교과서 연산,37,교육학
177372,바빠 연산법,37,교육학
177373,나혼자푼다,37,교육학
177374,바빠 파닉스,37,교육학
177375,바빠 영어,74,영어
177376,바빠 급수한자,37,교육학
177377,7살 첫,37,교육학
177289,일일한자,37,교육학
178789,일일수학,41,수학
178790,일일어법,37,교육학
150790,일일독해,37,교육학
163474,일일어휘,37,교육학
163475,일일사회/과학,40,자연과학
178062,일일영단어,37,교육학
15988,좋은책신사고,37,교육학
15989,쎈수학(초등),41,수학
121593,쎈수학_최상위,41,수학
161506,쎈수학_라이트(초등),41,수학
161507,쎈수학_개념쎈(초등),41,수학
69289,우공비문제집,37,교육학
122356,쎈연산,37,교육학
165460,일일공부,37,교육학
35678,우공비(과목별),37,교육학
69290,우공비국사과세트,37,교육학
54716,우공비+쎈세트,37,교육학
54717,우공비전과목세트,37,교육학
168958,지학사,45,지학
168959,독해력 자신감,45,지학
168960,풍산자 개념x연산,45,지학
168961,풍산자 개념x유형,45,지학
168962,풍산자 개념x서술형,45,지학
175053,옐로커버에디션,41,수학
175054,레드커버에디션,41,수학
163065,하루독해,37,교육학
177390,하루VOCA,37,교육학
128911,빅터연산(초등),37,교육학
178215,하루사회,37,교육학
178216,하루과학,40,자연과학
179561,하루글쓰기,37,교육학
177306,하루도형,37,교육학
177307,하루수학,41,수학
174754,하루어휘,37,교육학
177808,하루사고력,37,교육학
179340,하루계산,37,교육학
163050,과학리더,40,자연과학
163051,국어리더,37,교육학
163052,사회리더,37,교육학
116253,창의력수학노크,41,수학
124219,사고력수학노크,41,수학
128717,연산력수학노크,41,수학
135546,기본리더,41,수학
131141,개념리더,41,수학
131142,응용심화리더,41,수학
16972,해법수학,41,수학
16973,우등생평가,37,교육학
7928,천재교육,37,교육학
65530,해법과학,40,자연과학
65531,해법국어,37,교육학
65532,해법사회,37,교육학
65533,해법영어,74,영어
65534,해법세트,37,교육학
65535,해법바슬즐,37,교육학
65536,해법예체능,37,교육학
65537,해법수학,41,수학
124217,노크시리즈,37,교육학
163045,개념꿀꺽,37,교육학
163046,교과서 다품(초등),37,교육학
163047,짤강수학(초등),41,수학
163049,리더_국사과,37,교육학
147919,HME수학(초등),41,수학
16967,해법 급수한자,37,교육학
28852,최고수준수학,41,수학
133968,최강TOT수학(초등),41,수학
54204,초등셀파English,37,교육학
130567,리더_수학,41,수학
131140,_월간학습지,37,교육학
13409,우등생전과,37,교육학
110231,열공단원평가,37,교육학
110234,수학단원평가,41,수학
16418,해법 기초계산,37,교육학
177304,똑똑한 하루,37,교육학
67708,전과목올백,37,교육학
134683,수학의힘(초등),41,수학
8010,해법수학경시,41,수학
8014,계산박사,37,교육학
8002,우등생해법,37,교육학
174755,Grammar Zap,37,교육학
62662,해법총정리,37,교육학
162328,GO!매쓰,37,교육학
131057,해결의법칙(초등),37,교육학
65539,개념클릭,37,교육학
65550,초등영어교과서,74,영어
175052,수학도 독해가 힘이다,41,수학
173353,LET'S GO,37,교육학
11824,학습지 해법논술,37,교육학
162180,닥터유형,37,교육학
121891,교과서영단어,74,영어
65551,교과서회화,74,영어
65552,교과서파닉스,74,영어
63364,읽는영단어,37,교육학
87259,읽는리스닝&스피킹,37,교육학
87260,읽는리딩,37,교육학
136720,리딩펀,37,교육학
136721,리스닝펀,37,교육학
170966,읽는라이팅,37,교육학
33791,키출판사,37,교육학
175594,소수 개념이 먼저다,37,교육학
163682,구문이독해다(초등),37,교육학
163684,어메이징 파닉스,37,교육학
163685,파닉스가 스타트다,37,교육학
163686,분수 개념이 먼저다,37,교육학
163687,그림으로 개념 잡는 수학,41,수학
69428,미국교과서,37,교육학
136723,단어가 읽기다(초등),37,교육학
136724,문법이 쓰기다(초등),37,교육학
170964,초집중 영문법,37,교육학
170965,초집중 영단어,37,교육학
170967,국어 한자가 어휘력이다,37,교육학
167228,어휘력이 독해력이다,37,교육학
66883,NE능률,37,교육학
122613,수학의고수(초등),41,수학
121129,월개수(초등),37,교육학
78315,리딩버디,37,교육학
78316,그래머빈,37,교육학
78319,리스닝버디,37,교육학
78320,그래머버디,37,교육학
130621,세토독(논술),37,교육학
174199,세토한자,37,교육학
174202,사고셈,37,교육학
174203,수능까지 이어지는 수학,41,수학
175381,세토한국사,90,역사
152405,세토어휘,37,교육학
163885,초등한국사,90,역사
52112,초등한자/중국어,72,동양어
52192,급수한자/쓰기,72,동양어
163030,중국어,72,동양어
131616,학습교구,37,교육학
63824,학습월간지(초등),37,교육학
52101,EBS 초등,37,교육학
52141,1학년,37,교육학
52142,2학년,37,교육학
52143,3학년,37,교육학
52144,4학년,37,교육학
52145,5학년,37,교육학
52146,6학년,37,교육학
177476,겨울방학 영어(강의노트),74,영어
124187,계산왕(연산),37,교육학
124188,기초영문법,37,교육학
177488,독해가 만날 때,37,교육학
158106,독해력4주완성,37,교육학
187144,만점왕고난도,37,교육학
89011,만점왕기본서,37,교육학
177187,만점왕연산,37,교육학
89012,만점왕평가문제집,37,교육학
73194,방과후영어,74,영어
53898,방학생활,37,교육학
69539,여름방학,37,교육학
69540,겨울방학,37,교육학
123296,수학의자신감,41,수학
163561,수학플러스,41,수학
124189,스토리한국사,90,역사
177490,어휘가독해다,37,교육학
177489,참쉬운글쓰기,37,교육학
177182,참쉬운급수한자,37,교육학
170261,탐구생활,37,교육학
113051,한국사검정,90,역사
177142,홈스쿨영어,74,영어
351,컴퓨터/모바일,53,공학
2630,그래픽/멀티미디어,53,공학
2643,3ds max,53,공학
2632,그래픽 일반,53,공학
2672,디렉터,53,공학
2669,멀티미디어 타이틀/컴퓨터 음악,67,음악(음반)
7439,코렐드로우/페인터,53,공학
2633,포토샵,53,공학
2673,프리미어/베가스,53,공학
2648,CAD,53,공학
2655,DTP,53,공학
2645,Maya,53,공학
55977,모바일 프로그래밍,53,공학
55981,모바일/임베디드,53,공학
55978,아이폰/아이패드,53,공학
55979,안드로이드,53,공학
55055,스마트폰/태블릿/SNS,53,공학
55057,스마트폰/태블릿,53,공학
55056,SNS,53,공학
2599,오피스(엑셀/파워포인트),53,공학
2607,액세스,53,공학
2602,엑셀,53,공학
2601,워드,53,공학
2606,파워포인트,53,공학
2608,한글(한글과컴퓨터),53,공학
2600,MS 오피스,53,공학
6348,웹디자인/홈페이지,60,예술
2663,나모 웹에디터,60,예술
2665,드림위버,60,예술
2662,웹기획,60,예술
7395,웹디자인 기타,60,예술
2661,웹디자인 입문,60,예술
6163,일러스트레이터,60,예술
6165,포토샵,60,예술
2666,플래시,60,예술
6355,HTML/JavaScript,60,예술
128622,초중고 소프트웨어 교육/코딩,53,공학
128624,중등,53,공학
128623,초등,53,공학
2719,컴퓨터 공학,53,공학
2737,네트워크/데이터 통신,53,공학
6794,데이터베이스 개론,53,공학
2744,마이크로프로세서,53,공학
2724,소프트웨어 공학,53,공학
2732,자료구조/알고리즘,53,공학
2735,전산수학(SPSS/MATLAB),41,수학
3239,정보통신공학,53,공학
2721,컴퓨터공학/전산학 개론,53,공학
5056,그래픽/웹디자인,60,예술
5058,프로그래밍,53,공학
5059,네트워크/운영체제,53,공학
5061,PC/디지털카메라,53,공학
5063,오피스,53,공학
6576,프로그래밍/네트워크,53,공학
6577,그래픽/웹디자인,60,예술
6578,오피스/PC/주변기기,53,공학
7396,프로그래밍 개발/방법론,53,공학
6589,객체지향 프로그래밍/UML,53,공학
2756,게임 프로그래밍,53,공학
7411,네트워크 프로그래밍,53,공학
427,데이터베이스 프로그래밍,53,공학
6593,SQL,53,공학
2065,Access,53,공학
2509,Oracle,53,공학
2510,MS SQL Server,53,공학
2684,MySQL,53,공학
1714,데이터베이스 구축,53,공학
2753,리눅스/유닉스 프로그래밍,53,공학
6188,모바일/무선/임베디드 프로그래밍,53,공학
35322,애플/아이폰/안드로이드 프로그래밍,53,공학
6627,웹 서비스/웹 프로그래밍,53,공학
2687,윈도우 프로그래밍,53,공학
6720,프로그래밍 기초/개발 방법론,53,공학
437,프로그래밍 언어,70,언어
6356,.NET,70,언어
6358,Visual C++.NET,70,언어
6360,C#,70,언어
6361,ASP.NET,70,언어
6362,Visual Basic.NET,70,언어
6365,.NET 일반,70,언어
6989,델파이,70,언어
2502,자바,70,언어
6734,파이썬,70,언어
6357,프로그래밍 언어 기타,70,언어
14605,Ajax,70,언어
6350,ASP,70,언어
6385,C,70,언어
6386,C++,70,언어
7397,JSP,70,언어
35323,Objective C / 애플 어플리케이션,70,언어
2704,Perl/CGI,70,언어
6351,PHP,70,언어
15778,Ruby/Rails,70,언어
6353,Visual Basic,70,언어
6352,Visual C++,70,언어
6437,XML,70,언어
479,활용능력,53,공학
6892,사무자동화,53,공학
2836,신규 자격증/자격증 기타,53,공학
6995,워드프로세서,53,공학
6996,워드프로세서 필기,53,공학
6997,워드프로세서 실기,53,공학
12984,웹디자인 기능사,60,예술
485,인터넷정보관리사,53,공학
2999,전자상거래,53,공학
2847,정보기기/정보통신,53,공학
7013,정보처리기능사,53,공학
7012,정보처리기사,53,공학
7014,정보처리산업기사,53,공학
6891,컬러리스트,53,공학
483,컴퓨터그래픽스,53,공학
486,컴퓨터활용능력,53,공학
7006,컴퓨터활용능력 필기,53,공학
7007,컴퓨터활용능력 실기,53,공학
5581,CCNA/CCNP,53,공학
68185,DIAT,53,공학
36134,GTQ,53,공학
6636,ITQ,53,공학
2835,MCP/MCSE,53,공학
6436,MOS/MCAS,53,공학
2839,Oracle OCA/OCP,53,공학
2838,SCJP,53,공학
2349,e비즈니스/창업,32,경제학
2413,공공정책/자료,32,경제학
2757,디지털 문화,32,경제학
2350,e-비즈니스/온라인 창업,32,경제학
363,OS/Networking,53,공학
6369,네트워크 구축,53,공학
387,네트워크 보안/해킹,53,공학
6381,리눅스,53,공학
2767,매킨토시,53,공학
2765,윈도우즈,53,공학
49733,Windows 7/Windows 8,53,공학
2770,Windows 2000/Windows 2003,53,공학
2773,Windows XP/Windows Vista,53,공학
2766,유닉스,53,공학
2613,PC/게임/디지털 카메라,53,공학
6346,게임,53,공학
6889,디지털 카메라,53,공학
6890,디지털 캠코더,53,공학
2615,인터넷/윈도우즈 배우기,53,공학
3023,초보자를 위한 컴퓨터 책,53,공학
2621,PC 조립/고장 수리,53,공학
6273,그녀에게,80,문학
6095,스타일이 사는 남자,59,가정학
6098,스타일이 사는 여자,59,가정학
6097,좋은 엄마,59,가정학
6274,그에게,80,문학
6094,좋은 아빠,80,문학
6099,특별한 그녀에게,80,문학
6096,특별한 그에게,80,문학
6275,모두에게,80,문학
6062,단순한 삶,80,문학
6067,동물사랑,59,가정학
6068,만화광/영화광,80,문학
6064,"멋진 연애, 행복한 결혼",59,가정학
6065,몸과 운동,69,오락/스포츠
9188,부자가 되고싶은 이에게,80,문학
8968,수능끝난 이에게,37,교육학
6070,어른을 위한 그림책,80,문학
6066,위로와 용기,80,문학
6071,유머를 아는 그 사람,80,문학
6061,일과 성공,32,경제학
6063,일상탈출,80,문학
6069,잘 먹고 잘 살기,80,문학
6072,지적인 그 사람,80,문학
6276,어린이에게,37,교육학
6090,나도 동생 있어요!,37,교육학
6088,당당한 여자아이,37,교육학
6093,두고두고 읽을 책,37,교육학
6089,랄랄라 즐거운 학교,37,교육학
6082,만 0~3세,37,교육학
6083,만 4~6세,37,교육학
6084,"초등 1,2학년",37,교육학
6085,"초등 3,4학년",37,교육학
6086,"초등 5,6학년",37,교육학
6087,초등 전학년,37,교육학
6092,한글을 배워요!,37,교육학
6091,"A,B,C를 시작해요!",37,교육학
6277,특별한 날,80,문학
6078,감사/축하,80,문학
6075,결혼,59,가정학
6152,새집,59,가정학
6079,생일_아이,37,교육학
6080,생일_어른,80,문학
7357,성년의 날,80,문학
7356,스승의 날,80,문학
6153,승진,80,문학
6154,신장개업,80,문학
6076,임신/출산,80,문학
6077,입학/졸업,80,문학
6204,직접 선물 만들기,80,문학
8633,추석,80,문학
9226,크리스마스,80,문학
5911,가요,67,음악(음반)
7738,뉴에이지,67,음악(음반)
5921,댄스뮤직,67,음악(음반)
5922,록,67,음악(음반)
5920,발라드/R&B,67,음악(음반)
5924,성인가요/트로트,67,음악(음반)
75392,아티스트 관련상품(국내),68,공연예술/연극
5925,인디음악,67,음악(음반)
36382,일렉트로닉/하우스,67,음악(음반)
36384,재즈/블루스,67,음악(음반)
5926,컴필레이션,68,공연예술/연극
36383,포크음악,67,음악(음반)
9852,제1회 한국대중음악상 수상작 모음,67,음악(음반)
35919,제2회 한국대중음악상 수상작 모음,67,음악(음반)
35920,제3회 한국대중음악상 수상작 모음,67,음악(음반)
16088,제4회 한국대중음악상 수상작 모음,67,음악(음반)
27894,제5회 한국대중음악상 수상작 모음,67,음악(음반)
35918,제6회 한국대중음악상 수상작 모음,67,음악(음반)
48633,제7회 한국대중음악상 수상작 모음,67,음악(음반)
55679,제8회 한국대중음악상 수상작,67,음악(음반)
5923,힙합,68,공연예술/연극
5918,국악,672,음악
5950,국악-소리,672,음악
8187,국악-연주,672,음악
8188,국악-크로스오버,672,음악
5953,기타,672,음악
28640,상품권,0,
54123,오디오파일,67,음악(음반)
68704,오디오파일_CD/LP,67,음악(음반)
35344,CD,67,음악(음반)
35343,LP,67,음악(음반)
79050,월드뮤직,67,음악(음반)
29986,아메리카음악,67,음악(음반)
66981,라틴,67,음악(음반)
66982,레게,67,음악(음반)
66983,보사노바,67,음악(음반)
66984,브라질리언,67,음악(음반)
66985,살사,67,음악(음반)
66986,삼바,67,음악(음반)
66987,인디안,67,음악(음반)
66988,쿠반,67,음악(음반)
66989,탱고,67,음악(음반)
5951,아시아음악,67,음악(음반)
66991,일본,67,음악(음반)
66993,중국,67,음악(음반)
66990,중동,67,음악(음반)
29987,아프리카음악,67,음악(음반)
5952,유럽음악,67,음악(음반)
66995,그리스,67,음악(음반)
66996,러시안,67,음악(음반)
66997,이탈리안,67,음악(음반)
66998,집시,67,음악(음반)
66999,칸소네,67,음악(음반)
67000,켈틱,67,음악(음반)
67001,파두,67,음악(음반)
67002,프렌치,67,음악(음반)
67003,플라맹고,67,음악(음반)
15013,컴필레이션 월드뮤직,67,음악(음반)
5916,재즈,67,음악(음반)
5943,성악곡(vocal),67,음악(음반)
5942,연주곡(Instrumental),67,음악(음반)
49214,재즈 시리즈,67,음악(음반)
50002,재즈 레이블별,67,음악(음반)
49475,재즈 명반 100선,67,음악(음반)
49476,아마존 선정 100대 명반,68,공연예술/연극
49477,올어바웃재즈 선정 100대 명반,67,음악(음반)
50004,재즈 악기별,67,음악(음반)
50005,색소폰(알토/테너),68,공연예술/연극
50006,피아노/오르간/키보드,68,공연예술/연극
50007,트럼펫/기타/드럼/베이스,672,음악
50008,보컬,68,공연예술/연극
7740,컴필레이션 재즈,67,음악(음반)
6289,퓨전/애시드,68,공연예술/연극
5919,종교/명상/기타,20,종교
16690,가톨릭음악,67,음악(음반)
5954,기독교음악,23,기독교
5960,기타,20,종교
5958,동요,20,종교
5956,명상음악,67,음악(음반)
5955,불교음악,22,불교
5959,캐롤,20,종교
5957,태교음악,67,음악(음반)
53687,증정용 음악상품권,67,음악(음반)
5915,클래식,67,음악(음반)
15017,고음악,67,음악(음반)
127045,관련상품 굿즈, 0,
5933,관현악/교향곡,67,음악(음반)
110089,독주곡,67,음악(음반)
110095,기타(Guitar),672,음악
110091,바이올린,67,음악(음반)
110092,첼로,68,공연예술/연극
110094,클라리넷,68,공연예술/연극
110093,플루트,68,공연예술/연극
110090,피아노,68,공연예술/연극
110096,etc,68,공연예술/연극
108067,블루레이 오디오,68,공연예술/연극
5938,성악/오페라,68,공연예술/연극
5935,실내악,68,공연예술/연극
5941,컴필레이션 클래식,67,음악(음반)
5940,크로스오버,68,공연예술/연극
26261,클래식 시리즈,67,음악(음반)
48300,2005년 러프가이드 선정음반,68,공연예술/연극
48301,A_E,68,공연예술/연극
48302,F_J,68,공연예술/연극
48303,K_O,68,공연예술/연극
48304,P_T,68,공연예술/연극
48305,U_Z,68,공연예술/연극
31991,2008년 그라모폰가이드 선정음반,68,공연예술/연극
31976,GGG,68,공연예술/연극
30425,Gem,68,공연예술/연극
30824,Key,68,공연예술/연극
30825,Rosette,68,공연예술/연극
30826,Key & Rosette,68,공연예술/연극
30823,2008년 펭귄가이드 선정음반,68,공연예술/연극
30429,2008년 NPR가이드 선정음반,68,공연예술/연극
31977,관현/교향곡,68,공연예술/연극
31978,협주곡,68,공연예술/연극
31979,독주곡,67,음악(음반)
49210,2010년 그라모폰가이드 선정음반,68,공연예술/연극
52302,2010년 러프가이드 선정음반,68,공연예술/연극
129329,2016년 그라모폰 어워드 수상작,68,공연예술/연극
36375,글로싸 캐비넷 시리즈,68,공연예술/연극
32202,낭만주의 협주곡 시리즈,68,공연예술/연극
35457,러프가이드 선정음반,68,공연예술/연극
35306,악기별 시리즈,68,공연예술/연극
35307,Violin,68,공연예술/연극
35308,Cello,68,공연예술/연극
35309,Piano,68,공연예술/연극
35310,Wind & Strings,68,공연예술/연극
62808,야니케,68,공연예술/연극
62809,그뤼미오,68,공연예술/연극
62810,피셔,68,공연예술/연극
62812,이작 펄만,68,공연예술/연극
62813,에네스,68,공연예술/연극
62814,조슈아 벨,68,공연예술/연극
62815,정경화,68,공연예술/연극
62816,테츨라프,68,공연예술/연극
62817,고묘,68,공연예술/연극
62818,모르드코비치,68,공연예술/연극
62819,민츠,68,공연예술/연극
62820,카바코스,68,공연예술/연극
62821,장영주,68,공연예술/연극
62822,무터,68,공연예술/연극
62823,버스웰,68,공연예술/연극
62824,앨먼,68,공연예술/연극
62825,하이페츠,68,공연예술/연극
62826,레핀,68,공연예술/연극
62827,벤게로프,68,공연예술/연극
62828,길 샤함,68,공연예술/연극
62829,즈나이더,68,공연예술/연극
62830,타케자와,68,공연예술/연극
62831,포저,68,공연예술/연극
62832,초량린,68,공연예술/연극
62833,짐머만,68,공연예술/연극
62834,쉐링,68,공연예술/연극
62835,슈나이더한,68,공연예술/연극
62836,샤만,68,공연예술/연극
62837,메뉴인,68,공연예술/연극
62838,밀스타인,68,공연예술/연극
62839,마르찌,68,공연예술/연극
62673,장한나,68,공연예술/연극
62674,로스트로포비치,68,공연예술/연극
62759,카잘스,68,공연예술/연극
62760,하인리히 쉬프,68,공연예술/연극
62761,슈타커,68,공연예술/연극
62762,뫼르크,68,공연예술/연극
62763,빌스마,68,공연예술/연극
62764,클리겔,68,공연예술/연극
62765,지안 왕,68,공연예술/연극
62766,벤다,68,공연예술/연극
62767,토마스 미푸네,68,공연예술/연극
62768,푸르니에,68,공연예술/연극
62769,재클린 뒤 프레,68,공연예술/연극
62770,야니그로,68,공연예술/연극
62771,이셜리스,68,공연예술/연극
72132,하워드 셸리,68,공연예술/연극
62779,카바체비치,68,공연예술/연극
62780,모라베츠,68,공연예술/연극
62781,프레이르,68,공연예술/연극
62782,루빈스타인,68,공연예술/연극
62784,플로레스탄 트리오,68,공연예술/연극
62785,플레트네프,68,공연예술/연극
62786,허프,68,공연예술/연극
62787,보자르 트리오,68,공연예술/연극
62788,켐프,68,공연예술/연극
62789,아쉬케나지,68,공연예술/연극
62790,페라이어,68,공연예술/연극
62791,짐머만,68,공연예술/연극
62792,카첸,68,공연예술/연극
62794,기제킹,68,공연예술/연극
62795,미츠코 우치다,68,공연예술/연극
62796,쉬프,68,공연예술/연극
62797,아르헤리치,68,공연예술/연극
62798,솔로몬 커트너,68,공연예술/연극
62799,브렌델,68,공연예술/연극
62800,굴다,68,공연예술/연극
62801,길렐스,68,공연예술/연극
62802,리흐테르,68,공연예술/연극
62803,게자 안다,68,공연예술/연극
62804,폴리니,68,공연예술/연극
62805,에마르,68,공연예술/연극
62775,피레스,68,공연예술/연극
62776,안스네스,68,공연예술/연극
62777,아믈렝,68,공연예술/연극
62778,예핌 브론프만,68,공연예술/연극
62859,시프린,68,공연예술/연극
62860,스톨츠만,68,공연예술/연극
62861,도쿄 현악 사중주단,68,공연예술/연극
62862,체헤트마이어 사중주단,68,공연예술/연극
62863,브레인,68,공연예술/연극
62864,보로딘 사중주단,68,공연예술/연극
62865,푸르니에,68,공연예술/연극
62866,부다페스트 사중주단,68,공연예술/연극
62867,에머슨 현악 사중주단,68,공연예술/연극
62868,이자이 현악사중주단,68,공연예술/연극
62840,멜로스 사중주단,68,공연예술/연극
62841,로스트로포비치,68,공연예술/연극
62842,턱웰,68,공연예술/연극
62843,아쉬케나지,68,공연예술/연극
62844,이작 펄만,68,공연예술/연극
62845,베즈노시우크,68,공연예술/연극
62850,루스케,68,공연예술/연극
62851,제르킨,68,공연예술/연극
62852,타카치 콰르텟,68,공연예술/연극
62853,갈로와,68,공연예술/연극
62854,이탈리아 사중주단,68,공연예술/연극
62856,아마데우스 스트링 쿼텟,68,공연예술/연극
62857,커즌,68,공연예술/연극
62858,프린츠,68,공연예술/연극
32199,이 한장의 명반,68,공연예술/연극
34205,죽기전에 들어야 할 클래식1001 선정음반,67,음악(음반)
35390,PRE-1760,68,공연예술/연극
35159,1700-1760,68,공연예술/연극
35160,1761-1800,68,공연예술/연극
35161,1801-1850,68,공연예술/연극
35162,1901-1950,68,공연예술/연극
35163,1951-Present,68,공연예술/연극
35164,1851-1900,68,공연예술/연극
31988,채널클래식스,67,음악(음반)
49039,플로레스탄 트리오/라파엘 앙상블,68,공연예술/연극
30212,하모니아 문디 Gold 시리즈 15종,68,공연예술/연극
33672,하이페리언 슈베르트시리즈,68,공연예술/연극
156035,BBC Music Magazine Awards,68,공연예술/연극
156039,BBC Music Magazine Awards 2019,68,공연예술/연극
52312,Berlin Basics,68,공연예술/연극
26263,Berlin classics 염가반,68,공연예술/연극
30447,Brilliant Russian Archives,68,공연예술/연극
31981,ClassicToday 추천음반,68,공연예술/연극
30449,DECCA Legends 시리즈,68,공연예술/연극
30434,DG The ORIGINALS,68,공연예술/연극
66294,Eloquence 시리즈,68,공연예술/연극
36439,EMI Encore,68,공연예술/연극
50742,EMI New Opera,68,공연예술/연극
26267,EMI Recommends,68,공연예술/연극
30433,GROC 시리즈,68,공연예술/연극
26262,Harmonia Mundi musique d'abord,68,공연예술/연극
51461,HM Gold 시리즈,68,공연예술/연극
54033,KBS 1FM 명연주 명음반 소개 음반,68,공연예술/연극
49051,Linn SACD 샘플러,67,음악(음반)
30448,Living Stereo 시리즈,68,공연예술/연극
63400,Naive Vivaldi edition,68,공연예술/연극
31980,Naxos critics 추천음반,68,공연예술/연극
35674,SDG 시리즈,68,공연예술/연극
15018,태교/기능성 음반,68,공연예술/연극
15019,합창/종교음악,20,종교
6306,협주곡,68,공연예술/연극
127217,LP,67,음악(음반)
53869,SACD,67,음악(음반)
5914,팝,67,음악(음반)
36746,롤링스톤지 선정 올해의 앨범 10,67,음악(음반)
36748,브릿 어워드 수상작,67,음악(음반)
53789,머큐리상 수상작,67,음악(음반)
36749,2000년 롤링스톤지 선정 올해의 앨범 10,67,음악(음반)
36750,2001년 롤링스톤지 선정 올해의 앨범 10,67,음악(음반)
36751,2002년 롤링스톤지 선정 올해의 앨범 10,67,음악(음반)
36752,2003년 롤링스톤지 선정 올해의 앨범 10,67,음악(음반)
36753,2004년 롤링스톤지 선정 올해의 앨범 10,67,음악(음반)
36754,2005년 롤링스톤지 선정 올해의 앨범 10,67,음악(음반)
36755,2006년 롤링스톤지 선정 올해의 앨범 10,67,음악(음반)
36756,2007년 롤링스톤지 선정 올해의 앨범 10,67,음악(음반)
36757,2008년 롤링스톤지 선정 올해의 앨범 10,67,음악(음반)
36758,2009년 롤링스톤지 선정 올해의 앨범 10,67,음악(음반)
36941,2010년 그래미 어워드 52회 수상작,67,음악(음반)
55528,2011년 그래미 어워드 53회 수상작,67,음악(음반)
71003,2012년 그래미 어워드 54회 수상작,67,음악(음반)
36765,2007년 그래미 어워드 49회 수상작,67,음악(음반)
36766,2008년 그래미 어워드 50회 수상작,67,음악(음반)
36767,2009년 그래미 어워드 51회 수상작,67,음악(음반)
36761,2003년 그래미 어워드 45회 수상작,67,음악(음반)
36762,2004년 그래미 어워드 46회 수상작,67,음악(음반)
36763,2005년 그래미 어워드 47회 수상작,67,음악(음반)
36764,2006년 그래미 어워드 48회 수상작,67,음악(음반)
36759,2001년 그래미 어워드 43회 수상작,67,음악(음반)
36760,2002년 그래미 어워드 44회 수상작,67,음악(음반)
55675,2011년 브릿 어워드 수상작,67,음악(음반)
55080,2010년 브릿 어워드 수상작,67,음악(음반)
71162,2012년 브릿 어워드 수상작,67,음악(음반)
36768,2001년 브릿 어워드 수상작,67,음악(음반)
36769,2002년 브릿 어워드 수상작,67,음악(음반)
36770,2003년 브릿 어워드 수상작,67,음악(음반)
36771,2004년 브릿 어워드 수상작,67,음악(음반)
36772,2005년 브릿 어워드 수상작,67,음악(음반)
36773,2006년 브릿 어워드 수상작,67,음악(음반)
36774,2007년 브릿 어워드 수상작,67,음악(음반)
36775,2008년 브릿 어워드 수상작,67,음악(음반)
36776,2009년 브릿 어워드 수상작,67,음악(음반)
26169,Q Magazine,68,공연예술/연극
26171,MOJO,68,공연예술/연극
26183,Rolling Stone,68,공연예술/연극
26184,NME,68,공연예술/연극
53776,MOJO,68,공연예술/연극
53777,NME,68,공연예술/연극
53778,Q Magazine,68,공연예술/연극
53779,Rolling Stone,68,공연예술/연극
53780,SPIN,68,공연예술/연극
53781,UNCUT,68,공연예술/연극
53782,Pitchforkmedia,68,공연예술/연극
55082,MOJO,68,공연예술/연극
55083,NME,68,공연예술/연극
55084,Pitchforkmedia,68,공연예술/연극
55085,Q Magazine,68,공연예술/연극
55086,Rolling Stone,68,공연예술/연극
55087,SPIN,68,공연예술/연극
55088,UNCUT,68,공연예술/연극
7739,뉴에이지,67,음악(음반)
6752,록/모던록/얼터너티브,67,음악(음반)
6287,메탈/하드코어,68,공연예술/연극
86971,아티스트 관련상품(국외),68,공연예술/연극
5929,일렉트로닉/하우스음악,67,음악(음반)
15795,컴필레이션 팝/라운지음악,67,음악(음반)
5927,팝/댄스뮤직,67,음악(음반)
36385,포크/컨트리/블루스,68,공연예술/연극
5930,힙합,68,공연예술/연극
36386,R&B/소울,68,공연예술/연극
17602,해외구매,68,공연예술/연극
63216,블루레이_뮤직,67,음악(음반)
63270,클래식,67,음악(음반)
63269,팝/재즈,67,음악(음반)
87028,블루레이_영화,60,예술
63214,월드뮤직,67,음악(음반)
63255,아메리카,68,공연예술/연극
63256,아시아,68,공연예술/연극
63257,아프리카,93,지리
63258,유럽/라틴,68,공연예술/연극
63259,컴필레이션,68,공연예술/연극
63211,재즈,67,음악(음반)
63240,성악곡,68,공연예술/연극
63241,연주곡,68,공연예술/연극
63242,컴필레이션,68,공연예술/연극
63243,퓨전/애시드,68,공연예술/연극
63213,클래식,67,음악(음반)
63245,고음악,67,음악(음반)
63246,관현악/교향곡,67,음악(음반)
63247,성악/오페라,68,공연예술/연극
63248,실내악/독주곡,67,음악(음반)
63249,컴필레이션,68,공연예술/연극
63250,크로스오버,68,공연예술/연극
63251,태교/기능성음반,68,공연예술/연극
63252,합창/종교음악,20,종교
63253,협주곡,68,공연예술/연극
63254,SACD,67,음악(음반)
63210,팝,67,음악(음반)
63231,뉴에이지,67,음악(음반)
63232,록/모던록/얼터너티브,67,음악(음반)
63233,메탈/하드코어,68,공연예술/연극
63234,일렉트로닉/하우스,67,음악(음반)
63235,컴필레이션/라운지,68,공연예술/연극
63236,팝/댄스,67,음악(음반)
63237,포크/컨트리/블루스,68,공연예술/연극
63238,힙합,68,공연예술/연극
63239,R&B/소울,68,공연예술/연극
63215,DVD_뮤직,67,음악(음반)
63268,재즈,67,음악(음반)
63266,클래식,67,음악(음반)
63267,팝,67,음악(음반)
112202,DVD_영화,60,예술
70547,J-POP,67,음악(음반)
70548,뉴에이지,67,음악(음반)
70549,록,67,음악(음반)
70550,일렉트로닉,67,음악(음반)
70551,재즈,67,음악(음반)
70552,팝/댄스뮤직,67,음악(음반)
70553,R&B/힙합,68,공연예술/연극
70554,Shibuya-Kei,68,공연예술/연극
64211,LP,67,음악(음반)
63212,OST,68,공연예술/연극
63265,기타,672,음악
63260,뮤지컬,68,공연예술/연극
63261,애니메이션,68,공연예술/연극
63262,영화,60,예술
63263,컴필레이션,68,공연예술/연극
63264,TV드라마,60,예술
6296,Gift,-1,매핑불가
6301,그녀에게 주고픈 음반,80,문학
6300,그에게 주고픈 음반,80,문학
6297,누구에게나 선물할 수 있는 음반,-1,매핑불가
6298,어린이가 좋아하는 음반,37,교육학
9225,크리스마스 선물로는 이 음반을!,-1,매핑불가
6299,"특별한 날, 특별한 음반",80,문학
33224,티볼리 오디오,-1,매핑불가
9280,J-Pop,-1,매핑불가
9284,뉴에이지,67,음악(음반)
9282,록,67,음악(음반)
15608,일렉트로닉,67,음악(음반)
15610,재즈,67,음악(음반)
9281,팝/댄스뮤직,67,음악(음반)
9283,R&B/힙합,-1,매핑불가
15714,Shibuya-Kei,-1,매핑불가
49484,LP,67,음악(음반)
86800,가요,67,음악(음반)
86803,월드뮤직,67,음악(음반)
86802,재즈,67,음악(음반)
86799,클래식,67,음악(음반)
86801,팝,67,음악(음반)
86804,O.S.T,68,공연예술/연극
5917,O.S.T.,-1,매핑불가
5948,기타,672,음악
5947,뮤지컬,-1,매핑불가
8098,애니메이션,-1,매핑불가
5945,영화음악,67,음악(음반)
5949,컴필레이션 OST,-1,매핑불가
5946,TV 드라마음악,67,음악(음반)
33445,고전/명작,80,문학
73105,1930년대 이전,80,문학
73106,1940년대,80,문학
73107,1950년대,80,문학
73109,1960년대,80,문학
73110,1970년대,80,문학
73111,1980년대,80,문학
73112,1990년 이후,80,문학
73113,제작국가별,80,문학
73115,일본,80,문학
73116,중국,80,문학
73114,한국,80,문학
6545,공포/스릴러,-1,매핑불가
6546,교양/다큐멘터리,5,
50792,EBS,5,
88137,5분 인성교육,5,
88138,5분 학습자료실,5,
71507,5분 영상학습,5,
72496,공부의 왕도,5,
75327,공부의 왕도,5,
75328,공부의 달인,5,
50796,기타,5,
89325,어린이/육아/안전,37,교육학
88570,창의/인성/심리/진로/직업,5,
88571,세계/문화/과학/자연/환경/우주,40,자연과학
88572,교육/지식/교양,5,
118258,역사/사회/문화,90,역사
50793,다큐 프라임,5,
72622,단독 기획판매,5,
75432,블루레이(Blu-ray),5,
54651,세계의 교육현장,5,
89327,하늘에서 본 한반도,5,
113999,세계견문록 아틀라스,5,
75430,세계 테마기행,5,
75431,한국기행,5,
50795,세계테마기행,5,
71508,영상학습,5,
71062,영어,74,영어
71063,EBS 10단계 프로그램-SEL,74,영어
71509,ebs 중학영어,74,영어
72486,국어/독서/논술/문학/철학,10,철학
72487,교육/공부비법/육아,5,
72488,과학/우주/자연/환경,40,자연과학
72489,예술/음악/미술/스포츠,60,예술
72490,성(性)/보건/금연/약물/중독/안전,5,
72492,역사/사회/문화/정치/경제,90,역사
72493,창의/인성교육(다문화),5,
72494,진로/직업/기업체/소프트웨어,5,
72495,교양/가정/취미/기타,5,
72485,주제별/교과별,5,
54530,지식채널e,5,
50794,지식e프라임,5,
75323,NEW 지식 e,5,
115600,통일채널 e,5,
118052,인성채널 e,5,
75324,NEW 지식채널 e,5,
75325,역사채널 e,90,역사
75326,배움너머 e,5,
28554,교육용 S/W,-1,매핑불가
55983,무비랑,-1,매핑불가
6547,드라마/코미디,60,예술
140273,배우 관련상품,60,예술
17721,씨네코리아 고전명작 2900원,80,문학
54271,BBC 세익스피어,60,예술
6554,박스세트,-1,매핑불가
55638,죽기 전에 꼭 봐야 할 명작 시리즈,-1,매핑불가
16704,블루레이,-1,매핑불가
65717,3D 블루레이,-1,매핑불가
86999,4K 블루레이,-1,매핑불가
31469,공포/스릴러,-1,매핑불가
31474,다큐멘터리,-1,매핑불가
31467,드라마/코미디,60,예술
31471,애니메이션,-1,매핑불가
31470,액션/SF,-1,매핑불가
31473,음악,67,음악(음반)
71965,가요,67,음악(음반)
70295,재즈,67,음악(음반)
70294,클래식,67,음악(음반)
31472,팝,67,음악(음반)
107189,TV,-1,매핑불가
6548,성인,-1,매핑불가
6550,애니메이션,-1,매핑불가
69740,수학 특공대 우미주미,41,수학
55652,스즈미야 하루히,-1,매핑불가
56376,인디 애니메이션,-1,매핑불가
89266,재패니메이션,-1,매핑불가
66606,중국 고전 만화,80,문학
69739,출동 원더펫,-1,매핑불가
54001,캣츠 앤 독스,-1,매핑불가
70578,코코몽 시즌 2,-1,매핑불가
6551,액션/어드벤처,-1,매핑불가
6549,유아/아동,37,교육학
52749,시리즈별,37,교육학
71408,가필드 쇼,37,교육학
55847,고 디에고 고,37,교육학
66821,구름빵,37,교육학
52746,그리스 로마 신화,37,교육학
52739,그림 그려줘 루이,37,교육학
71355,꼬마버스 타요,37,교육학
52745,꼬마펭귄 핑구,37,교육학
55859,동물나라 수수께끼,37,교육학
71199,로보카 폴리,37,교육학
52737,립프로그,37,교육학
52736,마법천자문,37,교육학
55864,메이지 ABC,37,교육학
52078,바비 시리즈,37,교육학
70907,베렌스타인 베어,37,교육학
52742,빠삐에 친구,37,교육학
49997,세서미 비기닝스 시리즈,37,교육학
55922,수퍼와이,37,교육학
52275,시간 나침반,37,교육학
52743,신나는 사이버 수학 세상,41,수학
53227,아앙의 전설,37,교육학
55611,안젤리나 발레리나,37,교육학
49996,엘모 월드 시리즈,37,교육학
52738,치로와 친구들,37,교육학
53238,칙칙폭폭 처깅턴,37,교육학
52744,코코몽,37,교육학
52734,호리드헨리,37,교육학
71096,Are We There Yet?,37,교육학
52710,연령별,37,교육학
52732,어린이(초등 전학년),37,교육학
52713,유/아동 전연령(~13세까지),37,교육학
52711,유아(~7세),37,교육학
52733,영어교육,74,영어
6555,음악DVD,67,음악(음반)
6556,가요,67,음악(음반)
6557,뮤지컬,67,음악(음반)
52400,박종호와 함께하는 유럽오페라하우스 명연시리즈,67,음악(음반)
35229,재즈,67,음악(음반)
6558,클래식,67,음악(음반)
15006,교향곡/관현악,67,음악(음반)
15007,독주자,67,음악(음반)
15008,발레,67,음악(음반)
15009,성악/오페라,67,음악(음반)
15010,실내악,67,음악(음반)
15517,종교/합창곡,20,종교
15011,크로스오버,67,음악(음반)
15012,협주곡,67,음악(음반)
6559,팝,67,음악(음반)
17635,제작국가별,-1,매핑불가
15003,일본영화,60,예술
15004,중국영화,60,예술
15002,한국영화,60,예술
15837,취미/스포츠,-1,매핑불가
17372,해외구매,68,공연예술/연극
87002,블루레이,68,공연예술/연극
6684,S.F/판타지,-1,매핑불가
17280,TV 시리즈,-1,매핑불가
63448,국내 TV 시리즈,-1,매핑불가
71098,해외 TV 시리즈,-1,매핑불가
26650,VCD,67,음악(음반)
26649,VHS (비디오테이프),-1,매핑불가
90831,가정/원예/인테리어,-1,매핑불가
97189,가정,-1,매핑불가
103031,가구,-1,매핑불가
103032,공구,-1,매핑불가
103033,디자인/건축,60,예술
103034,리모델링/리노베이션,-1,매핑불가
103035,목공,-1,매핑불가
103036,수리,-1,매핑불가
103037,아웃도어/크리에이션,-1,매핑불가
103038,안전,-1,매핑불가
103039,일반,-1,매핑불가
103040,장비/기기,-1,매핑불가
103041,장식,-1,매핑불가
103042,전동공구,-1,매핑불가
103043,주택계획,-1,매핑불가
103044,지속가능한 삶,-1,매핑불가
103045,참고자료,-1,매핑불가
103046,청소관리,-1,매핑불가
103047,DIY,-1,매핑불가
105127,목공,-1,매핑불가
105128,배관,-1,매핑불가
105129,석공,-1,매핑불가
105130,일반,-1,매핑불가
105131,전기,99,전기
97190,원예,-1,매핑불가
103048,관목,-1,매핑불가
103049,관상용 식물,-1,매핑불가
103050,기후별,-1,매핑불가
105135,일반,-1,매핑불가
105132,사막,-1,매핑불가
105133,아열대,-1,매핑불가
105134,온대,-1,매핑불가
103051,나무,-1,매핑불가
103052,도시원예,-1,매핑불가
103053,실내식물,-1,매핑불가
103054,온실,-1,매핑불가
103055,원예 에세이,80,문학
103056,원예기술,-1,매핑불가
103057,유기농,-1,매핑불가
103058,유실수,-1,매핑불가
103059,음지식물,-1,매핑불가
103060,일반,-1,매핑불가
103061,일본정원,-1,매핑불가
103062,잔디,-1,매핑불가
103063,장식 전정법,-1,매핑불가
103064,정원 디자인,60,예술
103065,정원 장식,-1,매핑불가
103066,조경,-1,매핑불가
103067,지역별 식물,-1,매핑불가
105136,남부 (AL/ AR/ FL/ GA/ KY/ LA/ MS/ NC/ SC/ TN/ VA/ WV),-1,매핑불가
105137,남서부 (AZ/ NM/ OK/ TX),-1,매핑불가
105138,뉴잉글랜드 (CT/ MA/ ME/ NH/ RI/ VT),-1,매핑불가
105139,대서양 중부지역 (DC/ DE/ MD/ NJ/ NY/ PA),-1,매핑불가
105140,북서 태평양 (OR/ WA),-1,매핑불가
105141,서부 (AK/ CA/ CO/ HI/ ID/ MT/ NV/ UT/ WY),-1,매핑불가
105142,일반,-1,매핑불가
105143,중서부 (IA/ IL/ IN/ KS/ MI/ MN/ MO/ ND/ NE/ OH/ SD/ WI),-1,매핑불가
105144,캐나다,-1,매핑불가
103068,참고자료,-1,매핑불가
103069,채소,-1,매핑불가
103070,허브,-1,매핑불가
103071,화분,-1,매핑불가
103072,화초,-1,매핑불가
105149,일년생,-1,매핑불가
105150,일반,-1,매핑불가
105151,장미,-1,매핑불가
105145,구근,-1,매핑불가
105146,난초,-1,매핑불가
105147,다년생,-1,매핑불가
105148,야생초,-1,매핑불가
90832,가족/관계,-1,매핑불가
97191,갈등해결,-1,매핑불가
97192,감정,-1,매핑불가
97193,결혼/동거,59,가정학
97194,교육,-1,매핑불가
97195,군인가족,-1,매핑불가
97196,노인부양,-1,매핑불가
97197,대안가족,-1,매핑불가
97198,데이트,-1,매핑불가
97199,동료 압박,-1,매핑불가
97200,배변훈련,-1,매핑불가
97201,분노관리,-1,매핑불가
97202,사랑/로맨스,-1,매핑불가
97203,생애주기,-1,매핑불가
103073,노년,-1,매핑불가
103074,사춘기,-1,매핑불가
103075,유아,37,교육학
103076,일반,-1,매핑불가
103077,중년,-1,매핑불가
103078,청소년 ,37,교육학
103079,초등,-1,매핑불가
97204,아기이름,-1,매핑불가
97205,아동발달,-1,매핑불가
97206,아이 돌보기/보육원,-1,매핑불가
97207,양육,-1,매핑불가
103080,모성,-1,매핑불가
103081,부모/성인자녀,-1,매핑불가
103082,부성,-1,매핑불가
103083,양육일반,-1,매핑불가
103084,재혼가정,-1,매핑불가
103085,조부모,-1,매핑불가
103086,한부모,-1,매핑불가
97208,우정,-1,매핑불가
97209,윤리,-1,매핑불가
97210,이혼,-1,매핑불가
97211,일반,-1,매핑불가
97212,입양/양육,-1,매핑불가
97213,자폐,-1,매핑불가
97214,주의력 결핍 장애 (ADD-ADHD),-1,매핑불가
97215,죽음/사별,-1,매핑불가
97216,참고자료,-1,매핑불가
97217,특수교육,-1,매핑불가
97218,편견,-1,매핑불가
97219,학대,-1,매핑불가
103087,가정폭력,-1,매핑불가
103088,노인학대,-1,매핑불가
103089,아동학대,-1,매핑불가
103090,일반,-1,매핑불가
97220,학습장애,-1,매핑불가
97221,해체가정,-1,매핑불가
97222,형제자매,-1,매핑불가
97223,확대가족,-1,매핑불가
97224,활동프로그램,-1,매핑불가
90833,건강/스포츠,-1,매핑불가
97225,건강,-1,매핑불가
103091,건강생활,-1,매핑불가
103092,구강위생,-1,매핑불가
103094,남성건강,-1,매핑불가
103095,다이어트,-1,매핑불가
103096,대체의학,51,의학
103097,동종요법,-1,매핑불가
103098,마사지/자극요법,-1,매핑불가
103099,매크로바이오틱,-1,매핑불가
103100,모유수유,-1,매핑불가
103101,바디 클린징,-1,매핑불가
103102,보건,-1,매핑불가
103103,불임,-1,매핑불가
103104,뷰티/그루밍,-1,매핑불가
103105,비타민,-1,매핑불가
103106,섹슈얼리티,-1,매핑불가
103107,수면장애,-1,매핑불가
103108,시력,-1,매핑불가
103109,식품 내용물 안내,-1,매핑불가
103110,신체장애,-1,매핑불가
103111,아동건강,-1,매핑불가
103112,아로마세라피,-1,매핑불가
103113,안전,-1,매핑불가
103114,알러지,-1,매핑불가
103115,에어로빅,-1,매핑불가
103116,여성건강,-1,매핑불가
103117,영양,-1,매핑불가
103118,요가,-1,매핑불가
103119,운동,-1,매핑불가
103120,응급처치,-1,매핑불가
103121,일반,-1,매핑불가
103122,임신출산,-1,매핑불가
103123,자연요법,-1,매핑불가
103124,전체론적 의학,51,의학
103125,지압/침술,-1,매핑불가
103126,직업관련질병,-1,매핑불가
103127,질병,-1,매핑불가
105152,근골격,-1,매핑불가
105153,내분비계 ,-1,매핑불가
105154,당뇨,-1,매핑불가
105155,만성 피로 증후군,-1,매핑불가
105156,면역체계,-1,매핑불가
105157,비뇨생식기/성병,-1,매핑불가
105158,신경체계,-1,매핑불가
105159,심장,-1,매핑불가
105160,알츠하이머/치매,-1,매핑불가
105161,암,-1,매핑불가
105162,위장,-1,매핑불가
105163,유전,-1,매핑불가
105164,일반,-1,매핑불가
105165,전염병,-1,매핑불가
105166,피부,-1,매핑불가
105167,호흡기,-1,매핑불가
105168,AIDS/HIV,-1,매핑불가
103093,참고자료,-1,매핑불가
103128,청각/언어,70,언어
103129,체중감소,-1,매핑불가
103130,치유,-1,매핑불가
103131,통증관리,-1,매핑불가
103132,허브약제,-1,매핑불가
97226,반려동물,-1,매핑불가
103133,개,-1,매핑불가
103134,고양이,-1,매핑불가
103135,말,-1,매핑불가
103136,먹이/영양,-1,매핑불가
103137,어류/관상,-1,매핑불가
103138,에세이,80,문학
103139,일반,-1,매핑불가
103140,조류,-1,매핑불가
103141,참고자료,-1,매핑불가
103142,토끼/쥐/햄스터 기타,672,음악
103143,파충류,-1,매핑불가
97227,스포츠/레크레이션,-1,매핑불가
103144,건강/안전,-1,매핑불가
103145,경마,-1,매핑불가
103146,경보,-1,매핑불가
103147,골프,-1,매핑불가
103148,기타,672,음악
103149,낙시,-1,매핑불가
103150,당구,-1,매핑불가
103151,동계 스포츠,-1,매핑불가
103152,동굴탐험,-1,매핑불가
103153,등산,-1,매핑불가
103154,라켓 스포츠,-1,매핑불가
103155,라켓볼,-1,매핑불가
103156,라크로스,-1,매핑불가
103157,러닝/조깅,-1,매핑불가
103158,럭비,-1,매핑불가
103159,레슬링,-1,매핑불가
103160,로데오,-1,매핑불가
103161,롤러/인라인 스케이팅,-1,매핑불가
103162,모터 스포츠,-1,매핑불가
103163,무술/자기방어,-1,매핑불가
103164,발리볼,-1,매핑불가
103165,보디빌딩/웨이트 트레이닝,-1,매핑불가
103166,보트,-1,매핑불가
103167,복싱,-1,매핑불가
103168,볼링,-1,매핑불가
103169,비행 스포츠,-1,매핑불가
103170,사격,-1,매핑불가
103171,사냥,-1,매핑불가
103172,서핑,-1,매핑불가
103173,소프트볼,-1,매핑불가
103174,수상 스포츠,-1,매핑불가
103175,수영/다이빙,-1,매핑불가
103176,스노우보드,-1,매핑불가
103177,스케이트보드,-1,매핑불가
103178,스쿠버/스노클링,-1,매핑불가
103179,스쿼시,-1,매핑불가
103180,스키,-1,매핑불가
103181,스포츠 사회학,-1,매핑불가
103182,스포츠 산업,-1,매핑불가
103183,스포츠 심리학,18,심신수련/명상
103184,스포츠 에세이,80,문학
103185,스포츠 역사,90,역사
103186,스포츠 일반,-1,매핑불가
103187,스포츠 장비기구,-1,매핑불가
103188,승마,-1,매핑불가
103189,싸이클링,-1,매핑불가
103190,아이스/피겨 스케이팅,-1,매핑불가
103191,야구,-1,매핑불가
103192,야외 스포츠,-1,매핑불가
103193,야외활동 요령,-1,매핑불가
103194,양궁,-1,매핑불가
103195,올림픽,-1,매핑불가
103196,요트,-1,매핑불가
103197,육상,-1,매핑불가
103198,익스트림 스포츠,-1,매핑불가
103199,저글링,-1,매핑불가
103200,참고자료,-1,매핑불가
103201,철인3종,-1,매핑불가
103202,체조,-1,매핑불가
103203,축구,-1,매핑불가
103204,치어 리더,-1,매핑불가
103205,카누,-1,매핑불가
103206,카약,-1,매핑불가
103207,캠핑,-1,매핑불가
103208,코칭,-1,매핑불가
105169,농구,-1,매핑불가
105170,야구,-1,매핑불가
105171,일반,-1,매핑불가
105172,축구,-1,매핑불가
105173,풋볼,-1,매핑불가
103209,크리켓,-1,매핑불가
103210,탁구,-1,매핑불가
103211,테니스,-1,매핑불가
103212,펜싱,-1,매핑불가
103213,폴로,-1,매핑불가
103214,풋볼,-1,매핑불가
103215,하이킹,-1,매핑불가
103216,하키,-1,매핑불가
103217,훈련,-1,매핑불가
90834,건축/디자인,60,예술
97228,건축,60,예술
103218,건축 디자인,60,예술
103222,건축가,60,예술
105179,건축가 에세이,60,예술
105180,건축가 일반,60,예술
105181,건축논문,60,예술
103219,건축교육,60,예술
103221,건축물,60,예술
105174,거주,60,예술
105175,건축물 일반,60,예술
105176,공공/상업/공업,60,예술
105177,랜드마크,60,예술
105178,종교,20,종교
103223,건축법규,60,예술
103224,건축비평,60,예술
103225,건축역사,90,역사
105182,고대 ,90,역사
105183,근대 (19세기 후반 ~ 1945),90,역사
105184,낭만주의,90,역사
105185,르네상스,90,역사
105186,바로크로코크,90,역사
105187,원시/선사,90,역사
105188,일반,90,역사
105189,중세,90,역사
105190,현대 (1945 ~),90,역사
103226,건축일반,60,예술
103227,건축장식,60,예술
103228,공법/재료,60,예술
103229,도시사용계획,60,예술
103230,리노베이션,60,예술
103231,문화재복원,60,예술
103232,연감,60,예술
103233,인테리어 디자인,60,예술
103220,전문가 실습과정,60,예술
103234,조경,60,예술
103235,지속가능/그린디자인,60,예술
97229,디자인,60,예술
103236,가구,60,예술
103237,그래픽아트,60,예술
105194,일러스레이션,60,예술
105195,일반,60,예술
105196,타이포그래피,60,예술
105191,광고,60,예술
105192,기업,60,예술
105193,상품/로고 디자인,60,예술
103238,디자인 에세이,60,예술
103239,디자인 역사/비평,90,역사
103240,북디자인,60,예술
103241,산업,60,예술
103242,섬유/패턴,60,예술
103243,인테리어 장식,60,예술
103244,일반,60,예술
103245,장식 예술,60,예술
103246,제품,60,예술
103247,참고자료,60,예술
103248,클립 아트,60,예술
103249,패션,60,예술
127098,게임/토이,-1,매핑불가
97645,게임,-1,매핑불가
105470,경마/경륜,-1,매핑불가
105471,복권,-1,매핑불가
105472,스포츠,-1,매핑불가
105473,일반,-1,매핑불가
105474,Table,-1,매핑불가
104164,겜블링,-1,매핑불가
104165,단어게임,-1,매핑불가
104166,두뇌게임,-1,매핑불가
104167,마술,-1,매핑불가
104168,보드게임,-1,매핑불가
104169,비디오/전자게임,-1,매핑불가
104170,상식퀴즈,-1,매핑불가
104171,스도쿠,-1,매핑불가
104172,일반,-1,매핑불가
104173,주사위 놀이,-1,매핑불가
104174,착시게임,-1,매핑불가
104175,참고자료,-1,매핑불가
104176,체스,-1,매핑불가
104177,체커,-1,매핑불가
104178,카드게임,-1,매핑불가
105477,솔리테르,-1,매핑불가
105478,카드게임 일반,-1,매핑불가
105479,포커,-1,매핑불가
105475,브리지,-1,매핑불가
105476,블랙잭,-1,매핑불가
104179,퀴즈,-1,매핑불가
104180,크로스워드 퍼즐 ,-1,매핑불가
105480,사전,-1,매핑불가
105481,일반,-1,매핑불가
104181,트레블 게임,-1,매핑불가
104182,판타지 스포츠,-1,매핑불가
104183,퍼즐,-1,매핑불가
128665,포켓몬고 가이드,-1,매핑불가
104184,RP/판타지,-1,매핑불가
127705,영화/애니메이션 굿즈,60,예술
129312,토이,60,예술
129311,피규어,60,예술
127706,Action Lab Entertainment,60,예술
127707,Beautiful Plastic,60,예술
127708,Dark Horse Comics,60,예술
127709,DC Comics,60,예술
127710,Diamond Select Toys,60,예술
127711,Dynamic Forces,60,예술
127712,Eaglemoss Publications,60,예술
151579,Fantastic Beasts Collection,60,예술
137289,Funko,60,예술
137160,Game of Thrones,60,예술
127713,Gentle Giant Studios,60,예술
127714,Good Smile Company,60,예술
127715,Graphitti Designs,60,예술
127716,Klusetti,60,예술
127717,Mezco Toys,60,예술
127719,Mighty Fine,60,예술
127720,Moebius,60,예술
127725,Quantum Mechanix,60,예술
127726,Spherewerx,60,예술
137159,Star Trek,60,예술
127727,Three A Trading Company,60,예술
127728,Titan Books,60,예술
127729,Toynami,60,예술
90835,경제경영,32,경제학
97230,개인재무관리,32,경제학
103250,세무,32,경제학
103251,예산,32,경제학
103252,일반,32,경제학
103253,재무관리,32,경제학
103254,퇴직,32,경제학
103255,투자,32,경제학
97231,경력관리,32,경제학
103256,구인구직,32,경제학
103257,이력서,32,경제학
103258,인턴십,32,경제학
103259,일반,32,경제학
97232,경영기술,32,경제학
97233,경제발전,32,경제학
103260,경제,32,경제학
103261,비즈니스,32,경제학
103262,일반,32,경제학
103263,지속가능,32,경제학
97234,경제상법,32,경제학
97235,경제수학,41,수학
97236,경제학/경제일반 ,32,경제학
103264,거시경제학,32,경제학
103265,경제상황,32,경제학
103266,경제역사,90,역사
103267,경제일반,32,경제학
103268,경제학이론,32,경제학
103269,계량경제학,32,경제학
103270,미시경제학,32,경제학
103271,비교경제학,32,경제학
97237,고객관리,32,경제학
97238,공공재정,32,경제학
97239,관리,32,경제학
97240,광고/홍보/PR ,32,경제학
97241,교육,32,경제학
97242,구매,32,경제학
97243,구조조정,32,경제학
97244,국제경제,32,경제학
103272,경제학이론,32,경제학
103273,마켓팅,32,경제학
103274,세무,32,경제학
103275,일반,32,경제학
103276,회계기준,32,경제학
97245,그린 비즈니스,32,경제학
97246,금융,32,경제학
97247,금융/재정,32,경제학
103277,금융 리스크 관리,32,경제학
103278,금융공학,32,경제학
103279,일반,32,경제학
103280,자산관리,32,경제학
97248,기반시설,32,경제학
97249,기업관리,32,경제학
97250,기업윤리/에티켓,32,경제학
97251,기업재정,32,경제학
103281,기업평가,32,경제학
103282,벤처 캐피털 ,32,경제학
103283,일반,32,경제학
103284,Crowdfunding,32,경제학
103285,Private Equity,32,경제학
97252,노동,32,경제학
97253,동기부여,32,경제학
97254,리더십,32,경제학
97255,마케팅,32,경제학
97256,멘토/코칭,32,경제학
97257,무역,32,경제학
97258,박물관경영,32,경제학
97259,보험,32,경제학
103286,건강보험,32,경제학
103287,생명보험,32,경제학
103288,손해보험,32,경제학
103289,위험요소 평가/관리,32,경제학
103290,일반,32,경제학
103291,자동차,32,경제학
103292,재해상해보험,32,경제학
103293,책임보험,32,경제학
97260,부동산,32,경제학
103294,담보,32,경제학
103295,상업,32,경제학
103296,일반,32,경제학
103297,주택매매,32,경제학
97261,비서 교육,32,경제학
97262,비영리 기구,32,경제학
103298,경영관리/리더십,32,경제학
103299,마켓팅/커뮤니케이션,32,경제학
103300,모금/기금,32,경제학
103301,일반,32,경제학
103302,재무/회계,32,경제학
97263,비즈니스 역사,90,역사
97264,비즈니스 작문,32,경제학
97265,사무관리,32,경제학
97266,사무비품,32,경제학
97267,사무자동화,32,경제학
97268,산업,32,경제학
103303,교통,32,경제학
103304,농업기업,32,경제학
103305,도소매,32,경제학
103306,미디어/커뮤니케이션,32,경제학
103307,산업관리,32,경제학
103308,산업일반,32,경제학
103309,서비스,32,경제학
103310,식품,32,경제학
103311,에너지,32,경제학
103312,엔터테인먼트,32,경제학
103313,자동차,32,경제학
103314,제약/바이오,32,경제학
103315,제조업,58,제조업
103316,컴퓨터,32,경제학
103317,테마파크,32,경제학
103318,패션/섬유,32,경제학
103319,호텔/관광,32,경제학
97269,성공학,32,경제학
97270,세금,32,경제학
97271,세일즈,32,경제학
97272,소비자행동론,32,경제학
97273,수출업,32,경제학
97274,시간관리,32,경제학
97275,시설관리,32,경제학
97276,신규사업,32,경제학
97277,아웃소싱,32,경제학
97278,여성기업인,32,경제학
97279,연구개발(R/D),32,경제학
97280,외환,32,경제학
97281,운영분석,32,경제학
97282,유통,32,경제학
97283,은행/금융,32,경제학
97284,의사결정/문제해결,32,경제학
97285,인력관리,32,경제학
97286,인수합병,32,경제학
97287,인플레이션,32,경제학
97288,일반,32,경제학
97289,자유기업,32,경제학
97290,재무/회계,32,경제학
103320,관리,32,경제학
103321,금융,32,경제학
103322,예산,32,경제학
103323,일반,32,경제학
103324,정부,32,경제학
103325,회계기준,32,경제학
103326,회계장부,32,경제학
97291,재택사업,32,경제학
97292,전략기획,32,경제학
97293,전망,32,경제학
97294,전자상거래 (E-Commerce),32,경제학
103327,경매/소규모 비즈니스,32,경제학
103328,온라인 무역,32,경제학
103329,인터넷 마켓팅,32,경제학
103330,일반,32,경제학
97295,정보관리,32,경제학
97296,정부/기업,32,경제학
97297,제품생산관리,32,경제학
97298,조직발전,32,경제학
97299,조직행동,32,경제학
97300,중소기업,32,경제학
97301,지역경제,32,경제학
97302,지적자본,32,경제학
97303,직장문화,32,경제학
97304,참고자료,32,경제학
97305,창업/사업,32,경제학
97306,컨설팅,32,경제학
97307,통계,32,경제학
97308,통상정책,32,경제학
97309,통신판매,32,경제학
97310,통화정책,32,경제학
97311,투자/증권,32,경제학
103331,금융자산 관리,32,경제학
103332,뮤추얼 펀드,32,경제학
103333,부동산,32,경제학
103334,분석/전략,32,경제학
103335,상품,32,경제학
103336,선물,32,경제학
103337,옵션,32,경제학
103338,일반,32,경제학
103339,주식,32,경제학
103340,채권,32,경제학
103341,파생상품,32,경제학
97312,품질관리,32,경제학
97313,프랜차이즈,32,경제학
97314,프로젝트 관리,32,경제학
97315,협상,32,경제학
97316,화술/협상/프리젠테이션,32,경제학
97317,환경경제학,32,경제학
97318,회계감사,32,경제학
97319,훈련,32,경제학
97320,PR 홍보,32,경제학
90836,공예/취미/수집,63, 공예/장식미술
97321,공예/취미,63, 공예/장식미술
103342,가죽공예,63, 공예/장식미술
103343,계절별 공예,63, 공예/장식미술
103344,구슬 공예,63, 공예/장식미술
103345,금속공예,63, 공예/장식미술
103347,꽃꽂이 ,63, 공예/장식미술
103348,도서 인쇄/제본,63, 공예/장식미술
103349,도자기,63, 공예/장식미술
103350,뜨개질,63, 공예/장식미술
103351,러그,63, 공예/장식미술
103352,레이스 뜨개질,63, 공예/장식미술
103353,리본,63, 공예/장식미술
103354,매듭공예,63, 공예/장식미술
103355,멀티미디어,-1,매핑불가
103356,모델,-1,매핑불가
103357,모형철도,63, 공예/장식미술
103358,목공예,63, 공예/장식미술
103359,목제 장남감,63, 공예/장식미술
103360,민속공예,63, 공예/장식미술
103361,바구니,63, 공예/장식미술
103362,바느질,63, 공예/장식미술
103363,바느질 일반,63, 공예/장식미술
103364,보석,63, 공예/장식미술
103365,봉제인형,63, 공예/장식미술
103366,스크랩북,63, 공예/장식미술
103367,스텐실,63, 공예/장식미술
103368,십자수,63, 공예/장식미술
103369,아플리케,63, 공예/장식미술
103370,액자,63, 공예/장식미술
103371,어린이 공예,63, 공예/장식미술
103372,염색,63, 공예/장식미술
103373,유리공예,63, 공예/장식미술
103374,인형/인형극,63, 공예/장식미술
103375,일반,63, 공예/장식미술
103376,자수,63, 공예/장식미술
103377,자수법,63, 공예/장식미술
103378,자연공예,63, 공예/장식미술
103379,장난감 만들기,63, 공예/장식미술
103380,장식,63, 공예/장식미술
103381,점토공예,63, 공예/장식미술
103382,제빵,-1,매핑불가
103383,조각,62,조각
103384,조각보,62,조각
103385,종이공예,63, 공예/장식미술
103386,종이접기,63, 공예/장식미술
103387,직조,63, 공예/장식미술
103346,참고자료,63, 공예/장식미술
103388,철사,63, 공예/장식미술
103389,초/비누 공예,63, 공예/장식미술
103390,축소모형,63, 공예/장식미술
103391,코바늘 뜨개질 ,63, 공예/장식미술
103392,퀼트,63, 공예/장식미술
103393,판화,63, 공예/장식미술
103394,패션,60, 예술
103395,포푸리,63, 공예/장식미술
103396,회화,-1,매핑불가
97322,수집,-1,매핑불가
103397,가구,-1,매핑불가
103398,교통수단,-1,매핑불가
103399,군사,-1,매핑불가
103400,금은동 메달,-1,매핑불가
103401,기타,672,음악
103402,단추/핀,-1,매핑불가
103403,담배관련,-1,매핑불가
103404,대중문화,-1,매핑불가
103405,도자기,-1,매핑불가
103406,동전,-1,매핑불가
103407,러그,-1,매핑불가
103408,만화,80,문학
103409,무기,-1,매핑불가
103410,미국관련,-1,매핑불가
103411,병,-1,매핑불가
103412,보석,-1,매핑불가
103413,사진,-1,매핑불가
103414,스포츠,-1,매핑불가
103415,스포츠 카드,-1,매핑불가
105197,농구,-1,매핑불가
105198,야구,-1,매핑불가
105199,일반,-1,매핑불가
105200,풋볼,-1,매핑불가
105201,하키,-1,매핑불가
103416,시계,-1,매핑불가
103417,엽서/포스터,-1,매핑불가
103418,예술,60,예술
103419,와인,-1,매핑불가
103420,우표,-1,매핑불가
103421,유리,-1,매핑불가
103422,인형,-1,매핑불가
103423,일반,-1,매핑불가
103424,잡지/신문,5,
103425,장난감,-1,매핑불가
103426,주방용품,-1,매핑불가
103427,참고자료,-1,매핑불가
103428,책,-1,매핑불가
103429,캐나다 관련,-1,매핑불가
90837,교육/자료,-1,매핑불가
97323,교육,-1,매핑불가
103430,고등교육,-1,매핑불가
103431,교수법/자료,-1,매핑불가
105202,건강/섹슈얼리티,-1,매핑불가
105203,과학기술,40,자연과학
105204,도서관 활용,-1,매핑불가
105205,사회과학,30,사회과학
105206,수학,41,수학
105207,언어학,70,언어
105208,예술/인문,60,예술
105209,일반,-1,매핑불가
105210,읽기/파닉스,-1,매핑불가
103432,교육 에세이,80,문학
103433,교육 역사,90,역사
103434,교육 정책/개혁,-1,매핑불가
105211,연방법,-1,매핑불가
105212,일반,-1,매핑불가
105213,차터 스쿨,-1,매핑불가
105214,학교안전,-1,매핑불가
103435,교육심리,-1,매핑불가
103436,교육일반,-1,매핑불가
103437,기구/기관,-1,매핑불가
103438,다문화 교육,-1,매핑불가
103439,도시,-1,매핑불가
103440,리더십,32,경제학
103441,목표/목적,-1,매핑불가
103442,비공식 교육,-1,매핑불가
103443,비교 교육,-1,매핑불가
103444,생존/응급 준비,-1,매핑불가
103445,성취도 평가,-1,매핑불가
103446,수업 관리,-1,매핑불가
103447,시험/측정,37,교육학
103448,실험방법,-1,매핑불가
103449,언어경험 접근법 ,70,언어
103450,연구,-1,매핑불가
103451,운전자 교육,-1,매핑불가
103452,원격/온라인 교육,-1,매핑불가
103453,의사결정/문제해결,-1,매핑불가
103454,이중언어 교육,70,언어
103455,재정,-1,매핑불가
103456,전문 능력 개발,-1,매핑불가
103457,중등교육,-1,매핑불가
103458,지역교육,-1,매핑불가
103459,직업교육,-1,매핑불가
103460,집단/팀 수업,-1,매핑불가
103461,참고자료,-1,매핑불가
103462,철학/사회 이슈,10,철학
103463,체육 교육,-1,매핑불가
103464,초등교육,-1,매핑불가
103465,취학전/유치원,-1,매핑불가
103466,카운셀링,-1,매핑불가
105215,경력개발,-1,매핑불가
105216,위험관리,-1,매핑불가
105217,일반,-1,매핑불가
105218,학업개발,-1,매핑불가
103467,커리큘럼,-1,매핑불가
103468,컴퓨터/기술,53,공학
103469,통계자료,-1,매핑불가
103470,통합교육,-1,매핑불가
103471,특수교육,-1,매핑불가
105219,신체장애,-1,매핑불가
105220,영재,-1,매핑불가
105221,의사소통 장애,-1,매핑불가
105222,일반,-1,매핑불가
105223,정신장애,-1,매핑불가
105224,학습장애,-1,매핑불가
103472,평생교육,-1,매핑불가
103473,폭력/괴롭힘,-1,매핑불가
103474,학교생활,-1,매핑불가
103475,학부모 참여,-1,매핑불가
103476,학습법,37,교육학
103477,학습양식,-1,매핑불가
103478,행동관리,-1,매핑불가
103479,행정,-1,매핑불가
105225,고등,-1,매핑불가
105226,교육감/교장,-1,매핑불가
105227,설비관리,-1,매핑불가
105228,일반,-1,매핑불가
105229,초등/중등,-1,매핑불가
103480,홈스쿨링,-1,매핑불가
103481,훈련/자격증,-1,매핑불가
97329,연감,-1,매핑불가
97324,참고자료,-1,매핑불가
103482,결혼,59,가정학
103483,계보학/문장학,-1,매핑불가
103484,궁금증/호기심,-1,매핑불가
103485,글쓰기,-1,매핑불가
103486,디렉터리 ,-1,매핑불가
103487,백과사전,3,
103488,사전,-1,매핑불가
103489,상식퀴즈,-1,매핑불가
103490,소비자 가이드,-1,매핑불가
103491,실용 가이드,-1,매핑불가
103492,어휘목록,67,음악(음반)
103493,에티켓,-1,매핑불가
103494,연감,-1,매핑불가
105230,Almanacs,-1,매핑불가
105231,Yearbooks/Annuals,-1,매핑불가
103495,연구,-1,매핑불가
103496,유의어,-1,매핑불가
103497,인용,-1,매핑불가
103498,일반,-1,매핑불가
103499,지도/지명,-1,매핑불가
103500,참고문헌/색인,-1,매핑불가
103501,카탈로그,-1,매핑불가
103502,핸드북/매뉴얼,-1,매핑불가
103503,Q/A,-1,매핑불가
90838,기술공학,53,공학
97325,교통수단,53,공학
103504,내비게이션,53,공학
103505,대중교통,53,공학
103506,오토바이,53,공학
103507,일반,53,공학
103508,자동차,53,공학
103509,조선,53,공학
103510,철도,53,공학
103511,항공,53,공학
97326,기술공학,53,공학
103573,건축공학,54,건축공학
105262,건축일반,54,건축공학
105263,견적,54,건축공학
105264,계약,54,건축공학
105265,난방/통풍/냉난방,54,건축공학
105266,목공사업,54,건축공학
105267,배관,54,건축공학
105268,석공사업,54,건축공학
105269,전기,99,전기
105270,지붕,54,건축공학
103512,공업기술,53,공학
103513,공업설계,53,공학
103514,공학역사,90,역사
103515,공학일반,53,공학
103516,광산학,53,공학
103517,광섬유,53,공학
103518,광학,53,공학
103519,구조,53,공학
103520,군사학,53,공학
103521,금속공학,53,공학
103522,기계,53,공학
103523,기계공학,55,기계공학
103524,기계설계,53,공학
103525,기술문서,53,공학
103526,기술제조업,58,제조업
103528,나노테크놀리지/MEMS,53,공학
103529,농수산업,53,공학
103530,농업,53,공학
105232,관계,53,공학
105233,농업경제학,32,경제학
105234,열대농업,53,공학
105235,유기농업,53,공학
105236,일반,53,공학
105237,임업,53,공학
105238,지속가능한 농업,53,공학
105239,축산업,53,공학
105240,포도재배/양조학,53,공학
103531,라디오,53,공학
103532,레이더,53,공학
103533,레이저/광기술,53,공학
103534,로봇공학,53,공학
103535,마이크로파,53,공학
103536,마찰학,53,공학
103537,모바일/무선통신,53,공학
103538,발명,53,공학
103527,사회 이슈(개편),53,공학
103539,산업공학,53,공학
103540,산업안전보건,53,공학
103541,생체공학,53,공학
103542,생화학,43,화학
103543,석유,53,공학
103544,섬유/고분자,53,공학
103545,센서,53,공학
103546,소방학,53,공학
103547,수리학,53,공학
103548,식품공학,53,공학
103549,신호/신호처리,53,공학
103550,연구,53,공학
103552,영상학,53,공학
103553,우주공학,53,공학
103554,운영분석,53,공학
103555,원격탐사/지리정보 시스템,98,여행
103556,음향,53,공학
103557,일반,53,공학
103558,자동차,53,공학
103559,자동화,53,공학
103560,재료과학,40,자연과학
103561,재해관리,53,공학
103562,전기공학,99,전기
103563,전력자원,53,공학
105241,대체/재생에너지,53,공학
105242,원자력,53,공학
105243,일반,53,공학
105244,전기 에너지,99,전기
105245,화석연료,53,공학
105253,Solid State,53,공학
105246,광전자공학,53,공학
105247,디지털,53,공학
105248,마이크로 일렉트로닉스,53,공학
105249,반도체,53,공학
105250,일반,53,공학
105251,트랜지스터 ,53,공학
105252,회로,53,공학
103564,전자공학,53,공학
103565,제조,53,공학
103566,지도제작,53,공학
103567,참고문헌,53,공학
103568,초전도,53,공학
103569,측량,53,공학
103551,측량,53,공학
103570,텔레비전/비디오,53,공학
103571,텔레커뮤니케이션,53,공학
103572,토목,53,공학
105254,고속도로,53,공학
105255,교량,53,공학
105256,댐,53,공학
105257,수송,53,공학
105258,지진,53,공학
105259,토목일반,53,공학
105260,토양/암석,53,공학
105261,홍수방지,53,공학
103574,파괴역학,53,공학
103575,품질관리,53,공학
103576,프로젝트 관리,53,공학
103577,해양조선,53,공학
103578,해충방제,53,공학
103579,홀로그래피,53,공학
103580,환경공학,53,공학
25992,기타,672,음악
28253,기타 언어권 도서,70,언어
28259,기타,70,언어
28255,독일 도서,70,언어
28258,러시아 도서,70,언어
28257,베트남 도서,70,언어
133357,이탈리아어,78,이탈리아어
28256,프랑스 도서,70,언어
90839,달력/다이어리/연감,-1,매핑불가
97327,다이어리,-1,매핑불가
97328,달력,-1,매핑불가
159901,2020년,-1,매핑불가
173886,2021,-1,매핑불가
188494,2022,-1,매핑불가
103583,건축,-1,매핑불가
103584,고고학/인류학,-1,매핑불가
103585,공예,-1,매핑불가
103586,교통수단,-1,매핑불가
103587,뉴에이지,67,음악(음반)
103588,다이어트/건강,-1,매핑불가
103589,대중예술,60,예술
103590,독자/작가,-1,매핑불가
103591,동물,-1,매핑불가
103592,문학,80,문학
103593,미술,-1,매핑불가
103594,사랑,-1,매핑불가
103595,사진,-1,매핑불가
103596,성경,23,기독교
103597,스포츠,-1,매핑불가
103598,심리학,18,심신수련/명상
103599,어린이,37,교육학
103600,엔터테인먼트,-1,매핑불가
103601,여행,98,여행
103602,연극,68,공연예술/연극
103603,영감,-1,매핑불가
103604,예술,60,예술
103605,외국어,70,언어
103606,요리,-1,매핑불가
103607,원예/가정,-1,매핑불가
103608,유머/코믹/게임,-1,매핑불가
103609,음악,67,음악(음반)
103610,자동차,-1,매핑불가
103611,자연/과학,40,자연과학
103612,정치,-1,매핑불가
103613,종교,20,종교
103614,철학,10,철학
103615,풍경,-1,매핑불가
103616,핀업,-1,매핑불가
103617,SF/판타지,-1,매핑불가
122101,문구/비도서,-1,매핑불가
163029,기프트북,-1,매핑불가
157699,문구일반,-1,매핑불가
163028,비도서 기타,672,음악
162641,Marimekko,-1,매핑불가
136215,대만도서,-1,매핑불가
152908,건강/취미/레저,69,오락/스포츠
153059,가정생활,69,오락/스포츠
153061,공예,69,오락/스포츠
153062,도안,69,오락/스포츠
153064,레저/취미,69,오락/스포츠
153060,반려동물,69,오락/스포츠
153066,섹스가이드,69,오락/스포츠
153063,스포츠,69,오락/스포츠
153065,영화/TV,69,오락/스포츠
153058,헬스/피트니스,69,오락/스포츠
152954,건축/디자인,60,예술
153628,건축이론,60,예술
153629,전기/에세이,99,전기
153630,건축물,60,예술
153631,도시설계,60,예술
153632,환경공학,53,공학
153633,참고서적,60,예술
152955,건축,60,예술
152956,디자인,60,예술
153618,디자인 개론,60,예술
153619,전기/에세이,99,전기
153620,디자인 기법,60,예술
153621,창의성/미학,60,예술
153622,인테리어 일반,60,예술
153623,인테리어 실무,60,예술
153624,주거개선,60,예술
153625,공간설계,60,예술
153626,가정수납,60,예술
153627,참고서적,60,예술
152957,인테리어,60,예술
152899,경제경영,32,경제학
153525,경영관리,32,경제학
153526,조직관리,32,경제학
153527,구인,32,경제학
153528,경영전략,32,경제학
153529,창업,32,경제학
153530,영업활동,32,경제학
152940,경영/리더십,32,경제학
152951,경영수험서,32,경제학
152941,경영전략,32,경제학
153531,프로젝트관리,32,경제학
153532,인적자원관리,32,경제학
153533,재무관리,32,경제학
153534,정보관리,32,경제학
153535,생산관리,32,경제학
153536,품질관리,32,경제학
153537,구매/물류/재고관리,32,경제학
153538,산업경영,32,경제학
153561,경제학,32,경제학
153562,대중/생활경제학,32,경제학
153563,세계경제,32,경제학
153564,신흥시장,32,경제학
153565,무역,32,경제학
153566,경제전망,32,경제학
153567,경제/금융소설,32,경제학
153568,금융,32,경제학
153569,통화,32,경제학
153570,국제무역,32,경제학
153571,경제전망 일반,32,경제학
152946,경제전망,32,경제학
152950,금융,32,경제학
152939,기업/경영자 스토리,32,경제학
153214,경영자,32,경제학
153215,기업,32,경제학
153552,소비자행동,32,경제학
153553,마케팅,32,경제학
153554,고객서비스,32,경제학
153555,광고,32,경제학
153556,홍보,32,경제학
153557,비즈니스,32,경제학
152944,마케팅/세일즈/광고,32,경제학
152943,성공학,32,경제학
153549,경력관리,32,경제학
153550,자기성장,32,경제학
153551,부자학,32,경제학
153558,온라인 마케팅,32,경제학
153559,커뮤니티 관리,32,경제학
153560,온라인 쇼핑몰,32,경제학
152945,전자상거래,32,경제학
152942,직무,32,경제학
153540,일과 철학,10,철학
153541,의사소통/대화,32,경제학
153542,시간관리,32,경제학
153543,스트레스와 건강,32,경제학
153544,협상,32,경제학
153545,논리/결정/독창성,32,경제학
153546,구직/이력서/인터뷰,32,경제학
153547,기획서/서신,32,경제학
153548,연설/발표,32,경제학
153539,대인관계,32,경제학
152948,통계/회계,32,경제학
153584,회계,32,경제학
153585,원가회계,32,경제학
153586,재무제표,32,경제학
153587,통계학,31,통계
153588,통계분석,32,경제학
152947,투자/재무관리,32,경제학
153572,재무계획,32,경제학
153573,투자,32,경제학
153574,주식/증권,32,경제학
153575,기술분석,32,경제학
153576,채권/펀드,32,경제학
153577,선물/옵션,32,경제학
153578,외환,32,경제학
153579,부동산,32,경제학
153580,토지,32,경제학
153581,원자재/귀금속,32,경제학
153582,보험/절세,32,경제학
153583,투자/재무관리 일반,32,경제학
152921,대학/전문교재,-1,매핑불가
153164,건축디자인계열,60,예술
153157,경상계열,32,경제학
153166,공학계열,53,공학
153154,글쓰기,-1,매핑불가
153158,법정치계열,-1,매핑불가
153161,사범계열,-1,매핑불가
153159,사회과학계열,30,사회과학
153167,생명공학계열,53,공학
153168,생물자원계열,-1,매핑불가
153156,어문학계열,80,문학
153162,예체능계열,-1,매핑불가
153171,의약학간호계열,-1,매핑불가
153155,인문학계열,80,문학
153165,자연과학계열,40,자연과학
153160,저널리즘계열,-1,매핑불가
153163,전기전자계열,99,전기
153170,지구환경계열,-1,매핑불가
153169,호텔관광계열,-1,매핑불가
152916,만화,80,문학
153109,공상과학,40,자연과학
153117,기타 유형,80,문학
153119,동인지,80,문학
153111,순정만화,80,문학
153116,스포츠,80,문학
153120,애니메이션,80,문학
153110,액션/모험,80,문학
153114,역사/전쟁,90,역사
153118,유럽/미국,80,문학
153115,직장/사회,80,문학
153112,추리/미스터리,80,문학
153108,판타지/마술,80,문학
153113,호러/공포,80,문학
152902,사회과학,30,사회과학
153025,교육,30,사회과학
153021,국제관계,30,사회과학
153023,군사,30,사회과학
153019,네트워크동향,30,사회과학
153018,대중매체/저널리즘,30,사회과학
153026,독서,30,사회과학
153013,문화연구,30,사회과학
153695,민족학,30,사회과학
153696,문화인류학,30,사회과학
153697,기타,30,사회과학
153705,법률개론,30,사회과학
153706,육법전서,30,사회과학
153707,민법,30,사회과학
153708,형법,30,사회과학
153709,법률관계/응용,30,사회과학
153710,국가별 법률,30,사회과학
153022,법률,30,사회과학
153017,보도문학,80,문학
153015,사회문제,30,사회과학
153014,사회사업,30,사회과학
153016,성별연구,30,사회과학
153024,심리학,18,심신수련/명상
153020,정치학,34,정치학
153698,정치학 개론,34,정치학
153699,정치체제,34,정치학
153700,정치사,34,정치학
153701,중국연구,34,정치학
153702,평론,34,정치학
153703,정치인,34,정치학
153704,기타,34,정치학
152898,소설/시/에세이,80,문학
152914,경소설,80,문학
153104,중국,80,문학
153105,일본,80,문학
153107,BL,80,문학
152938,기타 소설,80,문학
152935,동성애소설,80,문학
152936,로맨스소설,80,문학
153212,중국,80,문학
153213,외국,80,문학
152934,문예소설,80,문학
152926,문학연구,80,문학
153184,중국문학연구,80,문학
153185,외국문학연구,80,문학
153186,문학사,80,문학
153187,작가의 전기,99,전기
153172,일본문학,80,문학
153173,아시아문학,80,문학
153174,미국문학,80,문학
153175,남미문학,80,문학
153176,영국문학,80,문학
153177,독일문학,80,문학
153178,프랑스문학,80,문학
153179,기타지역문학,80,문학
152923,번역문학,80,문학
152929,세계고전문학,80,문학
153194,신화/전설,80,문학
153195,유럽/미국고전문학,80,문학
153196,일본고전문학,80,문학
153197,기타고전문학,80,문학
153182,중국현대시,80,문학
153183,외국시,80,문학
152925,시,80,문학
152937,역사/무협소설,90,역사
153207,중국 역사소설,90,역사
153208,일본 역사소설,90,역사
153209,외국 역사소설,90,역사
153210,김용 무협소설,90,역사
153211,기타 무협소설,90,역사
153188,역사자료,90,역사
153189,고전소설,80,문학
153190,고전문학,80,문학
153191,고전시,80,문학
152927,중국고전문학,80,문학
152924,중국문학,80,문학
153180,에세이,80,문학
153181,소설,80,문학
153192,작문/창작,80,문학
153193,단어분석,80,문학
152928,중국학,80,문학
152930,추리/미스터리소설,80,문학
153198,유럽/미국,80,문학
153199,일본,80,문학
153200,중국,80,문학
152933,치유소설,80,문학
152932,호러/공포소설,80,문학
153204,유럽/미국,80,문학
153205,일본,80,문학
153206,기타,80,문학
153201,유럽/미국,80,문학
153202,일본,80,문학
153203,기타,80,문학
152931,SF/판타지소설,80,문학
152919,수험서/자격증,37,교육학
153132,공무원 수험서,37,교육학
153137,교원임용시험,37,교육학
153138,군인/경찰,37,교육학
153136,금융,37,교육학
153129,대학입시,37,교육학
153128,연구기관,37,교육학
153133,입시시험,37,교육학
153134,전문인력,37,교육학
153135,직무자격,37,교육학
153130,참고서,37,교육학
153131,초등참고서,37,교육학
153139,통신수업교재,37,교육학
153127,학습법,37,교육학
152912,어린이/청소년,37,교육학
153093,게임북,37,교육학
153094,그림책,37,교육학
153092,단어연습,37,교육학
153098,대중과학/백과,40,자연과학
153096,동화,37,교육학
153095,아동문학,80,문학
153099,아동미술,37,교육학
153101,언어학습,70,언어
153097,역사/전기,90,역사
153091,유아,37,교육학
153102,청소년문학,80,문학
153103,청소년소설,37,교육학
153100,학습만화,80,문학
152909,여행,98,여행
153067,대만,98,여행
153071,미국,98,여행
153074,세계여행,98,여행
153070,아시아 기타지역,98,여행
153073,아프리카/오세아니아,93,지리
153072,유럽,98,여행
153068,중국/홍콩,98,여행
153075,지도,98,여행
153076,테마별 여행,98,여행
153069,한국/일본,98,여행
152900,예술/대중문화,60,예술
153653,무용일반,60,예술
153654,전기/에세이,99,전기
153655,발레,60,예술
153656,현대무용,60,예술
153657,사교댄스,60,예술
153658,스트릿 댄스,60,예술
153659,무용기타,60,예술
152966,무용,60,예술
152963,사진,60,예술
153634,사진이론,60,예술
153635,전기/에세이,99,전기
153636,촬영기법,60,예술
153637,사진작품,60,예술
153638,사진장비,60,예술
153639,작품집/도록,60,예술
152961,서예,64,서예
153607,총론,64,서예
153608,서예사,64,서예
153609,서예감상,64,서예
153610,필첩,64,서예
153611,자체,64,서예
153594,예술투자,60,예술
153595,보석/장식품,60,예술
153596,동전/도장,60,예술
153597,도자기/항아리,60,예술
153598,고대유물,60,예술
153599,기타,60,예술
152959,소장/감상,60,예술
152967,연극,68,공연예술/연극
153665,극본기법,68,공연예술/연극
153660,연극일반,68,공연예술/연극
153661,연극비평,68,공연예술/연극
153662,전기/에세이,99,전기
153663,연극실무,68,공연예술/연극
153664,연극작품,68,공연예술/연극
152964,영화,60,예술
153640,영화일반,60,예술
153641,영화의 역사,90,역사
153642,영화평론,60,예술
153643,영화실무,60,예술
153644,영화감독,60,예술
152958,예술일반,60,예술
153589,예술사,60,예술
153590,예술가 전기,60,예술
153591,예술이론,60,예술
153592,예술감상,60,예술
153593,박물관/미술관,60,예술
152965,음악,67,음악(음반)
153645,음악일반,67,음악(음반)
153646,음악의 역사,67,음악(음반)
153647,전기/에세이,99,전기
153648,해설/비평,67,음악(음반)
153649,악보,67,음악(음반)
153650,악기,67,음악(음반)
153651,이론/기법,67,음악(음반)
153652,음악기타,67,음악(음반)
152962,조각,62,조각
153612,조각일반,62,조각
153613,전각/각인,62,조각
153614,조각작품,62,조각
153615,판화,62,조각
153616,도자기,62,조각
153617,소상,62,조각
153603,회화기법,60,예술
153604,작품,60,예술
153605,전기/에세이,99,전기
153606,작품집/도록,60,예술
153600,회화개론,60,예술
153601,회화의 역사,90,역사
153602,회화감상,60,예술
152960,회화,60,예술
152918,외국어,70,언어
153121,시험대비,37,교육학
153122,영어,74,영어
153125,외국어학습법,37,교육학
153123,일본어,73,일본어
153126,중국어,72,동양어
153124,한국어,71,한국어
152907,요리,-1,매핑불가
153050,디저트/제빵,-1,매핑불가
153055,레스토랑 가이드,-1,매핑불가
153051,술,-1,매핑불가
153057,요리백과,-1,매핑불가
153053,음료,-1,매핑불가
153054,음식문화,-1,매핑불가
153056,조리법,-1,매핑불가
153052,커피/차,-1,매핑불가
152905,의학,51,의학
153045,가정의학,51,의학
153046,건강상식,51,의학
153042,동양의학,51,의학
153041,산부인과/소아과,51,의학
153044,식이치료,51,의학
153043,양생법,51,의학
153047,질병,51,의학
152901,인문학,80,문학
153666,통사,80,문학
153667,역사사건,90,역사
153668,일본점령기,80,문학
153669,고고학,80,문학
153670,인물/전기,99,전기
153671,기타,80,문학
153006,대만사,80,문학
153007,세계사,80,문학
153672,통사,80,문학
153673,단대사,80,문학
153674,문화사,80,문학
153675,지역사,90,역사
153676,인물/전기,99,전기
153677,기타,80,문학
153009,역사자료,90,역사
153005,인문학개론,80,문학
153012,인문학일반,80,문학
153008,중국사,80,문학
153678,통사,80,문학
153679,왕조의 역사,90,역사
153680,문화사,80,문학
153681,인물/전기,99,전기
153682,기타,80,문학
153011,철학,10,철학
153688,철학개론,10,철학
153689,철학사,10,철학
153690,서양철학,10,철학
153691,논리/사고,10,철학
153692,형이상학,11,형이상학
153693,윤리학,10,철학
153694,중국철학,10,철학
153010,현대사상,80,문학
153683,현대사상 개론,80,문학
153684,프랑스 철학,10,철학
153685,독일 철학,10,철학
153686,영미 철학,10,철학
153687,기타,80,문학
152904,자기계발,32,경제학
153038,대인관계,32,경제학
153035,대중심리학,18,심신수련/명상
153040,심리요법,32,경제학
153036,인생철학,10,철학
153037,자기계발 에세이,32,경제학
153039,재능/잠재력 개발,32,경제학
152903,자연과학,40,자연과학
153028,뇌과학,40,자연과학
153027,대중과학도서,40,자연과학
153031,물리/화학,43,화학
153033,생물학,40,자연과학
153030,수학,41,수학
153034,응용과학,40,자연과학
153032,지구과학/천문학,44,천문학
153029,환경과학,40,자연과학
152922,정부간행물,-1,매핑불가
152910,종교/명상,20,종교
153078,기독교,23,기독교
153080,기타 종교,20,종교
153081,뉴에이지,20,종교
153085,명상/선,20,종교
153082,무속신앙,20,종교
153077,불교,22,불교
153083,신비,20,종교
153086,점/점성술/혈액형,20,종교
153084,종교일반,20,종교
153079,천주교,20,종교
152911,좋은부모,37,교육학
153088,교양학습,5,
153090,교육현장,37,교육학
153087,양육 노하우,37,교육학
153089,잠재력 개발,37,교육학
152920,컴퓨터,53,공학
153149,3D그래픽,53,공학
153146,네트워킹,53,공학
153143,데이터베이스,53,공학
153151,디지털 라이프,53,공학
153150,애플,53,공학
153147,오디오/비디오/멀티미디어,53,공학
153152,오피스,53,공학
153142,운영체제(O/S),53,공학
153145,웹개발/디자인,60,예술
153148,이미지편집,53,공학
153153,인증확인,53,공학
153140,컴퓨터입문,53,공학
153144,프로그래밍,53,공학
153141,하드웨어,53,공학
30177,대학교재,-1,매핑불가
120492,건축/디자인/패션,60,예술
30178,경상계열,32,경제학
30179,공학계열,53,공학
142945,기타,672,음악
30180,농축산생명계열,-1,매핑불가
129684,대학교재일반,-1,매핑불가
30181,법학계열,36,법학
30182,사범계열,-1,매핑불가
30183,사회과학계열,30,사회과학
30184,생활환경계열,-1,매핑불가
30185,어문학계열,80,문학
120438,언어/어문학,70,언어
120439,ELT,80,문학
30186,예체능계열,-1,매핑불가
30187,의약학간호계열,-1,매핑불가
30188,인문계열,-1,매핑불가
30189,자연과학계열,40,자연과학
120490,특가도서,-1,매핑불가
145394,독일 도서,-1,매핑불가
151141,건강/스포츠,-1,매핑불가
154021,건강일반,-1,매핑불가
152731,경마/승마,-1,매핑불가
152728,구기,-1,매핑불가
152727,동계스포츠,-1,매핑불가
152736,명상,18,심신수련/명상
152730,무술/자기방어,-1,매핑불가
152737,미용/뷰티,-1,매핑불가
152726,수상스포츠,-1,매핑불가
152733,스포츠일반,-1,매핑불가
152734,영양,-1,매핑불가
152735,운동,-1,매핑불가
152729,육상,-1,매핑불가
152725,자동차/오토바이/자전거/항공,-1,매핑불가
151134,경제/경영,5,
152856,경영,5,
152853,경제/경영일반,5,
152855,경제학,32,경제학
152857,광고/홍보,5,
152858,국제경제,5,
152854,정치경제학,32,경제학
151136,교재/수험서,-1,매핑불가
152877,강의자료,-1,매핑불가
152875,교사용자료,-1,매핑불가
152713,교재/수험서 기타,672,음악
152879,독일어(제2외국어),75,독일어
152710,독일어사전,75,독일어
152880,소프트웨어,-1,매핑불가
152712,여행용회화,98,여행
152709,연감/사전/참고서,-1,매핑불가
152711,외국어사전,70,언어
152874,참고서,-1,매핑불가
152876,특수교재,-1,매핑불가
152878,평생학습,-1,매핑불가
151144,기술공학,53,공학
152828,건축/환경공학,53,공학
152859,교통수단,53,공학
152825,기계공학,55,기계공학
152824,기술공학일반,53,공학
152831,기타분야공학,53,공학
152846,농업/임업/어업공학,53,공학
152823,대중기술공학,53,공학
152826,열/에너지/핵공학,53,공학
152827,전기/전자/통신공학,99,전기
152829,항공공학,53,공학
152830,화학공학,43,화학
152845,환경공학,53,공학
152673,기프트북,-1,매핑불가
152672,만화/유머,80,문학
151137,명상/점성학,18,심신수련/명상
152744,명상/점성학일반,18,심신수련/명상
152739,오컬트/밀교,18,심신수련/명상
152742,유사과학,40,자연과학
152743,인지학,45,지학
152740,점성학,18,심신수련/명상
152741,타로/오라클,18,심신수련/명상
151135,법률,-1,매핑불가
152849,공법,-1,매핑불가
152852,국제법,-1,매핑불가
152848,민법,-1,매핑불가
152847,법률일반,-1,매핑불가
152851,상법/산업/사회법,-1,매핑불가
152850,조세법,-1,매핑불가
154033,형법,-1,매핑불가
154034,비도서/문구,-1,매핑불가
151128,소설/시/희곡,80,문학
152662,소설/문학,80,문학
152669,시/희곡/에세이,80,문학
152667,신화/전설,80,문학
152670,전기/자서전/비망록,99,전기
152663,추리/미스터리소설,80,문학
152671,해외문학,80,문학
152664,SF/판타지소설,80,문학
151129,어린이/청소년,37,교육학
152686,과학기술,40,자연과학
152674,그림책,37,교육학
152693,놀이/학습,37,교육학
152694,외국어,37,교육학
152695,수학,41,수학
152697,그림/공예,37,교육학
152698,게임/놀이,37,교육학
152699,퀴즈/퍼즐,37,교육학
152700,놀이/학습일반,37,교육학
152685,동물/식물/자연,37,교육학
152682,동물이야기,37,교육학
152676,동시,37,교육학
152680,동화/만화,80,문학
152677,리더스,37,교육학
152687,법률/경제,37,교육학
152681,신화/전설,37,교육학
152692,어린이/청소년일반,37,교육학
152689,역사/정치,90,역사
152691,음악/예술,60,예술
152688,인체,37,교육학
152690,종교/철학/심리학,10,철학
152684,참고서,37,교육학
151130,여행,98,여행
152701,가이드북,98,여행
152702,레저/스포츠,98,여행
152705,사진집,98,여행
152707,여행에세이,80,문학
152708,여행일반,98,여행
152704,지도,98,여행
152703,호텔/레스토랑,98,여행
151132,예술/대중문화/건축,60,예술
152761,건축,60,예술
152760,그래픽아트,60,예술
152763,사진,60,예술
152758,앤티크/빈티지,60,예술
154025,연극/영화/발레,68,공연예술/연극
152759,예술사,60,예술
152757,예술일반,60,예술
152765,음악,67,음악(음반)
152766,가사/오페라 리브레토,67,음악(음반)
152767,음악일반,67,음악(음반)
152768,음악사,67,음악(음반)
152769,음악이론,67,음악(음반)
152770,악보,67,음악(음반)
152771,전기/자서전,99,전기
154026,악기,67,음악(음반)
152762,인테리어,60,예술
151139,요리,-1,매핑불가
152864,건강/다이어트,-1,매핑불가
152861,영양학,-1,매핑불가
152860,요리일반,-1,매핑불가
152866,음료,-1,매핑불가
152865,제빵제과,-1,매핑불가
152863,테마요리,-1,매핑불가
152862,해외요리,-1,매핑불가
151142,의학,51,의학
152836,기타의학분야,51,의학
152834,내과학/외과학,51,의학
152838,수의학,51,의학
152839,약학,51,의학
152832,의학일반,51,의학
152833,일반의학/진단/치료,51,의학
152837,자연의학/동종요법,51,의학
152835,치과학,51,의학
151131,인문/사회,-1,매핑불가
152841,교육학,37,교육학
152756,문학비평/연구,80,문학
152842,미디어/커뮤니케이션,-1,매핑불가
152844,민족학,-1,매핑불가
152840,사회과학,30,사회과학
152752,심리학,18,심신수련/명상
152755,언어학,70,언어
152754,역사,90,역사
152750,인문일반,-1,매핑불가
152843,정치학,34,정치학
152753,종교,20,종교
152751,철학,10,철학
151138,자기계발,32,경제학
152746,관계,32,경제학
152748,글쓰기,32,경제학
152747,실용정보,32,경제학
152745,자기계발,32,경제학
152749,정보안내서,32,경제학
151133,자연과학,40,자연과학
152772,과학일반,40,자연과학
152774,물리학,42,물리학
152788,대중물리학,42,물리학
152789,물리학일반,42,물리학
152790,역학,42,물리학
152791,전기/전자/광학,99,전기
152792,열역학,42,물리학
152793,핵물리학,42,물리학
152794,이론물리학,42,물리학
152795,천문학,44,천문학
152815,대중생물학,40,자연과학
152816,생물학일반,40,자연과학
152817,기초생물학,40,자연과학
152818,식물학,48,식물학
152819,동물학,49,동물학
152820,생화학,43,화학
152821,생태학,40,자연과학
152822,유전학,40,자연과학
152777,생물학,40,자연과학
152773,수학,41,수학
152778,대중수학,41,수학
152779,수학일반,41,수학
152780,기초수학,41,수학
152781,연산/대수학,41,수학
152782,기하학,41,수학
152783,위상기하학,41,수학
152784,분석,41,수학
152785,미적분학,41,수학
152786,통계,41,수학
152804,대중지구과학,40,자연과학
152806,지구과학일반,40,자연과학
152807,지리학,98,여행
152808,지질학,40,자연과학
152809,고생물학,40,자연과학
152810,암석학,40,자연과학
152776,지구과학,40,자연과학
152775,화학,43,화학
152797,대중화학,43,화학
152798,화학일반,43,화학
152799,이론화학,43,화학
152800,무기화학,43,화학
152801,유기화학,43,화학
152802,물리화학,43,화학
151140,취미/레저,-1,매핑불가
152716,가정목공/전기/DIY,99,전기
152719,게임/퍼즐,-1,매핑불가
152715,공예/바느질,-1,매핑불가
152723,기타,672,음악
152722,반려동물,-1,매핑불가
152718,사진/비디오촬영,-1,매핑불가
152720,수집품도록,67,음악(음반)
152721,원예,-1,매핑불가
152717,회화/드로잉,-1,매핑불가
151143,컴퓨터,53,공학
152870,소프트웨어,53,공학
152869,운영체제(OS),53,공학
152872,인터넷/네트워킹,53,공학
152873,컴퓨터게임,53,공학
152868,컴퓨터언어,70,언어
152867,컴퓨터일반,53,공학
152871,하드웨어,53,공학
90840,만화,80,문학
97330,각색,80,문학
97331,논픽션,80,문학
97332,대하/서사,80,문학
97333,로맨스,80,문학
97334,만화비평,80,문학
97335,문집/선집,80,문학
97336,문학,80,문학
97337,범죄/미스터리,80,문학
97338,슈퍼히어로,80,문학
97339,에로티카,80,문학
97340,일반,80,문학
97341,일본만화,80,문학
103618,논픽션,80,문학
103619,로맨스,80,문학
103620,범죄/미스터리,80,문학
103621,서사,80,문학
103622,스포츠,80,문학
103623,에로티카,80,문학
103624,일본만화 일반,80,문학
103625,판타지,80,문학
103626,호러,80,문학
103627,LGBT,80,문학
103628,Media Tie-In,80,문학
103629,SF,80,문학
103630,Yaoi,80,문학
97342,종교,20,종교
97343,판타지,80,문학
97344,현대여성,80,문학
97345,호러,80,문학
97346,LGBT,80,문학
97347,Movie Tie-In,80,문학
97348,SF,80,문학
136833,노트/저널,-1,매핑불가
134769,문구,-1,매핑불가
134771,책 관련 상품,-1,매핑불가
131536,Fantastic Beasts,-1,매핑불가
131537,Harry Potter,-1,매핑불가
122805,Moleskine,-1,매핑불가
156300,2018 다이어리,-1,매핑불가
139709,2018 데일리,-1,매핑불가
139710,2018 먼슬리,-1,매핑불가
139711,2018 위클리,-1,매핑불가
139712,2018 데스크캘린더,-1,매핑불가
144777,2019 18개월 다이어리,-1,매핑불가
148447,2019 다이어리 한정판,-1,매핑불가
148445,2019 데일리,-1,매핑불가
148446,2019 위클리,-1,매핑불가
159987,2020 다이어리,-1,매핑불가
156299,2020 먼슬리(18M),-1,매핑불가
156297,2020 위클리(18M),-1,매핑불가
156298,2020 데일리(18M),-1,매핑불가
159994,2020 데일리,-1,매핑불가
159995,2020 위클리,-1,매핑불가
159996,2020 먼슬리,-1,매핑불가
159997,2020 한정판,-1,매핑불가
156557,2020 18개월 다이어리,-1,매핑불가
167788,2021 18개월 다이어리,-1,매핑불가
172997,2021 데일리,-1,매핑불가
172998,2021 먼슬리,-1,매핑불가
172999,2021 위클리,-1,매핑불가
173000,2021 한정판,-1,매핑불가
172996,2021 다이어리,-1,매핑불가
183163,2022 다이어리,-1,매핑불가
188026,2022 데일리,-1,매핑불가
188027,2022 위클리,-1,매핑불가
188028,2022 먼슬리,-1,매핑불가
188029,2022 한정판,-1,매핑불가
183164,2022 18개월 다이어리,-1,매핑불가
162184,가방/액세서리,-1,매핑불가
122813,기프트,-1,매핑불가
122809,노트북/저널,-1,매핑불가
167789,클래식 노트＆고 펜 번들 세트,67,음악(음반)
122865,카드,-1,매핑불가
122843,컬러 노트북,-1,매핑불가
122845,클래식 리포터,67,음악(음반)
122846,씨티 노트북,-1,매핑불가
122847,패션 저널,-1,매핑불가
122848,프로페셔널 노트북,-1,매핑불가
180233,클래식노트 더블 레이아웃,67,음악(음반)
139714,클래식노트 도트,67,음악(음반)
139715,클래식노트 플레인,67,음악(음반)
139716,클래식노트 룰드,67,음악(음반)
139717,클래식노트 스퀘어드,67,음악(음반)
139718,프로 노트북,-1,매핑불가
139719,폴리오,-1,매핑불가
139720,포트폴리오,-1,매핑불가
139721,기프트박스,-1,매핑불가
139722,TWO-GO,-1,매핑불가
139723,클래식 메모포켓,67,음악(음반)
139724,스케치북/앨범,-1,매핑불가
139726,보이저 트래블 룰드,-1,매핑불가
122859,까이에,-1,매핑불가
122861,볼란트,-1,매핑불가
122849,클래식 어드레스북,67,음악(음반)
122850,에버노트 컬렉션,-1,매핑불가
147224,몰스킨 페이퍼 태블릿,-1,매핑불가
122812,독서용품,-1,매핑불가
122810,리미티드 에디션,-1,매핑불가
148175,아톰 한정판 노트,-1,매핑불가
147512,슈퍼마리오 한정판 노트,-1,매핑불가
154884,벚꽃 에디션,-1,매핑불가
167467,헤링본,-1,매핑불가
163105,블렌드 컬렉션 노트북,-1,매핑불가
155299,원더 우먼,-1,매핑불가
178938,마징가,-1,매핑불가
188644,피노키오,-1,매핑불가
188645,세일러문,-1,매핑불가
173089,프리다 칼로,-1,매핑불가
173885,스튜디오 컬렉션,-1,매핑불가
157793,반지의 제왕,-1,매핑불가
149400,제임스본드,-1,매핑불가
149401,데님컬렉션,-1,매핑불가
168442,젤다의 전설,-1,매핑불가
166868,오즈의 마법사,-1,매핑불가
160874,드래곤볼,-1,매핑불가
150229,루니툰,-1,매핑불가
150230,피터팬,-1,매핑불가
162182,2019 제임스본드 007,-1,매핑불가
161363,데이비드 보위,-1,매핑불가
159894,해리포터,-1,매핑불가
158160,밥 딜런,-1,매핑불가
157533,건담,-1,매핑불가
156841,바스키아,-1,매핑불가
154566,아트클렉션,-1,매핑불가
122811,펜/연필/기타,672,음악
162183,필기도구,20,종교
122102,Penguin Book Collection,-1,매핑불가
122103,Book Bag,-1,매핑불가
144856,BUSINESS CARD HOLDER,-1,매핑불가
122104,Note,-1,매핑불가
144855,PASSPORT HOLDER,-1,매핑불가
122105,Postcards,-1,매핑불가
90841,법률,-1,매핑불가
97349,가족법,-1,매핑불가
103631,가족법 일반,-1,매핑불가
103632,결혼,59,가정학
103633,어린이,37,교육학
103634,이혼,-1,매핑불가
97350,건설법,-1,매핑불가
97351,계약법,-1,매핑불가
97352,공공계약,-1,매핑불가
97353,공공사업,-1,매핑불가
97354,공법,-1,매핑불가
97355,과학기술,40,자연과학
97356,관습법,-1,매핑불가
97357,교육법,-1,매핑불가
97358,국제무역법,32,경제학
97359,국제법,-1,매핑불가
97360,국제사법,-1,매핑불가
97361,군사법,-1,매핑불가
97362,근로/고용,-1,매핑불가
97363,노인법,-1,매핑불가
97364,농법,-1,매핑불가
97365,독점금지법,-1,매핑불가
97366,명예훼손,-1,매핑불가
97367,미디어와 법,-1,매핑불가
97368,민법,-1,매핑불가
97369,민사소송법,-1,매핑불가
97370,배심원,-1,매핑불가
97371,배임행위,-1,매핑불가
97372,법률 에세이,80,문학
97373,법률사무소관리,-1,매핑불가
97374,법률서비스,-1,매핑불가
97375,법률서식 작성,-1,매핑불가
97376,법률일반,-1,매핑불가
97377,법무사,-1,매핑불가
97378,법원규칙,-1,매핑불가
97379,법의 역사,90,역사
97380,법의학,51,의학
97381,법인법,-1,매핑불가
97382,법적책임,-1,매핑불가
97383,법정,-1,매핑불가
97384,법조인력,-1,매핑불가
97385,법학,36,법학
97386,법학교육,36,법학
97387,보건법,-1,매핑불가
97388,보험법,-1,매핑불가
97389,부동산,32,경제학
97390,부동산/신탁법,32,경제학
97391,분쟁해결,-1,매핑불가
97392,불법행위,-1,매핑불가
97393,비교법학,36,법학
97394,사법권,-1,매핑불가
97395,사생활,-1,매핑불가
97396,사전/용어,-1,매핑불가
97397,상거래법,-1,매핑불가
97398,상법/금융법,-1,매핑불가
97399,상해,-1,매핑불가
97400,생전신탁,-1,매핑불가
97401,선거법,-1,매핑불가
97402,선주민법,-1,매핑불가
97403,세법,-1,매핑불가
97404,소비자법,-1,매핑불가
97405,소송,-1,매핑불가
97406,손해배상,-1,매핑불가
97407,스포츠,-1,매핑불가
97408,시민권,-1,매핑불가
97409,실무 가이드,-1,매핑불가
97410,아동보호,-1,매핑불가
97411,엔터테인먼트법,-1,매핑불가
97412,연구,-1,매핑불가
97413,연금법,-1,매핑불가
97414,운송,-1,매핑불가
97415,유언,-1,매핑불가
97416,윤리/직업적 책임,-1,매핑불가
97417,은행법,-1,매핑불가
97418,의료법,-1,매핑불가
97419,이민법,-1,매핑불가
97420,인수합병,-1,매핑불가
97421,일반관행,-1,매핑불가
97422,임대차법,-1,매핑불가
97423,자산,-1,매핑불가
97424,자살/존엄사/안락사,-1,매핑불가
97425,자연법,-1,매핑불가
97426,장애,-1,매핑불가
97427,재판기록,67,음악(음반)
97428,재판실무,-1,매핑불가
97429,정보통신법,-1,매핑불가
97430,정부 관련법,-1,매핑불가
97431,정신건강,-1,매핑불가
97432,젠더/법,-1,매핑불가
97433,주석/인용,-1,매핑불가
97434,주택/도시개발법,-1,매핑불가
97435,중재,-1,매핑불가
97436,증거,-1,매핑불가
97437,증권법,-1,매핑불가
97438,증인,-1,매핑불가
97439,증인심문,-1,매핑불가
97440,지적재산권,-1,매핑불가
103635,상표,-1,매핑불가
103636,일반,-1,매핑불가
103637,저작권,-1,매핑불가
103638,특허,-1,매핑불가
97441,차별,-1,매핑불가
97442,참고자료,-1,매핑불가
97443,천연자원,-1,매핑불가
97444,컴퓨터/인터넷,53,공학
97445,토지사용,-1,매핑불가
97446,파산법,-1,매핑불가
97447,항공우주법,-1,매핑불가
97448,해사법,-1,매핑불가
97449,행정법/규제관행,-1,매핑불가
97450,헌법,-1,매핑불가
97451,형법,-1,매핑불가
97452,형사소송법 ,-1,매핑불가
97453,환경법,-1,매핑불가
90842,소설/시/희곡,80,문학
97454,문학,80,문학
103639,고전,80,문학
103640,독일,80,문학
103641,동유럽,80,문학
103642,러시아/구 소련연방,80,문학
103643,문학일반,80,문학
103644,미국,80,문학
103645,북미 원주민,80,문학
103646,스칸디나비아 ,80,문학
103647,스페인/포르투갈,80,문학
103648,아시아,80,문학
105272,인도,80,문학
105273,일본,80,문학
105274,중국,80,문학
105275,한국 ,80,문학
105271,아시아 일반,80,문학
103649,아프리카,93,지리
103650,에세이,80,문학
103651,여성저자,80,문학
103652,연설문,80,문학
103653,영국/아일랜드,80,문학
103654,유럽일반,80,문학
103655,이탈리아,80,문학
103656,일기/저널/편지,80,문학
103657,중동,80,문학
103658,중세,80,문학
103659,캐나다,80,문학
103660,캐러비언/라틴 아메리카,80,문학
103661,프랑스,80,문학
103662,호주/오세아니아,80,문학
103663,LGBT,80,문학
97455,문학비평,80,문학
103664,고대/고전,80,문학
103665,고딕/로맨스,80,문학
103666,기호학/이론  ,80,문학
103667,단편,80,문학
103668,동화/신화,80,문학
103669,러시아/구 소련연방,80,문학
103670,르네상스,80,문학
103671,만화/그래픽 노블,80,문학
103672,문학비평 일반,80,문학
103673,미국,80,문학
103674,미스터리/탐정,80,문학
103675,북미 원주민,80,문학
103676,세익스피어,80,문학
103677,시,80,문학
103678,아시아,80,문학
103679,아프리카,93,지리
103680,어린이 문학,80,문학
103681,여성작가,80,문학
103682,유대,80,문학
103683,유럽,80,문학
103684,유머,80,문학
103685,중동,80,문학
103686,중세,80,문학
103687,참고자료,80,문학
103688,책/독서,80,문학
103689,캐나다,80,문학
103690,캐러비언/라틴 아메리카,80,문학
103691,페미니스트,80,문학
103692,호주/오세아니아,80,문학
103693,희곡,80,문학
103694,LGBT,80,문학
103695,SF/판타지,80,문학
97456,소설,80,문학
103696,가족소설,80,문학
103697,고딕소설,80,문학
103698,고스트,80,문학
103699,고전,80,문학
134148,근현대,80,문학
103700,기독교 소설,23,기독교
105276,고전,23,기독교
105277,기독교 소설 일반,23,기독교
105278,단편,23,기독교
105279,로맨스,23,기독교
105280,미래소설,23,기독교
105281,서부,23,기독교
105282,서사,23,기독교
105283,서스펜스,23,기독교
105284,판타지,23,기독교
103701,남성 어드벤처,80,문학
103702,느와르,80,문학
103703,단편,80,문학
103704,대하/서사,80,문학
103705,디스토피아,80,문학
103706,로맨스,80,문학
105285,20세기 역사,90,역사
105286,군대,80,문학
105287,다문화/다인종,80,문학
105288,단편,80,문학
105289,로맨틱 코미디,80,문학
105290,서부,80,문학
105291,서사,80,문학
105292,서스펜스,80,문학
105293,섭정시대,80,문학
105294,시간여행,80,문학
105295,에로티카,80,문학
105296,일반,80,문학
105297,초자연,80,문학
105298,판타지,80,문학
105299,현대,80,문학
105300,LGBT,80,문학
105301,New Adult,80,문학
105302,SF,80,문학
103707,메디컬,80,문학
103708,문집,80,문학
103709,문학,80,문학
103710,문화유산,80,문학
103711,미국,80,문학
105303,아시아계 미국인,80,문학
105304,아프리카계 미국인 ,93,지리
105305,경찰소설,80,문학
105306,단편,80,문학
105307,여성탐정,80,문학
105308,역사,90,역사
105309,영국탐정,80,문학
105310,일반,80,문학
105311,하드보일드,80,문학
103712,미스터리/탐정,80,문학
103713,민화/전설,80,문학
103714,범죄,80,문학
103715,법정,80,문학
103716,블랙 유머,80,문학
103717,서부,80,문학
103718,서스펜스,80,문학
103719,성장기,80,문학
103720,슈퍼히어로,80,문학
103721,스릴러,80,문학
107190,서스펜스,80,문학
107191,일반,80,문학
107182,범죄,80,문학
107183,법정,80,문학
107184,역사,90,역사
107185,의학,51,의학
107186,전쟁/군사,80,문학
107187,정치,80,문학
107188,초자연,80,문학
103736,첩보,80,문학
103737,테크놀로지,80,문학
103722,스포츠 소설,80,문학
103723,심리소설,80,문학
103724,아미쉬파/메노파교,80,문학
103725,액션/어드벤처,80,문학
103726,에로티카,80,문학
103727,역사,90,역사
103728,오컬트/초자연,80,문학
103729,유대,80,문학
103730,유머,80,문학
103731,일반,80,문학
103732,전기소설,99,전기
103733,전쟁/군사,80,문학
103734,정치소설,80,문학
103735,종교소설,20,종교
103738,판타지,80,문학
105317,현대,80,문학
105318,Urban Life,80,문학
105312,단편,80,문학
105313,서사,80,문학
105314,역사,90,역사
105315,일반,80,문학
105316,초자연,80,문학
108992,Dark,80,문학
103739,풍자소설,80,문학
103740,해양소설,80,문학
103741,현대여성,80,문학
103742,호러,80,문학
103743,환상소설,80,문학
103744,히스패닉/라틴,80,문학
103745,LGBT,80,문학
103746,Magical Realism,80,문학
103747,Mashups,80,문학
103748,Movie Tie-In,80,문학
103749,SF,80,문학
105319,군사,80,문학
105320,단편,80,문학
105321,어드벤처,80,문학
105322,외계생명체,80,문학
105323,유전공학,53,공학
105324,일반,80,문학
105325,첨단기술,80,문학
105326,Cyberpunk,80,문학
105327,Space Opera,80,문학
105328,Steampunk,80,문학
103750,SF-대체역사,90,역사
103751,Urban Life,80,문학
97457,시,80,문학
103752,고대/고전,80,문학
103753,독일,80,문학
103754,러시아/구 소련연방,80,문학
103755,문집,80,문학
103756,미국,80,문학
103757,북미 원주민,80,문학
103758,서사,80,문학
103759,스페인/포르투갈,80,문학
103760,아시아,80,문학
103761,아프리카,93,지리
103762,여성,80,문학
103763,영국/아일랜드,80,문학
103764,유럽일반,80,문학
103765,이탈리아,80,문학
103766,일반,80,문학
103767,중동,80,문학
103768,중세,80,문학
103769,캐나다,80,문학
103770,캐러비언/라틴 아메리카,80,문학
103771,테마별,80,문학
105329,가족,80,문학
105330,사랑,80,문학
105331,일반,80,문학
105332,자연,80,문학
105333,장소,80,문학
105334,종교/영성,20,종교
105335,죽음/상실,80,문학
103772,프랑스,80,문학
103773,호주/오세아니아,80,문학
103774,LGBT,80,문학
97458,희곡,80,문학
103775,고대/고전,80,문학
103776,독일,80,문학
103777,러시아/구 소련연방,80,문학
103778,문집,80,문학
103779,미국,80,문학
103780,셰익스피어,80,문학
103781,스페인/포르투갈,80,문학
103782,아시아,80,문학
103783,아프리카,93,지리
103784,여성작가,80,문학
103785,영국/아일랜드,80,문학
103786,오세아니아,80,문학
103787,유럽일반,80,문학
103788,이탈리아,80,문학
103789,일반,80,문학
103790,종교/예배,20,종교
103791,중동,80,문학
103792,중세,80,문학
103793,캐나다,80,문학
103794,캐러비안/라틴아메리카,80,문학
103795,프랑스,80,문학
103796,LGBT,80,문학
90843,수험서,-1,매핑불가
97459,고등학교 입학시험,37,교육학
97460,공무원,-1,매핑불가
97461,군대,-1,매핑불가
97462,대학 가이드,-1,매핑불가
97463,대학 입학,-1,매핑불가
97464,대학원 가이드,-1,매핑불가
97465,변호사 자격증,-1,매핑불가
97466,수험서 일반,-1,매핑불가
97467,스터디 가이드,-1,매핑불가
97468,시민권,-1,매핑불가
97469,시험 일반,37,교육학
97470,전문직,-1,매핑불가
97471,직업,-1,매핑불가
97472,ACT,-1,매핑불가
97473,AP,-1,매핑불가
97474,Book Notes ,-1,매핑불가
97475,CLEP ,-1,매핑불가
97476,CPA,-1,매핑불가
97477,Financial Aid,-1,매핑불가
136305,GCSE (IGCSE),-1,매핑불가
97478,GED,-1,매핑불가
97479,GMAT ,-1,매핑불가
97480,GRE,-1,매핑불가
136306,IB Diploma,-1,매핑불가
97481,LSAT ,-1,매핑불가
97482,MAT,-1,매핑불가
97483,MCAT,-1,매핑불가
97484,NTE,-1,매핑불가
97485,PSAT/NMSQT ,-1,매핑불가
97486,Regents,-1,매핑불가
97487,SAT,-1,매핑불가
139466,SSAT,-1,매핑불가
97488,TOEFL ,-1,매핑불가
28254,스페인 도서,-1,매핑불가
159297,건강,-1,매핑불가
75161,경제/경영,5,
75167,과학/기술,40,자연과학
75174,기타,672,음악
75172,레저/가정,-1,매핑불가
75169,명상/점술/타로/대체의학,51,의학
159292,문학/소설,80,문학
75157,문학이론/비평,80,문학
75155,번역문학,80,문학
75162,법률/정치,-1,매핑불가
75153,스페인문학,80,문학
75173,스포츠,-1,매핑불가
75164,심리학/사회학/커뮤니케이션,18,심신수련/명상
75158,어린이/청소년,37,교육학
107528,어린이,37,교육학
107529,청소년,37,교육학
75159,어학/교육,-1,매핑불가
159299,여행,98,여행
75163,역사/철학/종교/인류학,10,철학
75170,예술,60,예술
75171,요리/차/음료,-1,매핑불가
75160,자기계발,32,경제학
75166,자연/의학,51,의학
75165,전기/자서전,99,전기
75154,중남미문학,80,문학
75168,컴퓨터,53,공학
75156,희곡/시,-1,매핑불가
75175,CD/CD-ROM/DVD,67,음악(음반)
106165,어린이,37,교육학
106166,개념 학습,37,교육학
106186,색/소리/감각,37,교육학
106187,시간/계절,37,교육학
106188,신체,37,교육학
106189,알파벳/숫자,37,교육학
106190,요리/음식,37,교육학
106191,일반,37,교육학
106192,크기/형태,37,교육학
106167,교과 학습,37,교육학
106193,과학,40,자연과학
106307,물리,40,자연과학
106308,발견/발명,40,자연과학
106309,생물,40,자연과학
106310,일반,40,자연과학
106311,자연/환경,40,자연과학
106312,지구과학,40,자연과학
106313,화학/공학/농학,43,화학
134770,교구,37,교육학
106194,사회,37,교육학
106195,사회,37,교육학
106314,고대/선사시대,37,교육학
106315,중세/르네상스,37,교육학
106316,사회문제,37,교육학
106317,일반,37,교육학
106318,전통/고고학,37,교육학
106319,지리/지도,98,여행
106320,산수,41,수학
106321,상급수학,41,수학
106322,일반,41,수학
106196,수학,41,수학
106197,역사  ,90,역사
106323,미국 역사,90,역사
106324,아시아,90,역사
106325,아프리카,93,지리
106326,유럽,90,역사
106327,일반,90,역사
106328,중동,90,역사
106329,현대,90,역사
106330,호주/오세아니아,90,역사
106198,일반,37,교육학
106199,학습서,37,교육학
106331,시험준비,37,교육학
106332,Book Notes,37,교육학
106168,그림책,37,교육학
106200,세트/전집,37,교육학
106201,시리즈별,37,교육학
106333,베오영,37,교육학
106334,Istorybook,37,교육학
106335,MY Little Library,37,교육학
106336,노부영,37,교육학
106337,노부영WWR,37,교육학
106338,Story Shake,37,교육학
127461,Pictory,37,교육학
154239,픽토리(Pictory),37,교육학
107197,일반,37,교육학
106179,논픽션,37,교육학
106247,과학 ,40,자연과학
106345,운송수단 ,40,자연과학
106346,컴퓨터 ,40,자연과학
106347,생일 ,37,교육학
106348,일반 ,37,교육학
106349,추수감사절/부활절 ,37,교육학
106350,크리스마스 ,37,교육학
106351,할로윈 ,37,교육학
106248,기념일 ,37,교육학
106249,동물 ,37,교육학
106352,개/고양이 ,37,교육학
106353,곤충 ,37,교육학
106354,공룡/고대동물 ,37,교육학
106355,동물관리 ,37,교육학
106356,사자/호랑이/여우 ,37,교육학
106357,일반 ,37,교육학
106358,조류 ,37,교육학
106359,파충류/양서류 ,37,교육학
106360,포유류 ,37,교육학
106361,해양생물 ,37,교육학
106362,가족 ,37,교육학
106363,건강/일상 ,37,교육학
106364,사람/장소 ,37,교육학
106365,생활 ,37,교육학
106366,일반 ,37,교육학
106250,사회 ,37,교육학
106251,스포츠 ,37,교육학
106367,계절운동 ,37,교육학
106368,농구/축구/야구 ,37,교육학
106369,레슬링/체조/무술 ,37,교육학
106370,일반 ,37,교육학
106371,건축 ,60,예술
106372,대중문화 ,60,예술
106373,음악 ,67,음악(음반)
106374,일반 ,60,예술
106252,예술 ,60,예술
106253,일반 ,37,교육학
106254,전기/자서전 ,99,전기
106375,사회/과학 ,99,전기
106376,스포츠 ,99,전기
106377,역사 ,90,역사
106378,예술가 ,60,예술
106379,왕족/대통령 ,99,전기
106380,일반 ,99,전기
106381,종교 ,20,종교
106384,유대교 ,20,종교
106385,이슬람 ,20,종교
106386,일반 ,20,종교
106382,기독교 ,23,기독교
106383,성경 ,20,종교
106255,종교 ,20,종교
106169,놀이책,37,교육학
106207,노래/챈트,37,교육학
106211,사운드북,37,교육학
106212,색칠공부/스티커북,37,교육학
106213,일반,37,교육학
106208,토이북,37,교육학
106214,팝업북/플랩북,37,교육학
106215,퍼즐/퀴즈/게임/카드,37,교육학
106339,보드게임,37,교육학
106340,비디오 & 전자게임,37,교육학
106341,카드/단어게임,37,교육학
106342,퀴즈,37,교육학
106343,퍼즐,37,교육학
106209,헝겊책/입체북/촉감책,37,교육학
106210,DVD/비디오테잎/CD-ROM,37,교육학
106171,동화책,37,교육학
106216,고전/명작,80,문학
106217,세트/전집,37,교육학
106218,일반,37,교육학
106219,창작 동화,37,교육학
106220,학습 동화,37,교육학
109198,일반,37,교육학
106344,과학동화,40,자연과학
106172,리더스,37,교육학
106221,리더,37,교육학
106222,초급리더,37,교육학
106223,풀세트/전집,37,교육학
106173,미국 교과서,37,교육학
106224,중학교,37,교육학
106225,초등학교,37,교육학
106226,뉴베리 상(The Newbery Medal),37,교육학
106227,칼데콧 상(Caldecott Medal),37,교육학
106175,어린이 사전,37,교육학
106228,백과사전,3,
106229,사전,37,교육학
106230,연감,37,교육학
106231,유의어 사전,37,교육학
106232,지도,37,교육학
106176,영어 학습,74,영어
106233,기호언어,70,언어
106234,일반,74,영어
106235,Grammar,74,영어
106236,Listening & Speaking,74,영어
109199,Newbery Study Guide,74,영어
106237,Phonics,74,영어
106238,Reading & Comprehension,74,영어
106239,Vocabulary,74,영어
106240,Writing,74,영어
106177,오디오북,37,교육학
106178,제2외국어/이중언어,70,언어
106241,스페인어,77,스페인어
106242,영어(제2외국어),74,영어
106243,영어+스페인어,74,영어
106244,영어+중국어,72,동양어
106245,일반,70,언어
106246,프랑스어,76,프랑스어
106181,챕터북,37,교육학
106272,논픽션 챕터북,37,교육학
109200,세트,37,교육학
106273,픽션 챕터북,37,교육학
106182,청소년 문학,80,문학
106274,논픽션,80,문학
106275,픽션,80,문학
106183,캐릭터,37,교육학
109201,기타,37,교육학
106276,Arthur,37,교육학
123807,Barbapapa,37,교육학
124051,Barbie,37,교육학
106277,Berenstain Bears,37,교육학
106278,Biscuit,37,교육학
106279,Blue's Clues,37,교육학
106280,Caillou,37,교육학
106281,Charlie and Lola,37,교육학
106282,Clifford,37,교육학
106283,Corduroy,37,교육학
106284,Curious George,37,교육학
106285,Daisy,37,교육학
106286,Disney,37,교육학
106287,Dora the Explorer,37,교육학
106288,Dr. Seuss,37,교육학
106289,Eloise,37,교육학
106290,Froggy,37,교육학
124262,Good Dinosaur,37,교육학
106291,Little Bear,37,교육학
106292,Little Critter,37,교육학
106293,Little Polar Bear,37,교육학
106294,Maisy,37,교육학
132324,Martine,37,교육학
126705,Marvel,37,교육학
135396,My Little Pony,37,교육학
106295,Olivia,37,교육학
106296,Peanuts,37,교육학
128524,Peppa Pig,37,교육학
106297,Peter Rabbit,37,교육학
106298,Sesame Street,37,교육학
106299,Sponge Bob,37,교육학
106300,SPOT,37,교육학
106301,Thomas & Friends,37,교육학
125075,Wally,37,교육학
106302,Winnie the Pooh,37,교육학
106185,코스북,37,교육학
106305,유아 코스북,37,교육학
106306,초등 코스북,37,교육학
106180,픽션,37,교육학
106256,가족 ,37,교육학
106257,건강/일상 ,37,교육학
106387,꿈/취침 ,37,교육학
106388,도시생활 ,37,교육학
106389,시골/농장생활 ,37,교육학
106390,의류 ,37,교육학
106391,일반 ,37,교육학
106392,일상생활 ,37,교육학
106393,책/도서관 ,37,교육학
106394,학교/교육 ,37,교육학
106395,화장실 연습 ,37,교육학
106258,공상/SF ,37,교육학
106259,과학/자연 ,40,자연과학
106396,과학/기술 ,40,자연과학
106397,디스토피아 ,40,자연과학
106398,로보트 ,40,자연과학
106399,자연 ,40,자연과학
106400,초자연 ,40,자연과학
106401,컴퓨터 ,40,자연과학
106402,발렌타인데이 ,37,교육학
106403,생일 ,37,교육학
106404,일반 ,37,교육학
106405,추수감사절/부활절 ,37,교육학
106406,크리스마스 ,37,교육학
106407,할로윈 ,37,교육학
106260,기념일 ,37,교육학
106261,대중문화/예술 ,60,예술
106769,동물,37,교육학
145050,만화,80,문학
106408,고전 ,80,문학
106409,단편소설 ,80,문학
106410,사랑/로맨스 ,80,문학
106411,요정/동화 ,80,문학
106412,운문 ,80,문학
106413,일반 ,80,문학
106414,전기문학 ,80,문학
106415,전설/신화 ,80,문학
106416,판타지/매직 ,80,문학
106417,호러 ,80,문학
106262,문학 ,80,문학
106430,미스터리/탐정 ,37,교육학
106418,경제/직업 ,37,교육학
106419,남자/여자 ,37,교육학
106420,왕족 ,37,교육학
106263,사회 ,37,교육학
106264,사회문제 ,37,교육학
106421,법/범죄 ,37,교육학
106422,일반 ,37,교육학
106423,동요/장난감 ,37,교육학
106424,모험이야기 ,37,교육학
106425,몬스터 ,37,교육학
106426,일반 ,37,교육학
106265,상상/놀이 ,37,교육학
106266,스포츠/레크레이션 ,37,교육학
106427,계절운동 ,37,교육학
106428,농구/축구/야구 ,37,교육학
106429,일반 ,37,교육학
106431,액션/어드벤처 ,37,교육학
106267,액션/어드벤처 ,37,교육학
106268,역사 ,90,역사
106432,미국 ,90,역사
106433,발견/발명 ,90,역사
106434,아시아 ,90,역사
106435,아프리카 ,93,지리
106436,유럽 ,90,역사
106437,일반 ,90,역사
106438,중동지역 ,90,역사
106439,기차 ,37,교육학
106440,배 ,37,교육학
106441,일반 ,37,교육학
106442,자동차 ,37,교육학
125814,비행기,37,교육학
106269,운송수단 ,37,교육학
145090,유머,37,교육학
107519,일반,37,교육학
106443,기독교 ,23,기독교
106444,일반 ,20,종교
106270,종교 ,20,종교
106271,지역/사람 ,37,교육학
106453,호주/오세아니아 ,37,교육학
106445,미국 ,37,교육학
106446,북극/남극 ,37,교육학
106447,서양 ,37,교육학
106448,아시아 ,37,교육학
106449,아프리카 ,93,지리
106450,유럽 ,37,교육학
106451,일반 ,37,교육학
106452,중동 ,37,교육학
90844,언어학,70,언어
97489,대중연설,70,언어
97490,독서기술,70,언어
97491,리더스,70,언어
97492,문법/문장부호,70,언어
97493,문헌정보학,2,문헌정보학
103797,분류,2,문헌정보학
103798,아카이브/특수 도서관,2,문헌정보학
103799,일반,2,문헌정보학
103800,장서개발,2,문헌정보학
103801,학교 미디어,2,문헌정보학
103802,행정/관리,2,문헌정보학
97494,사전편찬,70,언어
97495,수사법,70,언어
97496,수화,70,언어
97497,스타일 매뉴얼 ,70,언어
97498,스펠링,70,언어
97499,스피치,70,언어
97500,알파벳/작문,70,언어
97501,어휘,70,언어
97502,언어교육,70,언어
97503,언어학,70,언어
103803,구문론,70,언어
103804,사회언어학,70,언어
103805,심리언어학,70,언어
103806,어용론,70,언어
103807,어원연구,70,언어
103808,역사/비교,90,역사
103809,음성학/음운학,70,언어
103810,의미론,70,언어
103811,일반,70,언어
103812,형태학,70,언어
97504,일반,70,언어
97505,읽기/쓰기 능력 ,70,언어
97506,작문/창작,70,언어
97507,저널리즘,70,언어
97508,저작,70,언어
97509,참고자료,70,언어
97510,출판,70,언어
97511,커뮤니케이션 연구,70,언어
97512,통번역,70,언어
97513,편집/교정,70,언어
97514,필체,70,언어
90845,에세이,80,문학
97515,과학,40,자연과학
97516,교육,80,문학
97517,디자인,60,예술
97518,문학,80,문학
97519,반려동물,80,문학
97520,법률,80,문학
97521,사진,80,문학
97522,사회과학,30,사회과학
97523,수학,41,수학
97524,스포츠,80,문학
97525,역사,90,역사
97526,요리,80,문학
97527,원예,80,문학
97528,의학,51,의학
97529,자연생태,80,문학
97530,정치학,34,정치학
97531,종교,20,종교
97532,철학,10,철학
90846,여행,98,여행
97533,공원/캠핑장,98,여행
97534,구 소련연방,98,여행
97535,극지방,98,여행
97536,남아메리카,98,여행
103813,브라질,98,여행
103814,아르헨티나,98,여행
103815,에콰도르/갈라파고스 제도,98,여행
103816,일반,98,여행
103817,칠레/이스터섬,98,여행
103818,페루,98,여행
97537,도보여행,98,여행
97538,러시아,98,여행
97539,레스토랑,98,여행
97540,리조트/스파,98,여행
97541,멕시코,98,여행
97542,미국,98,여행
103819,남부,98,여행
105336,일반,98,여행
105337,South Atlantic (DC/ DE/ FL/ GA/ MD/ NC/ SC/ VA/ WV),98,여행
105338,West South Central (AR/ LA/ OK/ TX),98,여행
103820,동남부 (AL/ KY/ MS/ TN),98,여행
103821,미국일반,98,여행
103822,북동부,98,여행
105339,일반,98,여행
105340,Middle Atlantic (NJ/ NY/ PA),98,여행
105341,New England (CT/ MA/ ME/ NH/ RI/ VT),98,여행
105342,일반,98,여행
105343,Mountain (AZ/ CO/ ID/ MT/ NM/ UT/ WY),98,여행
105344,Pacific (AK/ CA/ HI/ NV/ OR/ WA),98,여행
103823,서부,98,여행
103824,중서부,98,여행
105345,일반,98,여행
105346,East North Central (IL/ IN/ MI/ OH/ WI),98,여행
105347,West North Central (IA/ KS/ MN/ MO/ ND/ NE/ SD),98,여행
97543,박물관/투어,98,여행
97544,사진,98,여행
97545,쇼핑,98,여행
97546,아시아,98,여행
103825,극동지역,98,여행
103826,동남아시아,98,여행
103827,서남아시아,98,여행
103828,인도,98,여행
103829,일반,98,여행
103830,일본,98,여행
103831,중국,98,여행
103832,중앙아시아,98,여행
103833,한국,98,여행
97547,아프리카,93,지리
103834,남아프리카,93,지리
103835,남아프리카 공화국,93,지리
103836,동아프리카,93,지리
103837,모로코,93,지리
103838,북아프리카,93,지리
103839,서아프리카,93,지리
103840,일반,93,지리
103841,중앙아프리카,93,지리
103842,케냐,93,지리
97548,여행 에세이,80,문학
97549,여행일반,98,여행
97550,여행지도,98,여행
97551,유럽,98,여행
103843,그리스,98,여행
103844,덴마크,98,여행
103845,독일,98,여행
103846,동유럽,98,여행
103847,베네룩스 3국(벨기에/ 네덜란드/ 룩셈부르크),98,여행
103848,서유럽,98,여행
103849,스위스,98,여행
103850,스칸디나비아,98,여행
103851,스페인/포르투갈,98,여행
103852,아이슬란드/그린란드,98,여행
103853,아일랜드,98,여행
103854,영국,98,여행
103855,오스트리아 ,98,여행
103856,이탈리아,98,여행
103857,일반,98,여행
103858,프랑스,98,여행
97552,저예산,98,여행
97553,중동,98,여행
103859,이스라엘,98,여행
103860,이집트,98,여행
103861,일반,98,여행
103862,터키,98,여행
97554,중앙 아메리카,98,여행
97555,참고자료,98,여행
97556,캐나다,98,여행
103863,일반,98,여행
103864,"Atlantic Provinces (NB, NF, NS, PE)",98,여행
103865,Ontario (ON),98,여행
103866,"Prairie Provinces (MB, SK)",98,여행
103867,Quebec (QC),98,여행
103868,"Territories & Nunavut (NT, NU, YT)",98,여행
103869,"Western Provinces (AB, BC)",98,여행
97557,캐러비안/서인도,98,여행
97558,크루즈,98,여행
97559,테마별 여행,98,여행
103870,가족,98,여행
103871,고령,98,여행
103872,문학,80,문학
103873,반려동물,98,여행
103874,비즈니스,98,여행
103875,스포츠,98,여행
103876,어드벤처,98,여행
103877,에코여행,98,여행
103878,일반,98,여행
103879,장애인,98,여행
103880,종교,20,종교
103881,LGBT,98,여행
97560,테마파크,98,여행
97561,호주/오세아니아,98,여행
97562,호텔/숙박/호스텔,98,여행
97563,Bed/Breakfast,98,여행
97564,Road Travel,98,여행
90847,역사,90,역사
97565,고대,90,역사
103882,그리스,90,역사
103883,로마,90,역사
103884,이집트,90,역사
103885,일반,90,역사
97566,군사,90,역사
103886,걸프전쟁 (1991),90,역사
103887,공군,90,역사
103888,군사일반,90,역사
103889,기타,90,역사
103890,무기,90,역사
103891,미국,90,역사
103892,베트남전쟁,90,역사
103893,사진,90,역사
103894,생화학/화학전,43,화학
103895,아프간전쟁 (2001~),90,역사
103896,이라크전쟁  (2003~),90,역사
103897,전략,90,역사
103898,제1차 세계대전,90,역사
103899,제2차 세계대전,90,역사
103900,참전용사,90,역사
103901,캐나다,90,역사
103902,특수부대,90,역사
103903,한국전쟁,90,역사
103904,해군,90,역사
103905,핵전쟁,90,역사
97567,극지방,90,역사
97568,근현대,90,역사
103906,16세기,90,역사
103907,17세기,90,역사
103908,18세기,90,역사
103909,19세기,90,역사
103910,20세기,90,역사
103911,21세기,90,역사
103912,일반,90,역사
97569,라틴아메리카,90,역사
103913,남아메리카,90,역사
103914,멕시코,90,역사
103915,일반,90,역사
103916,중앙아메리카,90,역사
97570,르네상스,90,역사
97571,문명,90,역사
97572,미국,90,역사
103917,19세기,90,역사
103918,20세기,90,역사
103919,21세기,90,역사
103920,미국 일반,90,역사
103921,시민전쟁 (1850 ~ 1877),90,역사
103922,식민지 시대 (1600 ~ 1775),90,역사
103923,중앙/지방정부 ,90,역사
103924,혁명기 시대 (1775 ~ 1800),90,역사
97573,북미 원주민,90,역사
97574,북아메리카,90,역사
97575,사회사,90,역사
97576,세계사,90,역사
97577,아메리카,90,역사
97578,아시아,90,역사
103925,동남아시아,90,역사
103926,아시아 일반,90,역사
103927,인도/남아시아,90,역사
103928,일본,90,역사
103929,중국,90,역사
103930,중앙 아시아,90,역사
103931,한국,90,역사
97579,아프리카,93,지리
103932,남아프리카,93,지리
103933,동아프리카,93,지리
103934,북아프리카,93,지리
103935,서아프리카,93,지리
103936,아프리카 일반,93,지리
103937,중앙아프리카,93,지리
97580,역사 기록학,90,역사
97581,역사 에세이,90,역사
97582,역사 지리학 ,90,역사
97583,역사교육,90,역사
97584,역사일반,90,역사
97585,오세아니아,90,역사
97586,유대,90,역사
97587,유럽,90,역사
103938,구소련 연방,90,역사
103939,그리스,90,역사
103940,독일,90,역사
103941,동유럽,90,역사
103942,러시아/구소련 연방,90,역사
103943,발트제국,90,역사
103944,서유럽,90,역사
103945,스칸디나비아 ,90,역사
103946,스페인/포르투갈,90,역사
103947,아일랜드,90,역사
103948,영국,90,역사
103949,오스트리아/헝가리,90,역사
103950,이탈리아,90,역사
103951,일반,90,역사
103952,프랑스,90,역사
97588,중동,90,역사
109004,이라크,90,역사
109003,이란,90,역사
103953,이스라엘,90,역사
103954,이집트,90,역사
103955,일반,90,역사
103956,터키/오스만 제국,90,역사
97589,중세,90,역사
97590,참고자료,90,역사
97591,캐나다,90,역사
103957,캐나다 연방 이전  (~1867),90,역사
103958,캐나다 연방 이후 (1867~),90,역사
103959,캐나다 일반,90,역사
97592,캐러비언/서인도,90,역사
97593,탐험/발견,90,역사
97594,혁명,90,역사
97595,호주/뉴질랜드,90,역사
97596,홀로코스트 ,90,역사
90848,예술/대중문화,60,예술
97597,댄스,60,예술
103960,대중,60,예술
103961,안무/무용보,60,예술
103962,일반,60,예술
103963,재즈,60,예술
103964,참고자료,60,예술
103965,클래식/발레,60,예술
103966,탭댄스,60,예술
103967,포크,60,예술
103968,현대,60,예술
97598,도자기 공예,60,예술
97599,디지털,60,예술
97600,문신,60,예술
97601,미술,60,예술
103969,그래피티/거리예술,60,예술
103970,기법일반,60,예술
103971,드로잉,60,예술
103972,만화작법,60,예술
103973,미술,60,예술
103974,미술교육,60,예술
103975,민중예술,60,예술
103976,박물관,60,예술
103977,보존,60,예술
103978,색기법,60,예술
103979,색이론,60,예술
103980,서예,64,서예
103981,소묘,60,예술
103982,수채화,60,예술
103983,아크릴화,60,예술
103984,에어브러시,60,예술
103985,연필 드로잉,60,예술
103986,유화,60,예술
103987,조각,62,조각
103988,조각/설치,62,조각
103989,콜렉션/전시도록,60,예술
103990,파스텔 드로잉,60,예술
103991,판화,60,예술
103992,펜/잉크 드로잉,60,예술
103993,프린트,60,예술
97602,사진,60,예술
103994,사진 비평,60,예술
103995,사진 역사,90,역사
103996,사진기술,60,예술
105348,디지털,60,예술
105349,암실,60,예술
105350,영화/비디오 촬영,60,예술
105351,일반,60,예술
105352,장비,60,예술
105353,조명,60,예술
105354,컬러,60,예술
103997,사진산업,60,예술
103998,사진일반,60,예술
103999,사진작가,60,예술
105355,에세이,60,예술
105356,일반,60,예술
105357,자료,60,예술
105358,작품집,60,예술
104000,상업사진,60,예술
104001,연감,60,예술
104002,주제별 사진,60,예술
105372,패션,60,예술
105373,풍경,60,예술
105374,항공사진,60,예술
105359,건축/산업,60,예술
105360,누드,60,예술
105361,동식물,60,예술
105362,라이프스타일,60,예술
105363,스포츠,60,예술
105364,어린이,60,예술
105365,에로티카,60,예술
105366,역사,90,역사
105367,유명인사,60,예술
105368,이벤트,60,예술
105369,인물사진,60,예술
105370,일반,60,예술
105371,지역,60,예술
104003,참고자료,60,예술
104004,컬렉션/카타로그/전시,60,예술
104005,포토 에세이/다큐멘터리,60,예술
104006,포토 저널리즘,60,예술
97603,서커스,60,예술
104007,서커스,60,예술
97604,애니메이션,60,예술
104008,애니메이션,60,예술
97605,연극,68,공연예술/연극
104009,마임,68,공연예술/연극
104010,브로드웨이/뮤지컬,68,공연예술/연극
104011,역사/비평,90,역사
104012,연기/오디션,68,공연예술/연극
104013,연출/제작,68,공연예술/연극
104014,연출기법,68,공연예술/연극
104015,일반,68,공연예술/연극
104016,희곡,68,공연예술/연극
97606,영화/비디오,60,예술
104017,가이드/리뷰,60,예술
104018,감독,60,예술
104019,독백/장면,60,예술
104020,스토리텔링,60,예술
104021,시나리오,60,예술
104022,역사/비평,90,역사
104023,연출/제작,60,예술
104024,영화대본,60,예술
104025,일반,60,예술
104026,참고자료,60,예술
97607,예술,60,예술
104027,개념예술,60,예술
104028,공연,60,예술
104029,대중문화,60,예술
104030,북미원주민,60,예술
104031,비평/이론,60,예술
104032,아티스트,60,예술
104033,연감,60,예술
104034,예술 역사,60,예술
105375,고대,60,예술
105376,근대(1945 이후),60,예술
105377,낭만주의,60,예술
105378,르네상스,60,예술
105379,바로크/로코코,60,예술
105380,원시/선사시대,60,예술
105381,일반,60,예술
105382,중세,60,예술
105383,현대(19세기후반 ~ 1945),60,예술
104035,예술과 정치,60,예술
104036,일반,60,예술
104037,지역별,60,예술
105384,라틴아메리카,60,예술
105385,러시아,60,예술
105386,미국,60,예술
105387,아시아,60,예술
105388,아프리카,93,지리
105389,유럽,60,예술
105390,중동,60,예술
105391,캐나다,60,예술
105392,호주/오세아니아,60,예술
104038,참고자료,60,예술
104039,테마별,60,예술
105394,에로티카,60,예술
105395,인간,60,예술
105396,일반,60,예술
105397,종교,20,종교
105398,초상,60,예술
105399,풍경,60,예술
105393,동식물,60,예술
97608,예술경영,60,예술
97609,음악,67,음악(음반)
104040,가사,67,음악(음반)
104041,레코딩/제작,67,음악(음반)
104042,민족음악,67,음악(음반)
104043,민족음악학,67,음악(음반)
104044,악기,67,음악(음반)
105400,기타,67,음악(음반)
105401,목관악기,67,음악(음반)
105402,브라스,67,음악(음반)
105403,일반,67,음악(음반)
105404,타악기,67,음악(음반)
105405,피아노/키보드,67,음악(음반)
105406,현악기,67,음악(음반)
105407,기타/프렛 악기,67,음악(음반)
105408,뮤지컬/영화/TV,67,음악(음반)
105409,밴드/오케스트라,67,음악(음반)
105410,보컬,67,음악(음반)
105411,아티스트,67,음악(음반)
105412,오페라/클래식,67,음악(음반)
105413,일반,67,음악(음반)
105414,타악기,67,음악(음반)
105415,피아노/키보드 연주,67,음악(음반)
105416,피아노-보컬-기타,67,음악(음반)
105417,합창,67,음악(음반)
105418,혼합 콜렉션,67,음악(음반)
104045,악보,67,음악(음반)
104046,음반/구매가이드,67,음악(음반)
104047,음악사/비평,67,음악(음반)
104048,음악산업,67,음악(음반)
104049,음악소개/연구,67,음악(음반)
105419,감상,67,음악(음반)
105420,기법,67,음악(음반)
105421,발성/보이스,67,음악(음반)
105422,악곡,67,음악(음반)
105423,이론,67,음악(음반)
105424,일반,67,음악(음반)
105425,작사/작곡,67,음악(음반)
105426,지휘,67,음악(음반)
105427,훈련,67,음악(음반)
104050,일반,67,음악(음반)
104051,작곡가/뮤지션,67,음악(음반)
104052,장르/스타일,67,음악(음반)
146312,어쿠스틱,67,음악(음반)
146319,발라드,67,음악(음반)
105439,소울/R&B,67,음악(음반)
105440,실내악,67,음악(음반)
105441,어린이,67,음악(음반)
105442,오페라,67,음악(음반)
105443,인터내셔널,67,음악(음반)
105444,일반,67,음악(음반)
105445,재즈,67,음악(음반)
105446,전자음악,67,음악(음반)
105447,컨트리/블루그래스,67,음악(음반)
105448,클래식,67,음악(음반)
105449,팝 보컬 ,67,음악(음반)
105450,펑크,67,음악(음반)
105451,포크/전통,67,음악(음반)
105452,합창,67,음악(음반)
105453,헤비메탈,67,음악(음반)
105428,군대/행진,67,음악(음반)
105429,뉴에이지,67,음악(음반)
105430,댄스,67,음악(음반)
105431,라틴,67,음악(음반)
105432,락,67,음악(음반)
105433,랩/힙합,67,음악(음반)
105434,레게,67,음악(음반)
105435,뮤지컬,67,음악(음반)
105436,발레,67,음악(음반)
105437,블루스,67,음악(음반)
105438,빅 밴드/스윙,67,음악(음반)
105454,가스펠,20,종교
105455,기독교,23,기독교
105456,무슬림,20,종교
105457,유대,20,종교
105458,일반,20,종교
105459,찬송가,20,종교
105460,현대 기독교,23,기독교
104053,종교,20,종교
104054,참고자료,67,음악(음반)
97610,인형극,60,예술
97611,참고자료,60,예술
127016,컬러링북/디자인북,60,예술
97612,코미디,60,예술
97613,혼합미디어,60,예술
97614,TV/라디오,60,예술
104055,라디오,60,예술
105461,역사/비평,90,역사
105462,일반,60,예술
105463,참고자료,60,예술
105464,가이드/리뷰,60,예술
105465,시나리오,60,예술
105466,역사/비평,90,역사
105467,연출/제작,60,예술
105468,일반,60,예술
105469,참고자료,60,예술
104056,텔레비전,60,예술
90849,오디오북,-1,매핑불가
97615,건강/운동,-1,매핑불가
97616,기타 논픽션,672,음악
97617,명상,18,심신수련/명상
97618,비즈니스/직업,-1,매핑불가
97619,소설/시/희곡,80,문학
104057,로맨스,80,문학
104058,문학고전,80,문학
104059,미스터리,80,문학
104060,서부,80,문학
104061,서스펜스/스릴러,80,문학
104062,소설일반,80,문학
104063,종교,20,종교
104064,희곡/시,80,문학
104065,SF/판타지,80,문학
97620,여행,98,여행
97621,역사,90,역사
97622,유머,-1,매핑불가
97623,자기계발,32,경제학
97624,전기/자서전,99,전기
97625,종교,20,종교
97626,철학,10,철학
90850,요리,-1,매핑불가
97627,건강요리/치료식,51,의학
104066,고단백,51,의학
104067,글루텐 미함유,51,의학
104068,당뇨/무당,51,의학
104069,심장,51,의학
104070,알러지,51,의학
104071,일반,51,의학
104072,저염,51,의학
104073,저지방,51,의학
104074,저콜레스테롤,51,의학
104075,저탄수화물,51,의학
104076,체중조절,51,의학
104077,항암,51,의학
97628,계절요리,-1,매핑불가
97629,국가별 요리,-1,매핑불가
104078,그리스,-1,매핑불가
104079,독일,-1,매핑불가
104080,러시아,-1,매핑불가
104081,멕시코,-1,매핑불가
104082,미국,-1,매핑불가
104083,베트남,-1,매핑불가
104084,북미 원주민,-1,매핑불가
104085,소울푸드,-1,매핑불가
104086,스칸디나비아,-1,매핑불가
104087,스페인,-1,매핑불가
104088,아시아,-1,매핑불가
104089,아일랜드,-1,매핑불가
104090,아프리카,93,지리
104091,영국,-1,매핑불가
104092,유대,-1,매핑불가
104093,유럽,-1,매핑불가
104094,이탈리아,-1,매핑불가
104095,인도/남아시아,-1,매핑불가
104096,인터내셔널,-1,매핑불가
104097,일반,-1,매핑불가
104098,일본,-1,매핑불가
104099,중국,-1,매핑불가
104100,중남미,-1,매핑불가
104101,중동,-1,매핑불가
104102,지중해,-1,매핑불가
104103,캐나다,-1,매핑불가
104104,캐러비언/서인도,-1,매핑불가
104105,케이즌/크리올,-1,매핑불가
104106,타이,-1,매핑불가
104107,터키,-1,매핑불가
104108,포르투갈,-1,매핑불가
104109,폴란드,-1,매핑불가
104110,프랑스,-1,매핑불가
104111,헝가리,-1,매핑불가
104112,환태평양,-1,매핑불가
97630,반려동물 먹이,-1,매핑불가
97631,술/음료/차,-1,매핑불가
104113,맥주,-1,매핑불가
104114,바텐딩,-1,매핑불가
104115,비알코올 음료,-1,매핑불가
104116,와인/양주,-1,매핑불가
104117,일반,-1,매핑불가
104118,커피/차,-1,매핑불가
97632,역사,90,역사
97633,요리 에세이,80,문학
97634,요리방법,-1,매핑불가
104119,1인용 요리,-1,매핑불가
104120,가니쉬,-1,매핑불가
104121,대량 요리,-1,매핑불가
104123,바비큐/그릴,-1,매핑불가
104124,베이킹,-1,매핑불가
104122,생식,-1,매핑불가
104125,슬로우 쿠킹,-1,매핑불가
104126,아웃도어,-1,매핑불가
104127,일반,-1,매핑불가
104128,전문가,-1,매핑불가
104129,전자레인지,-1,매핑불가
104130,중국냄비(Wok),-1,매핑불가
104131,퀵/이지,-1,매핑불가
104132,통조림/보존식품,-1,매핑불가
104133,튀김,-1,매핑불가
104134,특수 조리기구,-1,매핑불가
104135,Gourmet,-1,매핑불가
97635,요리사/레스토랑,-1,매핑불가
97636,요리재료,-1,매핑불가
104136,가금류,-1,매핑불가
104137,곡물,-1,매핑불가
104138,과일,-1,매핑불가
104139,야생,-1,매핑불가
104140,유제품,-1,매핑불가
104141,육류,-1,매핑불가
104142,일반,-1,매핑불가
104143,자연식,-1,매핑불가
104144,채소,-1,매핑불가
104145,파스타,-1,매핑불가
104146,해산물,-1,매핑불가
104147,허브/향신료/양념,-1,매핑불가
97637,유아식,37,교육학
97638,일반,-1,매핑불가
97639,참고자료,-1,매핑불가
97640,채식,-1,매핑불가
97641,초대,-1,매핑불가
97642,코스/요리,-1,매핑불가
104148,디저트,-1,매핑불가
104149,브레드,-1,매핑불가
104150,샐러드,-1,매핑불가
104151,소스/드레싱,-1,매핑불가
104152,스프/스튜,-1,매핑불가
104153,아침,-1,매핑불가
104154,에피타이저,-1,매핑불가
104155,일반,-1,매핑불가
104156,점심,-1,매핑불가
104157,제과류,-1,매핑불가
104158,초콜렛,-1,매핑불가
104159,케익,-1,매핑불가
104160,쿠키,-1,매핑불가
104161,파이,-1,매핑불가
104162,페이스트리,-1,매핑불가
104163,피자,-1,매핑불가
97643,테이블세팅,-1,매핑불가
97644,홀리데이 ,-1,매핑불가
90851,유머,-1,매핑불가
97646,유머,-1,매핑불가
104185,유머일반,-1,매핑불가
104186,유형,-1,매핑불가
105482,농담/수수께끼,-1,매핑불가
105483,단어놀이,-1,매핑불가
105484,만화,80,문학
105485,상식퀴즈,-1,매핑불가
105486,에세이,80,문학
105487,인용구,-1,매핑불가
105488,패러디,-1,매핑불가
105489,Limericks/Verse,-1,매핑불가
105490,결혼/가족,59,가정학
105491,관계,-1,매핑불가
105492,동물,-1,매핑불가
105493,비즈니스/직업,-1,매핑불가
105494,성인,-1,매핑불가
105495,스포츠,-1,매핑불가
105496,언어,70,언어
105497,정치,-1,매핑불가
105498,종교,20,종교
104187,주제,-1,매핑불가
90852,의학,51,의학
97647,가정 간호 ,51,의학
97648,가정/일반의학,51,의학
97649,간병,51,의학
97650,간장학,51,의학
97651,간호학,51,의학
104188,간호/환자,51,의학
104189,간호학 일반,51,의학
104190,관리/리더십,51,의학
104191,기초/기술,51,의학
104192,내과/외과,51,의학
104193,노인학,51,의학
104194,마취,51,의학
104195,소아학,51,의학
104196,시험준비/리뷰,51,의학
104197,암/종양학,51,의학
104198,약리학,51,의학
104199,연구/이론,51,의학
104200,영양,51,의학
104201,응급의료,51,의학
104202,이슈,51,의학
104203,임신/출산/여성건강,51,의학
104204,자택/지역사회 치료,90,역사
104205,정신건강,51,의학
104206,정신의학,51,의학
104207,중환자 치료,51,의학
104208,참고자료,51,의학
104209,평가/진단,51,의학
104210,LPN/LVN,51,의학
97652,건강 위해성 평가,51,의학
97653,공중위생학,51,의학
97654,근거중심의학,51,의학
97655,기생충학,51,의학
97656,내과학,51,의학
97657,내분비학/신진대사,51,의학
97658,노인병학,51,의학
97659,대체의학,51,의학
97660,독성학,51,의학
97661,류머티스학,51,의학
97662,마취학,51,의학
97663,면역학,51,의학
97664,물리/재활의학,51,의학
97665,미생물학,51,의학
97666,발병학,51,의학
97667,발생학,51,의학
97668,방사선학/핵의학,51,의학
97669,법의학,51,의학
97670,병리 생리학 ,51,의학
97671,병리학,51,의학
97672,병원관리,51,의학
97673,보건정책,51,의학
97674,보철술,51,의학
97675,비뇨기과학,51,의학
97676,비만학,51,의학
97677,사전/용어,51,의학
97678,산부인과,51,의학
97679,생리학,51,의학
97680,생명공학,51,의학
97681,생물통계학,31,통계
97682,생식의학/기술,51,의학
97683,생화학,43,화학
97684,소아과학,51,의학
97685,소아응급학,51,의학
97686,수의학,51,의학
97687,스포츠 의학,51,의학
97688,시력검사,51,의학
97689,시험준비,51,의학
97690,식이요법,51,의학
97691,신경과학,51,의학
97692,신경학,14,심리학
97693,신장병학,51,의학
97694,실습관리/진료,51,의학
97695,심장학,51,의학
97696,안과학,51,의학
97697,약리학,51,의학
97698,약물 가이드,51,의학
97699,약학,51,의학
97700,연구,51,의학
97701,열대 의학,51,의학
97702,영양,51,의학
97703,예방의학,51,의학
97704,외과,51,의학
104211,구강/악안면,51,의학
104212,복강경/로봇수술,51,의학
104213,성형/미용,51,의학
104214,신경외과,51,의학
104215,외과 일반,51,의학
104216,이식,51,의학
104217,직장/결장,51,의학
104218,혈관,51,의학
104219,흉부,51,의학
97705,위장병학,51,의학
97706,유전학,51,의학
97707,응급의학,51,의학
97708,의료 서비스,51,의학
104220,마사지 요법,51,의학
104221,물리치료,51,의학
104222,응급의료 서비스,51,의학
104223,의료기술,51,의학
104224,의료보조/간호사,51,의학
104225,일반,51,의학
104226,작업요법,51,의학
104227,초음파/방사선 기술,51,의학
104228,최면요법,51,의학
104229,호흡치료,51,의학
97709,의료기구,51,의학
97710,의료보장제도,51,의학
97711,의료서비스 전달,51,의학
97712,의료수송,51,의학
97713,의료진,51,의학
97714,의료행정,51,의학
97715,의사/환자,51,의학
97716,의학 레이저,51,의학
97717,의학 에세이,51,의학
97718,의학 역사/기록,51,의학
97719,의학교육,51,의학
97721,의학윤리,51,의학
97720,의학의 역사,51,의학
97722,이비인후과의학,51,의학
97723,일반,51,의학
97724,임상의학,51,의학
97725,임신출산/신생아학,51,의학
97726,임종간호,51,의학
97727,자택치료,51,의학
97728,장기치료,51,의학
97729,전염병,51,의학
97730,전염병학,51,의학
97731,전체론적 의학 ,51,의학
97732,정골의학,51,의학
97733,정신보건,51,의학
97734,정신의학,51,의학
104230,어린이/청소년,51,의학
104231,일반,51,의학
104232,정신 약리학,51,의학
97735,정형외과학,51,의학
97736,조직학,51,의학
97737,종양학,51,의학
97738,중환자 관리,51,의학
97739,지도,51,의학
97740,직업/산업 의료,51,의학
97741,진단,51,의학
97742,진단검사의학,51,의학
97743,진단영상,51,의학
97744,질병,51,의학
97745,질병분류학,51,의학
97746,참고자료,51,의학
97747,척추 지압요법,51,의학
97748,청각학/언어 병리학,70,언어
97749,초음파검사,51,의학
97750,치과학,51,의학
104233,구강외과,51,의학
104234,치과 교정술 ,51,의학
104235,치과보조,51,의학
104236,치과보철학,10,철학
104237,치과위생,51,의학
104238,치과학 일반,51,의학
104239,치내요법,51,의학
104240,치주병학,51,의학
97751,치유학,51,의학
97752,침술,51,의학
97753,통증의학,51,의학
97754,폐/흉부의학,51,의학
97755,피부병학,51,의학
97756,해부학,51,의학
97757,혈액학,51,의학
97758,화학 요법,43,화학
97759,AIDS/HIV,51,의학
90853,인문/사회,-1,매핑불가
127183,인문/사회,-1,매핑불가
97761,사회과학,30,사회과학
104241,개발도상국,30,사회과학
104242,고고학,30,사회과학
104243,관습/전통,30,사회과학
104244,낙태/산아제한,30,사회과학
104245,남성학,30,사회과학
104246,노예제도,30,사회과학
104247,노인학,30,사회과학
104248,농업/식량,30,사회과학
104249,대중문화,30,사회과학
104250,리서치,30,사회과학
104251,미디어학,30,사회과학
104252,미래학,30,사회과학
104253,민간/신화,30,사회과학
104254,민족학,30,사회과학
104255,방법론,30,사회과학
107523,범죄,30,사회과학
107524,첩보,30,사회과학
107525,일반,30,사회과학
107526,살인,30,사회과학
107527,조직범죄,30,사회과학
104256,범죄학,30,사회과학
104257,복지시설,30,사회과학
104258,빈곤,30,사회과학
104259,사회계층,30,사회과학
104260,사회과학 에세이,30,사회과학
104261,사회과학 일반,30,사회과학
104262,사회복지,30,사회과학
104263,사회폭력,30,사회과학
104264,사회학,30,사회과학
104265,성매매,30,사회과학
104266,성폭력/성희롱,30,사회과학
104267,소수자 연구,30,사회과학
104268,아동학,30,사회과학
104269,여성학,30,사회과학
104270,유대연구,30,사회과학
104271,음모론,30,사회과학
104272,이민,30,사회과학
104273,이슬람학,30,사회과학
104274,인구 통계학,31,통계
104275,인류 지리학,98,여행
104276,인류학,30,사회과학
104277,자선활동,30,사회과학
104278,자원봉사,30,사회과학
104279,장애인,30,사회과학
104280,재난/구조,30,사회과학
104281,죽음,30,사회과학
104282,지역학,30,사회과학
104283,질병/보건문제,30,사회과학
104284,차별/인종문제,30,사회과학
104285,참고자료,30,사회과학
104286,통계,30,사회과학
104287,페미니즘/페미니즘 이론,30,사회과학
104288,포로노그라피,30,사회과학
104289,프리메이슨/비밀결사,30,사회과학
104290,형사학,30,사회과학
104291,휴일/기념일(비종교적),20,종교
104292,Black Studies ,30,사회과학
104293,LGBT/젠더 연구,30,사회과학
97762,심리학,18,심신수련/명상
104294,감정,18,심신수련/명상
104295,교육/훈련,18,심신수련/명상
104297,대인관계,18,심신수련/명상
104298,발달,18,심신수련/명상
105499,생애주기,18,심신수련/명상
105500,성인/고령,18,심신수련/명상
105501,어린이,18,심신수련/명상
105502,일반,18,심신수련/명상
105503,청소년,18,심신수련/명상
104299,범죄 심리학,18,심신수련/명상
104300,사회 심리학,18,심신수련/명상
104301,산업/조직 심리학,18,심신수련/명상
104302,상실,18,심신수련/명상
104303,생리 심리학,18,심신수련/명상
104304,성격,18,심신수련/명상
104305,신경 심리학,18,심신수련/명상
104306,실습관리,18,심신수련/명상
104307,실험 심리학,18,심신수련/명상
104308,심리사상,18,심신수련/명상
105504,게슈탈트 ,18,심신수련/명상
105505,실존주의,18,심신수련/명상
105506,심리학 사상일반,18,심신수련/명상
105507,융 심리학,18,심신수련/명상
105508,인본주의,18,심신수련/명상
105509,인지 행동 요법 (CBT),18,심신수련/명상
105510,정신분석,18,심신수련/명상
105511,초개인 심리학,18,심신수련/명상
105512,행동주의,18,심신수련/명상
104309,심리학 역사,18,심신수련/명상
104310,연구/방법론,18,심신수련/명상
104311,응용 심리학,18,심신수련/명상
104312,인간 섹슈얼리티,18,심신수련/명상
104313,인종 심리학,18,심신수련/명상
104314,인지 신경과학/심리학,18,심신수련/명상
104315,인지 심리학,18,심신수련/명상
104316,일반,18,심신수련/명상
104317,임상 심리학,18,심신수련/명상
104318,자살,18,심신수련/명상
104319,정신 병리학,18,심신수련/명상
105522,조울증,18,심신수련/명상
105523,주의력 결핍 장애 (ADD-ADHD),18,심신수련/명상
105524,중독,18,심신수련/명상
105525,해리성 정체장애,18,심신수련/명상
105513,강박 행동,18,심신수련/명상
105514,불안/공포증,18,심신수련/명상
105515,섭식장애,18,심신수련/명상
105516,외상후 스트레스 장애(PTSD),18,심신수련/명상
105517,우울증,18,심신수련/명상
105518,인격장애,18,심신수련/명상
105519,일반,18,심신수련/명상
105520,자폐,18,심신수련/명상
105521,정신분열증,18,심신수련/명상
105526,그룹,18,심신수련/명상
105527,부부/가족,18,심신수련/명상
105528,상담,18,심신수련/명상
105529,어린이/청소년,18,심신수련/명상
105530,일반,18,심신수련/명상
104320,정신 치료,18,심신수련/명상
104321,정신건강,18,심신수련/명상
104296,참고자료,18,심신수련/명상
104322,창의력,18,심신수련/명상
104323,최면술,18,심신수련/명상
104324,통계,18,심신수련/명상
104325,평가/측정,18,심신수련/명상
97763,정치학,34,정치학
104326,검열,34,정치학
104327,공공정책,34,정치학
105531,경제정책,34,정치학
105532,도시 계획/개발,34,정치학
105533,문화정책,34,정치학
105534,사회 서비스/복지,34,정치학
105535,사회안전,34,정치학
105536,사회정책,34,정치학
105537,일반,34,정치학
105538,지역계획,34,정치학
105539,커뮤니케이션 정책,34,정치학
105540,환경정책,34,정치학
104328,공무/행정,34,정치학
104329,국가/국제안보,34,정치학
104330,국제관계,34,정치학
105541,무기통제,34,정치학
105542,무역/관세,34,정치학
105543,외교,34,정치학
105544,일반,34,정치학
105545,조약,34,정치학
104331,기타,34,정치학
104332,노사관계,34,정치학
104333,논평/견해,34,정치학
104334,미국정부,34,정치학
105546,국가,34,정치학
105547,미국정부 일반,34,정치학
105548,사법부,34,정치학
105549,입법부,34,정치학
105550,주,34,정치학
105551,지역,34,정치학
105552,행정부,34,정치학
104335,법률집행,34,정치학
104336,비교 정치,34,정치학
104337,비정부기구 (NGO),34,정치학
104338,선전/선동,34,정치학
104339,세계정치,34,정치학
105553,러시아/구 소련연방,34,정치학
105554,아시아,34,정치학
105555,아프리카,93,지리
105556,유럽,34,정치학
105557,일반,34,정치학
105558,중동,34,정치학
105559,캐나다,34,정치학
105560,캐러비안/라틴 아메리카,34,정치학
105561,호주/오세아니아,34,정치학
104340,세계화,34,정치학
104341,시민/시민권,34,정치학
104342,식민주의/포스트 식민주의,34,정치학
104343,여성 정치인,34,정치학
104344,유토피아,34,정치학
104345,인권,34,정치학
104346,일반,34,정치학
104347,정보/첩보,34,정치학
104348,정부간 조직,34,정치학
104349,정치 경제,34,정치학
104350,정치 에세이,34,정치학
104351,정치 역사/이론,90,역사
104352,정치과정,34,정치학
105562,리더십,34,정치학
105563,선거,34,정치학
105564,일반,34,정치학
105565,정당,34,정치학
105566,Political Advocacy,34,정치학
105567,공산주의/사회주의,34,정치학
105568,급진주의,34,정치학
105569,민족주의,34,정치학
105570,민주주의,34,정치학
105571,보수주의/자유주의,34,정치학
105572,아나키즘,34,정치학
105573,일반,34,정치학
105574,파시즘/전체주의,34,정치학
104353,정치사상,34,정치학
104354,정치적 자유,34,정치학
104355,제국주의,34,정치학
104356,테러리즘,34,정치학
104357,평화,34,정치학
104358,헌법,34,정치학
97764,철학,10,철학
104359,논리,10,철학
104360,도가철학,10,철학
104361,동양,10,철학
104362,미학,10,철학
104363,방법론,10,철학
104364,불교,22,불교
104365,비판,10,철학
104366,사회철학,10,철학
104367,선(Zen),10,철학
104368,선/악,10,철학
104369,언어,70,언어
104370,윤리/도덕 철학,10,철학
104371,인식론,10,철학
104372,일반,10,철학
104373,자유의지/결정론,10,철학
104374,정신/육체,10,철학
104375,정치철학,10,철학
104376,종교철학,10,철학
104377,참고자료,10,철학
104378,철학 에세이,10,철학
104379,철학 역사/연구,10,철학
105575,고대,10,철학
105576,르네상스,10,철학
105577,일반,10,철학
105578,중세,10,철학
105579,현대,10,철학
105581,공리주의,10,철학
105582,관념론,10,철학
105583,구조주의,10,철학
105584,분석철학,10,철학
105585,비판이론,10,철학
105586,사실주의,10,철학
105587,실용주의,10,철학
105588,실존주의,10,철학
105589,인본주의,10,철학
105590,철학일반,10,철학
105591,합리주의,10,철학
105592,해체주의,10,철학
105593,현상학,10,철학
105594,후기 구조주의,10,철학
105580,경험주의,10,철학
104380,철학사상,10,철학
104381,해석학,10,철학
104382,형이상학,11,형이상학
104383,힌두,10,철학
28261,일본 도서,-1,매핑불가
28294,경제/경영,5,
28300,회계/경리,32,경제학
28301,인사관리,32,경제학
28302,경영학/MBA,32,경제학
28303,마케팅/세일즈,32,경제학
28305,리더십/실천경영,32,경제학
28306,경영전략,32,경제학
28295,경영학,32,경제학
28296,경제학,32,경제학
28307,경제학/경제사정,32,경제학
28308,금융,32,경제학
28309,산업연구,32,경제학
28304,통계학/수학,31,통계
28310,비즈니스인물,5,
28311,비즈니스법률,5,
28312,비즈니스실용,5,
28297,비즈니스,5,
28299,자기계발/처세,32,경제학
28313,삶의자세/정신훈련,32,경제학
28314,성공학/경력관리,53,공학
28315,화술/협상/프레젠테이션,32,경제학
28317,재테크/투자,5,
28298,IT/e-commerce,53,공학
28390,문고/신서,-1,매핑불가
28392,경제/경영,5,
28401,기타 문고/신서,672,음악
28400,라이트노벨,-1,매핑불가
28391,문학/평론,80,문학
31905,일본문학,80,문학
31906,외국문학,80,문학
31907,고전,80,문학
31908,에세이/수필,80,문학
31909,시/희곡/시나리오,80,문학
31910,평론/문학연구,80,문학
147441,성인물,-1,매핑불가
28393,실용/취미/생활,-1,매핑불가
31915,여행,98,여행
31920,취미,-1,매핑불가
31921,실용/스포츠,-1,매핑불가
31922,생활/가정,-1,매핑불가
32170,미용/다이어트/건강,-1,매핑불가
28397,어린이,37,교육학
28396,엔터테인먼트,-1,매핑불가
31918,영화/TV,60,예술
31919,음악,67,음악(음반)
31923,공연,-1,매핑불가
28426,예술,60,예술
31916,과학/테크놀로지,40,자연과학
31917,컴퓨터/인터넷,53,공학
28395,이학/공학/컴퓨터,53,공학
28394,인문/사회,-1,매핑불가
31911,인문/사상,-1,매핑불가
31912,정치/사회,-1,매핑불가
31913,역사,90,역사
31914,지리,98,여행
32172,논픽션,-1,매핑불가
28399,코믹/게임,-1,매핑불가
31924,코믹,-1,매핑불가
31925,게임,-1,매핑불가
32171,어학,-1,매핑불가
28398,학습/교육,-1,매핑불가
147438,BL문고,-1,매핑불가
28262,문학,80,문학
28263,고전/신화,80,문학
28264,문학연구/평론,80,문학
28270,문학일반,80,문학
28414,일본소설,80,문학
28265,소설,80,문학
31883,외국소설,80,문학
28415,역사/시대소설,90,역사
28416,SF/추리/환타지,80,문학
28417,시,80,문학
28418,희곡/시나리오,80,문학
28266,시/희곡/시나리오,80,문학
28267,에세이/수필/그림책,80,문학
28419,에세이/수필,80,문학
28420,어른을위한그림책,80,문학
28268,전기/자서전,99,전기
121754,브랜드무크지,-1,매핑불가
28338,실용/취미/생활,-1,매핑불가
28339,가정,-1,매핑불가
147442,가정의학,51,의학
147443,출산/육아,-1,매핑불가
147444,가정일반,-1,매핑불가
28340,미용/다이어트/건강,-1,매핑불가
28341,생활,-1,매핑불가
28342,수공예,-1,매핑불가
147445,양재,-1,매핑불가
147446,비즈공예,-1,매핑불가
147447,자수,-1,매핑불가
147448,패치워크,-1,매핑불가
147449,리본공예,-1,매핑불가
147450,플라워아트,-1,매핑불가
28343,스포츠,-1,매핑불가
28350,실용/취미/생활 기타,672,음악
147455,아웃도어,-1,매핑불가
147457,지도/가이드,98,여행
32055,여행기,98,여행
31892,일본여행,98,여행
31893,기타국가여행,98,여행
28344,여행,98,여행
28346,요리/외식,-1,매핑불가
147451,가정요리,-1,매핑불가
147452,일본요리,-1,매핑불가
147453,서양요리,-1,매핑불가
147454,아시아요리,-1,매핑불가
158123,제과제빵,-1,매핑불가
28345,일반교양,5,
147456,자동차/바이크,-1,매핑불가
28347,주거/원예/인테리어,-1,매핑불가
28348,취미,-1,매핑불가
110575,캘린더/다이어리,-1,매핑불가
28349,패션,-1,매핑불가
115123,애니메이션 굿즈,-1,매핑불가
126469,넨도로이드,-1,매핑불가
126470,봉제 인형,-1,매핑불가
126472,잡화,-1,매핑불가
126473,카라코레,-1,매핑불가
126471,캡슐 완구,-1,매핑불가
125525,프라모델,-1,매핑불가
126468,피규어,-1,매핑불가
28366,어린이,37,교육학
28367,그림책/만화,80,문학
31901,0세-,80,문학
31903,유아/어린이,80,문학
28368,놀이,37,교육학
28369,동화/아동문학,80,문학
28372,동화,80,문학
28373,아동문학,80,문학
28374,아동문학평론,80,문학
28370,전기/논픽션,99,전기
28371,학습,37,교육학
28384,엔터테인먼트,-1,매핑불가
28385,사진집/화보집,-1,매핑불가
28386,스포츠/댄스,-1,매핑불가
28387,영화/TV,60,예술
28388,음악,67,음악(음반)
125831,CD/DVD,67,음악(음반)
28330,예술/건축/디자인,60,예술
28331,건축/인테리어,60,예술
28332,공연,60,예술
28333,디자인,60,예술
28334,미술,60,예술
28335,사진,60,예술
28336,예술일반,60,예술
147459,음악,67,음악(음반)
31926,일본전통,60,예술
28337,화가/사진가/건축가,60,예술
28351,외국어학습/교육,70,언어
31895,유아교육/학습,70,언어
31896,초등교육/학습,70,언어
31897,중등교육/학습,70,언어
31898,고등교육/학습,70,언어
31899,대학/대학원,70,언어
31900,해외교육/유학,70,언어
28356,교육/학습,70,언어
28357,국어/외국어사전,70,언어
28358,인명/백과사전,3,
28354,사전,70,언어
28359,영어,74,영어
28360,한국어,71,한국어
28361,동양어,70,언어
28362,서양어,70,언어
28363,외국어학습법,37,교육학
28353,외국어학습,70,언어
28352,일본어학습,73,일본어
28318,이학/공학/컴퓨터,53,공학
28320,공학,53,공학
28319,과학일반,40,자연과학
28321,농업,53,공학
28322,물리학,42,물리학
28323,생물학,53,공학
28324,수학,41,수학
28325,의학/약학,51,의학
28326,전기/통신,99,전기
28327,지구과학/천문학,44,천문학
28328,컴퓨터/인터넷,53,공학
147458,토목,53,공학
28329,화학,43,화학
28271,인문/사회/논픽션,-1,매핑불가
28272,교육학,37,교육학
28421,논픽션,-1,매핑불가
28273,매스미디어,-1,매핑불가
28274,문화인류학,-1,매핑불가
28275,법률,-1,매핑불가
28276,복지,-1,매핑불가
28277,사회학,-1,매핑불가
28286,서지/문헌/출판,-1,매핑불가
28278,심리학,18,심신수련/명상
28279,언어학,70,언어
28280,여성학,-1,매핑불가
28281,역사/지리,90,역사
28288,역사,90,역사
28289,지리/지역연구,98,여행
31887,지도,90,역사
28287,인문사회일반,-1,매핑불가
28290,정치,-1,매핑불가
28291,외교/국제관계,-1,매핑불가
28282,정치/외교/국제관계,-1,매핑불가
28283,종교,20,종교
28284,철학/사상/윤리,10,철학
28285,환경/NGO/NPO,-1,매핑불가
28292,환경,-1,매핑불가
28293,NGO/NPO,-1,매핑불가
129547,일반,-1,매핑불가
28355,자격/검정시험,37,교육학
28402,잡지,5,
28405,경제/경영/비즈니스,5,
28407,과학/의학/컴퓨터,51,의학
35884,남성지,5,
28413,문예/어학/인문/사회,5,
28408,아트/건축/디자인,60,예술
147462,여성일반,5,
28409,여성패션,5,
147461,유아/아동,37,교육학
28412,음악/엔터테인먼트/연예,67,음악(음반)
69006,정기구독,5,
69007,여성패션,5,
69008,남성패션,5,
69009,그래픽/디자인,60,예술
69010,건축/인테리어,5,
69011,문학,80,문학
69012,시사/경제/종합,5,
69013,엔터테인먼트,5,
69014,요리/육아/어린이,37,교육학
69015,웨딩/헤어,5,
69016,음악/무용/스포츠,67,음악(음반)
69017,취미/기타,5,
69018,캐릭터/애니/게임,5,
69019,컴퓨터/전자/기계/공학,53,공학
28411,취미/스포츠/생활/기타,5,
35936,코믹/게임,5,
67045,지브리 작품전,-1,매핑불가
67050,기타,672,음악
67046,도쿠마 애니메이션,-1,매핑불가
67048,문고판,-1,매핑불가
67049,전집 세트,-1,매핑불가
67047,코믹판,-1,매핑불가
75320,캘린더,-1,매핑불가
121290,동물,-1,매핑불가
121295,만년,-1,매핑불가
121293,스포츠,-1,매핑불가
121294,실용/교양,5,
121288,애니메이션,-1,매핑불가
121289,연예인/TV시리즈,60,예술
121292,예술,60,예술
121291,완구,-1,매핑불가
28375,코믹/게임,-1,매핑불가
28381,게임공략집,-1,매핑불가
28379,만화문고본,80,문학
28382,세트,-1,매핑불가
79540,애니메이션 CD/DVD,67,음악(음반)
147433,염가판 코믹,-1,매핑불가
31791,アッパ-ズKC,-1,매핑불가
31792,アフタヌ-ンKC,-1,매핑불가
31793,イブニングKC,-1,매핑불가
31794,講談社KCデラックス,-1,매핑불가
31795,ジェッツコミックス,-1,매핑불가
31796,チャンピオンREDコミックス,-1,매핑불가
31797,トクマコミックス,-1,매핑불가
31798,ドラゴンコミックス,-1,매핑불가
31799,ニチブンコミックス,-1,매핑불가
31800,バ-ズコミックス,-1,매핑불가
31801,バンチコミックス,-1,매핑불가
31802,ビッグコミックス,-1,매핑불가
31803,BIG COMICS IKKI,-1,매핑불가
31804,ブレイドコミックス,-1,매핑불가
31805,マガジンZ KC,-1,매핑불가
31806,マンサンコミックス,-1,매핑불가
31807,モ-ニングKC,-1,매핑불가
31808,ヤングサンデ-コミックス,-1,매핑불가
31809,ヤングジャンプコミックス,-1,매핑불가
31810,ヤングチャンピオンコミックス,-1,매핑불가
31811,ヤングマガジンコミックス,-1,매핑불가
31812,YKコミックス,-1,매핑불가
31904,코믹,-1,매핑불가
147430,레이디스코믹,-1,매핑불가
147431,아동코믹,-1,매핑불가
28376,소년코믹,-1,매핑불가
28377,소녀코믹,-1,매핑불가
28378,일반코믹,-1,매핑불가
28383,코믹/게임 기타,672,음악
48549,코믹에세이,80,문학
48550,たかぎなおこ,80,문학
48551,小栗左多里,80,문학
48552,蛇藏&海野?子,80,문학
48553,鈴木ともこ,80,문학
48554,益田ミリ,80,문학
48555,k.m.p.,80,문학
28380,화보집,-1,매핑불가
134675,BL 코믹,-1,매핑불가
143192,CD/DVD,67,음악(음반)
143193,애니메이션/게임 CD,67,음악(음반)
143194,애니메이션/게임 DVD/Blu-ray새분류,68,공연예술/연극
143199,영화/드라마 DVD/Blu-ray,60,예술
143198,J-pop/K-pop CD,67,음악(음반)
90854,자기계발,32,경제학
97765,12단계 프로그램,32,경제학
97766,감정,32,경제학
97767,감정장애,32,경제학
104384,양극성 장애,32,경제학
104385,우울증,32,경제학
104386,일반,32,경제학
97768,강박행동,32,경제학
104387,강박증(OCD),32,경제학
104388,도박,32,경제학
104389,섹스/포르노 중독,32,경제학
104390,일반,32,경제학
104391,Hoarding,32,경제학
97769,고령화,32,경제학
97770,긍정,32,경제학
97771,꿈,32,경제학
97772,동기부여,32,경제학
97773,명상,18,심신수련/명상
97774,불안/공포증,32,경제학
97775,상호의존,32,경제학
97776,섭식장애,32,경제학
97777,신경 언어학 프로그래밍(NLP),70,언어
97778,약물남용/중독,32,경제학
104392,담배,32,경제학
104393,알코올 ,32,경제학
104394,약물,32,경제학
104395,일반,32,경제학
97779,영성,32,경제학
97780,일반,32,경제학
97782,자기관리,32,경제학
104396,분노관리,32,경제학
104397,스트레스 관리,32,경제학
104398,시간관리,32,경제학
104399,외상 후 스트레스 장애 (PTSD),32,경제학
104400,일반,32,경제학
97783,자기최면,32,경제학
97784,자아성장,32,경제학
104401,기억향상,32,경제학
104402,성공,32,경제학
104403,일반,32,경제학
104404,자아존중,32,경제학
104405,행복,32,경제학
97785,죽음/사별,32,경제학
97786,창의성,32,경제학
97787,커뮤니케이션/사회성,32,경제학
97788,필체분석,32,경제학
97789,학대,32,경제학
97790,Sexual Instruction,32,경제학
90855,자연과학,40,자연과학
97791,과학,40,자연과학
104406,고생물학,40,자연과학
104407,과학 교육/학습,40,자연과학
104408,과학 에세이,40,자연과학
104409,과학기구,40,자연과학
104410,과학사,40,자연과학
104411,과학일반,40,자연과학
104412,과학철학/과학사회,10,철학
104413,나노과학,40,자연과학
104414,무게/측량,40,자연과학
104415,물리학,42,물리학
105602,원자와 분자,42,물리학
105603,응집물질,42,물리학
105604,일반,42,물리학
105605,자기학,42,물리학
105606,전기,99,전기
105607,전자기학,42,물리학
105608,지구물리학,42,물리학
105609,천체물리학,42,물리학
105595,결정학,42,물리학
105596,고분자,42,물리학
105597,광학,42,물리학
105598,상대성 이론,42,물리학
105599,수학/컴퓨터,41,수학
105600,양자론,42,물리학
105601,원자력,42,물리학
104416,방사선/방사선학,40,자연과학
104417,분광학/광선분석,40,자연과학
104418,생명공학,40,자연과학
104419,생명과학,40,자연과학
105610,균류학,40,자연과학
105611,동물학,49,동물학
105612,미생물학,40,자연과학
105613,발생 생물학,40,자연과학
105614,분류학,40,자연과학
105615,분자 생물학,40,자연과학
105616,생명과학 일반,40,자연과학
105617,생물 물리학,42,물리학
105618,생물다양성,40,자연과학
105619,생물학,40,자연과학
105620,생태학,40,자연과학
105621,생화학,43,화학
105622,세포 생물학,40,자연과학
105623,식물학,48,식물학
105624,신경과학,40,자연과학
105625,원예학,40,자연과학
105626,유전학/유전체학,40,자연과학
105627,인간 해부학/생리학,40,자연과학
105628,진화,40,자연과학
105629,해부학/생리학,40,자연과학
105630,해양 생물학,40,자연과학
104420,시간,40,자연과학
104421,시스템 이론,40,자연과학
104422,실험 테크닉,40,자연과학
104423,실험/프로젝트,40,자연과학
104424,에너지,40,자연과학
104425,역학,40,자연과학
105631,고체,40,자연과학
105632,공기역학,40,자연과학
105633,동역학,40,자연과학
105634,역학 일반,40,자연과학
105635,열역학,40,자연과학
105636,유체역학,40,자연과학
105637,정역학,40,자연과학
104426,연구/방법론,40,자연과학
104427,우주과학,40,자연과학
104428,우주론,40,자연과학
104429,음향,40,자연과학
104430,응용 과학,40,자연과학
104431,인지과학,40,자연과학
104432,전자현미경,40,자연과학
104433,중력,40,자연과학
104434,지구과학,40,자연과학
105638,광물학,46,광물학
105639,기상/기후학,40,자연과학
105640,기타,40,자연과학
105641,수문학,80,문학
105642,지구과학 일반,40,자연과학
105643,지리학,98,여행
105644,지진학/화산활동,40,자연과학
105645,지질학,40,자연과학
105646,퇴적학/지층학,40,자연과학
105647,해양학,40,자연과학
104435,지구온난화/기후변화,40,자연과학
104436,참고자료,40,자연과학
104437,천문학,44,천문학
104438,카오스 이론,40,자연과학
104439,파동/파동역학,40,자연과학
104440,현미경,40,자연과학
104441,화학,43,화학
105648,공업화학,43,화학
105649,독성학,43,화학
105650,무기화학,43,화학
105651,물리화학,43,화학
105652,분석화학,43,화학
105653,유기화학,43,화학
105654,임상화학,43,화학
105655,컴퓨터/분자 모델링,43,화학
105656,화학 일반,43,화학
105657,환경화학,43,화학
104442,환경과학,40,자연과학
97792,수학,41,수학
104443,게임,41,수학
104444,게임 이론,41,수학
104445,계산,41,수학
104446,군론,41,수학
104447,기타,41,수학
104448,기하학,41,수학
105658,기하학 일반,41,수학
105659,대수기하학,41,수학
105660,미분기하학,41,수학
105661,비유클리드 기하학,41,수학
105662,해석기하학,41,수학
104449,논리,41,수학
104450,대수학,41,수학
105664,대수학 일반,41,수학
105665,선형대수학,41,수학
105666,중급대수학,41,수학
105667,추상대수학,41,수학
105663,기초대수학,41,수학
104451,도식법,41,수학
104452,무한수학,41,수학
104453,미분방정식,41,수학
105668,미분방정식 일반,41,수학
105669,상미분방정식,41,수학
105670,편미분방정식,41,수학
104454,미적분 준비,41,수학
104455,미적분학,41,수학
104456,벡터 해석,41,수학
104457,변환,41,수학
104458,복소해석학,41,수학
104459,삼각법,41,수학
104460,선형/비선형 프로그래밍,41,수학
104461,수량법,41,수학
104462,수리분석,41,수학
104463,수치해석,41,수학
104464,수학 에세이,41,수학
104465,수학교육,41,수학
104466,수학사/수학 철학,10,철학
104467,연구,41,수학
104468,연산,41,수학
104469,위상기하학,41,수학
104470,유한수학,41,수학
104471,응용수학,41,수학
104472,이산수학,41,수학
104473,일반,41,수학
104474,정수론,41,수학
104475,조합론,41,수학
104476,집합론,41,수학
104477,최적화,41,수학
104478,측정,41,수학
104479,함수해석,41,수학
104480,행렬,41,수학
104481,확률과 통계,41,수학
105671,다변량 분석,41,수학
105672,베이즈 분석,41,수학
105673,시계열,41,수학
105674,일반,41,수학
105675,확률과정,41,수학
105676,회귀분석,41,수학
97793,자연생태,40,자연과학
104482,계절,40,자연과학
104483,동물,40,자연과학
105677,고양이,40,자연과학
105678,곤충/거미,40,자연과학
105679,곰,40,자연과학
105680,공룡/선사시대,40,자연과학
105681,나비/나방,40,자연과학
105682,늑대,40,자연과학
105683,말,40,자연과학
105684,새,40,자연과학
105685,야생동물,40,자연과학
105686,어류,40,자연과학
105687,영장류,40,자연과학
105688,일반,40,자연과학
105689,파충류/양서류,40,자연과학
105690,포유류,40,자연과학
105691,해양생물,40,자연과학
104484,동물권리,40,자연과학
104485,멸종위기종,40,자연과학
104486,생태계/서식지,40,자연과학
105692,강,40,자연과학
105693,극지방,40,자연과학
105694,바다,40,자연과학
105695,사막,40,자연과학
105696,산,40,자연과학
105697,숲/열대우림,40,자연과학
105698,야생,40,자연과학
105699,일반,40,자연과학
105700,초원/평원,40,자연과학
105701,해안,40,자연과학
105702,호수/연못/습지,40,자연과학
104487,생태학,40,자연과학
104488,식물,40,자연과학
105708,화초,40,자연과학
105703,나무,40,자연과학
105704,버섯,40,자연과학
105705,선인장,40,자연과학
105706,수생,40,자연과학
105707,일반,40,자연과학
104489,암석/미네랄,40,자연과학
104490,일기예보,40,자연과학
104491,일반,40,자연과학
104492,자연 에세이,40,자연과학
104493,자연재해,40,자연과학
104494,조개껍데기,40,자연과학
104495,조류탐사 가이드,40,자연과학
104496,지역,40,자연과학
104497,지진/화산,40,자연과학
104498,참고자료,40,자연과학
104499,천연자원,40,자연과학
104500,하늘관측,40,자연과학
104501,화석,40,자연과학
104502,환경보호/보존,40,자연과학
90856,전기/자서전,99,전기
97794,개인 회고록,99,전기
97795,과학/기술,99,전기
97796,교육자,99,전기
97797,군사,99,전기
97798,대통령/국가원수,99,전기
97799,문학,80,문학
97800,문화유산,99,전기
97801,범죄자,99,전기
97802,법집행,99,전기
97803,변호사/판사,99,전기
97804,부자/유명인,99,전기
97805,북미 원주민,99,전기
97806,비즈니스,99,전기
97807,사회과학/심리학자,18,심신수련/명상
97808,스포츠,99,전기
97809,엔터테인먼트/대중예술,60,예술
97810,여성,99,전기
97811,역사,90,역사
97812,예술가/건축가/사진작가,60,예술
97813,왕족,99,전기
97814,요리,99,전기
97815,의료,99,전기
97816,일반,99,전기
97817,작곡가/뮤지션,99,전기
97818,장애인,99,전기
97819,정치,99,전기
97820,종교,20,종교
97821,참고자료,99,전기
97822,철학자,10,철학
97823,탐험가,99,전기
97824,편집자/저널리스트/출판사,99,전기
97825,환경/자연,99,전기
97826,LGBT,99,전기
90857,종교/명상/점술,20,종교
97827,명상/영성/점술,20,종교
104503,가이아,20,종교
104504,고대 미스터리,20,종교
104505,꿈풀이,20,종교
104506,마법/주술,20,종교
104507,마술연구,20,종교
104508,명상,20,종교
104509,수비학,20,종교
104510,신비주의,20,종교
104511,신사상 (New Thought),20,종교
104512,심령술,20,종교
104513,역학일반,20,종교
104514,영매,20,종교
104515,영성,20,종교
104516,영적성장,20,종교
104517,영적체험/예지물질,20,종교
104518,예언,20,종교
104519,오컬트,20,종교
104520,전생/환생 ,20,종교
104521,점성학,20,종교
104522,점술/손금/타로,20,종교
104523,주역,20,종교
104524,참고자료,20,종교
104525,천사/영혼,20,종교
104526,초심리학,18,심신수련/명상
104527,초자연,20,종교
104528,치유,20,종교
104529,크리스탈,20,종교
104530,풍수지리,98,여행
104531,헤르메티시즘/신비사상,20,종교
104532,Sacred Sexuality,20,종교
104533,UFO/외계생명체,20,종교
97828,성경,20,종교
104534,공통 영어 성경 (CEB),74,영어
105709,스터디,74,영어
105710,신약,74,영어
105711,어린이,74,영어
105712,일반,74,영어
105713,종교,20,종교
105714,참고자료,74,영어
105715,청소년,74,영어
105716,텍스트,74,영어
105717,일반,20,종교
105718,참고자료,20,종교
105719,스터디,20,종교
105720,신약,20,종교
105721,어린이,20,종교
105722,종교,20,종교
105723,청소년,20,종교
105724,텍스트,20,종교
104535,국제 어린이 성경 (ICB),20,종교
104536,국제 어린이 성경 (ICB),20,종교
104537,기독교 표준 성경 (CSB),23,기독교
105725,스터디,23,기독교
105726,신약,23,기독교
105727,어린이,23,기독교
105728,일반,23,기독교
105729,종교,20,종교
105730,참고자료,23,기독교
105731,청소년,23,기독교
105732,텍스트,23,기독교
105733,스터디,20,종교
105734,신약,20,종교
105735,어린이,20,종교
105736,일반,20,종교
105737,종료,20,종교
105738,참고자료,20,종교
105739,청소년,20,종교
105740,텍스트,20,종교
104538,기타 번역성경,20,종교
104539,다중 번역 성경,20,종교
105741,스터디,20,종교
105742,신약,20,종교
105743,어린이,20,종교
105744,일반,20,종교
105745,종교,20,종교
105746,참고자료,20,종교
105747,청소년,20,종교
105748,텍스트,20,종교
105753,종료,20,종교
105754,참고자료,20,종교
105755,청소년,20,종교
105756,텍스트,20,종교
105749,스터디,20,종교
105750,신약,20,종교
105751,어린이,20,종교
105752,일반,20,종교
104540,새 개역 표준역 (NRSV),20,종교
104541,새 미국 성경 (NAB),20,종교
105757,스터디,20,종교
105758,신약,20,종교
105759,어린이,20,종교
105760,일반,20,종교
105761,종교,20,종교
105762,참고자료,20,종교
105763,청소년,20,종교
105764,텍스트,20,종교
105765,스터디,20,종교
105766,신약,20,종교
105767,어린이,20,종교
105768,일반,20,종교
105769,종교,20,종교
105770,참고자료,20,종교
105771,청소년,20,종교
105772,텍스트,20,종교
104542,새 미국 표준 성경 (NASB),20,종교
104543,새 생활 번역 성경 (NLT),20,종교
105773,스터디,20,종교
105774,신약,20,종교
105775,어린이,20,종교
105776,일반,20,종교
105777,종교,20,종교
105778,참고자료,20,종교
105779,청소년,20,종교
105780,텍스트,20,종교
104544,성경일반,20,종교
104545,신 국제 독자역본 (NIrV),20,종교
105781,스터디,20,종교
105782,신약,20,종교
105783,어린이,20,종교
105784,일반,20,종교
105785,종교,20,종교
105786,참고자료,20,종교
105787,청소년,20,종교
105788,텍스트,20,종교
105789,스터디,20,종교
105790,신약,20,종교
105791,어린이,20,종교
105792,일반,20,종교
105793,종교,20,종교
105794,참고자료,20,종교
105795,청소년,20,종교
105796,텍스트,20,종교
104546,신 킹제임스 흠정역 (NKJV),20,종교
104547,신국제역본 (NIV),20,종교
105797,스터디,20,종교
105798,신약,20,종교
105799,어린이,20,종교
105800,일반,20,종교
105801,종교,20,종교
105802,참고자료,20,종교
105803,청소년,20,종교
105804,텍스트,20,종교
105805,스터디,20,종교
105806,신약,20,종교
105807,어린이,20,종교
105808,일반,20,종교
105809,종교,20,종교
105810,참고자료,20,종교
105811,청소년,20,종교
105812,텍스트,20,종교
104548,신세기 성경 (NCV),20,종교
104549,영어 표준 성경 (ESV),74,영어
105813,스터디,74,영어
105814,신약,74,영어
105815,어린이,74,영어
105816,일반,74,영어
105817,종교,20,종교
105818,참고자료,74,영어
105819,청소년,74,영어
105820,텍스트,74,영어
105821,스터디,20,종교
105822,신약,20,종교
105823,어린이,20,종교
105824,일반,20,종교
105825,종교,20,종교
105826,참고자료,20,종교
105827,청소년,20,종교
105828,텍스트,20,종교
104550,킹제임스 흠정역 (KJV),20,종교
104551,현대 신 국제역 (TNIV),20,종교
105829,스터디,20,종교
105830,신약,20,종교
105831,어린이,20,종교
105832,일반,20,종교
105833,종교,20,종교
105834,참고자료,20,종교
105835,청소년,20,종교
105836,텍스트,20,종교
105844,텍스트,74,영어
105837,스터디,74,영어
105838,신약,74,영어
105839,어린이,74,영어
105840,일반,74,영어
105841,종교,20,종교
105842,참고자료,74,영어
105843,청소년,74,영어
104552,현대 영어 역본 (CEV),74,영어
104553,God’s Word ,20,종교
104554,God’s Word ,20,종교
105845,스터디,20,종교
105846,신약,20,종교
105847,어린이,20,종교
105848,일반,20,종교
105849,종교,20,종교
105850,참고자료,20,종교
105851,텍스트,20,종교
105852,청소년,20,종교
105853,스터디,20,종교
105854,신약,20,종교
105855,어린이,20,종교
105856,일반,20,종교
105857,종교,20,종교
105858,참고자료,20,종교
105859,청소년,20,종교
105860,텍스트,20,종교
104555,La Biblia de las Americas,20,종교
104556,Nueva Version International ,20,종교
105861,스터디,20,종교
105862,신약,20,종교
105863,어린이,20,종교
105864,일반,20,종교
105865,종교,20,종교
105866,참고자료,20,종교
105867,청소년,20,종교
105868,텍스트,20,종교
105869,스터디,20,종교
105870,신약,20,종교
105871,어린이,20,종교
105872,일반,20,종교
105873,종교,20,종교
105874,참고자료,20,종교
105875,청소년,20,종교
105876,텍스트,20,종교
104557,Reina Valera ,20,종교
104558,The Message ,20,종교
105877,스터디,20,종교
105878,신약,20,종교
105879,어린이,20,종교
105880,일반,20,종교
105881,종교,20,종교
105882,참고자료,20,종교
105883,청소년,20,종교
105884,텍스트,20,종교
97829,종교,20,종교
105916,가톨릭,20,종교
104559,고대,20,종교
104560,그노시스주의,20,종교
104561,근본주의,20,종교
104562,기도/기도서,20,종교
105888,이슬람교,20,종교
105889,일반,20,종교
105885,기도,20,종교
105886,기독교,23,기독교
105887,유대교,20,종교
105917,침례교,23,기독교
105918,칼뱅파,23,기독교
105919,퀘이커교,23,기독교
105920,크리스천 사이언스,23,기독교
105921,펜테코스트파/카리스마파,23,기독교
105890,감독교,23,기독교
105891,감리교,23,기독교
105892,개신교,23,기독교
105893,교리 문답서,23,기독교
105894,교육,23,기독교
105895,교회,23,기독교
105896,기독교 종파,23,기독교
105897,동방 정교회,23,기독교
105898,루터교,23,기독교
105899,말일 성도 예수 그리스도 교회 (모르몬교),23,기독교
105900,메노파교,23,기독교
105901,목회,23,기독교
105902,문학/예술,60,예술
105903,성공회,23,기독교
105904,성인,23,기독교
105905,셰이커교,23,기독교
105906,신앙생활,23,기독교
105907,신학,23,기독교
105908,아미쉬파,23,기독교
105909,여호와의 증인,23,기독교
105910,역사,90,역사
105911,연합그리스도교,24,천주교
105912,의식,23,기독교
105913,일반,23,기독교
105914,장로교,23,기독교
105915,제7일 안식일 예수 재림교,23,기독교
104563,기독교,23,기독교
104564,도교,24,천주교
104565,동양종교,20,종교
104566,리더십,20,종교
104567,메시아 유대교,20,종교
104568,명상,20,종교
104569,무신론,20,종교
104570,민족/부족,20,종교
104571,믿음/신앙,20,종교
104572,바하이교,20,종교
104573,불가지론,20,종교
104574,불교,22,불교
105922,불교 경전/법문,22,불교
105923,불교 역사,22,불교
105924,불교 의식,22,불교
105925,선종,22,불교
105926,소승불교,22,불교
105927,일반,22,불교
105928,티벳불교,22,불교
104575,비교 종교학,20,종교
104576,사이언톨로지,20,종교
104577,상담,20,종교
104578,설교,20,종교
105929,기독교,23,기독교
105930,유대교,20,종교
105931,일반,20,종교
105932,구약,20,종교
105933,신약,20,종교
105934,일반,20,종교
104579,성경묵상,20,종교
104580,성경주석,20,종교
105935,구약,20,종교
105936,신약,20,종교
105937,일반,20,종교
105938,구약,20,종교
105939,신약,20,종교
105940,일반,20,종교
104581,성서 비평/해석,20,종교
104582,성서 연구,20,종교
105941,구약,20,종교
105942,성경 공부 가이드,20,종교
105943,신약,20,종교
105944,역사/문화,90,역사
105945,예언/예언자,20,종교
105946,일반,20,종교
105947,주해/해석,20,종교
105948,지혜 문학,80,문학
105949,Jesus/the Gospels/Acts,20,종교
105950,Paul's Letters,20,종교
105951,구약,99,전기
105952,신약,99,전기
105953,일반,99,전기
104583,성서 전기,99,전기
104584,성서 참고자료,20,종교
105954,사전/백과사전,3,
105955,성서 용어 색인,20,종교
105956,언어 학습,70,언어
105957,인용구,20,종교
105958,일반,20,종교
105959,지도,20,종교
105960,핸드북,20,종교
104585,성직자,20,종교
104586,세계 교회주의/종파초월,20,종교
104587,섹슈얼리티/젠더연구,20,종교
104588,수도생활,20,종교
104589,시크교,20,종교
104590,신도,26,신도
104591,신비주의,20,종교
104592,신성모독/이단/배교,20,종교
104593,신지학,45,지학
104594,신학,20,종교
104595,악마주의,20,종교
104596,영감,20,종교
104597,영성,20,종교
104598,유교,20,종교
104599,유대교,20,종교
105961,개혁,20,종교
105962,보수파 유대교,20,종교
105963,유대교 경전,20,종교
105964,유대교 신비주의,20,종교
105965,유대교 신학,20,종교
105966,유대교 역사,90,역사
105967,유대교 의식,20,종교
105968,유대교 일반,20,종교
105969,정통파 유대교,20,종교
105970,탈무드,20,종교
104600,유물/고고학,20,종교
104601,유신론,20,종교
104602,윤리학,20,종교
104603,이슬람교,20,종교
105978,이슬람교 일반,20,종교
105979,코란/경전,20,종교
105971,사아파,20,종교
105972,수니파,20,종교
105973,수피파,20,종교
105974,이슬람교 신학,20,종교
105975,이슬람교 역사,90,역사
105976,이슬람교 율법,20,종교
105977,이슬람교 의식,20,종교
104604,이신론,20,종교
104605,일반,20,종교
104606,자이나교,20,종교
104607,조로아스트교,20,종교
104608,종교 교육,20,종교
104609,종교 심리학,18,심신수련/명상
104610,종교 에세이,20,종교
104611,종교 역사,20,종교
104612,종교 철학,10,철학
104613,종교/정치/국가,20,종교
104614,종교단체/기관,20,종교
104615,종교와 과학,20,종교
104616,종교적 편협/박해/충돌,20,종교
104617,종말론,20,종교
104618,참고자료,20,종교
104619,컬트,20,종교
104620,휴일/기념일,20,종교
105980,기독교,23,기독교
105981,기타,20,종교
105982,부활절/사순절,20,종교
105983,유대교,20,종교
105984,일반,20,종교
105985,크리스마스,20,종교
105986,힌두교 경전,20,종교
105987,힌두교 신학,20,종교
105988,힌두교 역사,90,역사
105989,힌두교 의식,20,종교
105990,힌두교 일반,20,종교
104621,힌두교,20,종교
104622,Devotional,20,종교
104623,Eckankar,20,종교
109016,Paganism/Neo-Paganism,20,종교
104624,Unitarian Universalism,20,종교
28492,중국 도서,-1,매핑불가
78343,가정/요리/뷰티,59,가정학
78426,가정교육,59,가정학
78359,가정생활,59,가정학
78360,뷰티,59,가정학
78361,요리,59,가정학
78699,홍콩/대만 생활도서,59,가정학
78344,건강/취미/레저,69,오락/스포츠
78362,건강,69,오락/스포츠
78363,게임/놀이,69,오락/스포츠
78364,반려동물,69,오락/스포츠
78366,수집,69,오락/스포츠
78365,엽서/사진,69,오락/스포츠
78367,패션,69,오락/스포츠
78345,건축,-1,매핑불가
78368,건물구조,-1,매핑불가
78376,건물사양,-1,매핑불가
78369,건설장비,-1,매핑불가
78370,건자재,-1,매핑불가
78371,건축설계,-1,매핑불가
78372,건축시공,-1,매핑불가
78373,공정예산,-1,매핑불가
78375,도시건설사업,-1,매핑불가
78377,실내장식,-1,매핑불가
78378,조경,-1,매핑불가
78693,홍콩/대만 건축도서,-1,매핑불가
63437,경제/인문/사회,-1,매핑불가
78346,경제경영,32,경제학
78379,경영,32,경제학
78380,경제관리,32,경제학
78382,경제이론,32,경제학
78381,경제일반,32,경제학
78383,공적관계,32,경제학
78384,관광,32,경제학
78385,국민경제,32,경제학
78386,마케팅,32,경제학
78387,무역,32,경제학
78388,부동산,32,경제학
78390,세계경제,32,경제학
78391,인사관리,32,경제학
78392,재무/금융,32,경제학
78393,재무관리,32,경제학
78389,전자상거래,32,경제학
78394,증권투자,32,경제학
78694,홍콩/대만 경제관리 도서,32,경제학
78348,과학,40,자연과학
78419,과학자 전기,99,전기
78420,대중과학,40,자연과학
78421,동물과 식물,40,자연과학
78422,생명과학,40,자연과학
78423,자연과학,40,자연과학
78424,지구과학/천문학,44,천문학
78425,환경과학,40,자연과학
78347,기술/공업,-1,매핑불가
78395,가전제품,-1,매핑불가
78396,경공업,-1,매핑불가
78397,광업,-1,매핑불가
78398,교통/수송,-1,매핑불가
78399,금속공업,-1,매핑불가
78400,기계,-1,매핑불가
78401,냉동기술,-1,매핑불가
78402,농업,-1,매핑불가
78403,동력학,-1,매핑불가
78404,무기산업,-1,매핑불가
78405,석유/가스,-1,매핑불가
78406,수리공학,53,공학
78407,수산업,-1,매핑불가
78408,안전과학,40,자연과학
78417,우주항공,-1,매핑불가
78409,원자력기술,-1,매핑불가
78410,일반공업기술,-1,매핑불가
78530,임학,-1,매핑불가
78411,자동차공학,53,공학
78412,전기공학,99,전기
78413,전자공학,53,공학
78414,축산,-1,매핑불가
78415,통신기술,-1,매핑불가
78416,표준사양,-1,매핑불가
78695,홍콩/대만 기술도서,-1,매핑불가
78418,화학공학,43,화학
78611,기타,672,음악
178061,대만 도서,-1,매핑불가
78350,소설/에세이,80,문학
78464,과학/추리/공포소설,40,자연과학
78465,다큐멘터리/보도문학,80,문학
35595,만화,80,문학
78466,만화/애니메이션,80,문학
78467,무협소설,80,문학
78468,문학이론,80,문학
78469,문학작품집,80,문학
78470,민간문학,80,문학
35597,소설,80,문학
78471,에세이/시,80,문학
78472,원작소설,80,문학
78473,인터넷소설,80,문학
78474,작가/예술가 전기,60,예술
78475,중국소설,80,문학
78476,해외문학,80,문학
78697,홍콩/대만 문학도서,80,문학
78351,어린이,37,교육학
78477,그림책/만화,80,문학
78478,기타 교육자료,37,교육학
78479,미술/공작,37,교육학
78480,병음도서,37,교육학
78481,아동문학,80,문학
35596,어린이,37,교육학
78482,어린이 백과사전,3,
78483,유아,37,교육학
63438,중국어 학습,72,동양어
78700,홍콩/대만 어린이 도서,37,교육학
78354,예술/대중문화,60,예술
78497,공예,60,예술
78498,도안,60,예술
78499,무용,60,예술
78500,미술,60,예술
78501,사진/비디오,60,예술
78502,서예,64,서예
78503,소장/감상,60,예술
78504,스케치,60,예술
78505,연극,68,공연예술/연극
78506,영화/TV 예술,60,예술
78507,예술서,60,예술
78508,음악,67,음악(음반)
78509,조각,62,조각
78510,판화,60,예술
78511,홍콩/대만 실용미술,60,예술
78701,홍콩/대만 실용미술 도서,60,예술
78703,홍콩/대만 영화/TV 관련도서,60,예술
78702,홍콩/대만 예술도서,60,예술
78512,홍콩/대만 화보집,60,예술
78513,회화기법,60,예술
78352,외국어,70,언어
78484,대학영어,74,영어
78485,비영어권 언어,70,언어
78486,실용영어,74,영어
78488,영어 수험서,74,영어
78489,영어 참고서,74,영어
78490,영어 학습,74,영어
78487,영어독해,74,영어
78710,외국어 학습도서 & CD,70,언어
78355,의학,51,의학
78514,기초의학,51,의학
78515,내과,51,의학
78525,보건의료,51,의학
78516,부인과,51,의학
78517,서양의학/예방의학,51,의학
78518,소아과,51,의학
78519,수의학,51,의학
78520,신경학과/정신과,14,심리학
78521,안과,51,의학
78522,약학,51,의학
78523,양한방통합,51,의학
78524,외과,51,의학
78526,의료생물학,51,의학
78527,의학도표,51,의학
78528,이비인후과/정형외과,51,의학
78529,임상의학,51,의학
78531,종양학,51,의학
78532,중국 마사지/침술,51,의학
78534,중국 한방 임상,51,의학
78533,중국한방 기초의학,51,의학
78535,처방,51,의학
78536,치과,51,의학
78537,특수의학,51,의학
78538,피부과/비뇨기과,51,의학
78356,인문/사회/역사,90,역사
78540,고고학,90,역사
78541,관리학,90,역사
78544,군사학,90,역사
78545,논리/미학,90,역사
78546,당/국가 지도자 관련 저서,90,역사
78547,마르크스/엥겔스/레닌/마오 저서,90,역사
78548,민속학,90,역사
78549,민족학,90,역사
78557,법률서,36,법학
78558,법률이론/법학,36,법학
78542,국내법,36,법학
78543,국제법,36,법학
78539,경제법,36,법학
78556,법학,36,법학
78559,사회과학,30,사회과학
78560,사회문화,90,역사
78561,사회생활,90,역사
78708,서지,90,역사
78562,세계문화,90,역사
78572,심리학,18,심신수련/명상
78563,역사,90,역사
78564,세계사,90,역사
78565,역사일반,90,역사
78566,정당의 역사,90,역사
78567,중국사,90,역사
78573,인구학,90,역사
78574,전기/자서전,99,전기
78568,정치,90,역사
78569,세계정치,90,역사
78570,외교/국제관계,90,역사
78571,중국정치,90,역사
78705,정치일반,90,역사
78575,종교,20,종교
78576,지리학/지도/여행,98,여행
78577,철학,10,철학
78578,학술저서,90,역사
78698,홍콩/대만 역사문화 도서,90,역사
78579,홍콩/대만 인문/사회 도서,90,역사
78704,홍콩/대만 정치법률,90,역사
78709,정기간행물,-1,매핑불가
78353,중국어,72,동양어
78496,소수민족언어,70,언어
78494,언어학,70,언어
63436,중국어 사전,72,동양어
78491,중국어 일반,72,동양어
78493,참고서,72,동양어
78712,학습도서 & CD,72,동양어
35598,HSK/중국어교재,72,동양어
78349,참고서/수험서/교재,-1,매핑불가
78643,건축 교재,-1,매핑불가
78427,경제 교재,-1,매핑불가
78553,고등참고서,-1,매핑불가
78428,고등 교과과정,-1,매핑불가
78429,고등 기타과목,672,음악
78430,고등 물리/화학/생물,43,화학
78431,고등 수학,41,수학
78432,고등 중국어,72,동양어
78433,고등 역사/지리/정치,90,역사
78435,고등 영어,74,영어
78437,교과서,-1,매핑불가
78438,교육학,37,교육학
78645,교재일반,-1,매핑불가
78439,농업 교재,-1,매핑불가
78442,백과사전,3,
78550,법률 교재,-1,매핑불가
78443,비서,-1,매핑불가
78646,수업교재,-1,매핑불가
78554,수험서,-1,매핑불가
78436,공무원 수험서,37,교육학
78555,일반 수험서,-1,매핑불가
78440,대학원 수험서,-1,매핑불가
78441,독학고시 수험서,-1,매핑불가
78463,편입 수험서,-1,매핑불가
78444,사법시험 수험서,37,교육학
78647,실용교재,-1,매핑불가
78446,외국어 교재,70,언어
78447,자연과학 교재,40,자연과학
78448,작문,-1,매핑불가
78449,정보보급,-1,매핑불가
78706,정치/법률 교재,-1,매핑불가
78552,중등참고서,-1,매핑불가
78450,중등 교과과정,-1,매핑불가
78451,중등 기타과목,672,음악
78452,중등 물리/화학/생물,43,화학
78453,중등 수학,41,수학
78454,중등 역사/지리/정치,90,역사
78455,중등 중국어,72,동양어
78456,중등 영어,74,영어
78613,참고서 일반,-1,매핑불가
78711,철학사회 교재,10,철학
78457,체육 이론과 실습,-1,매핑불가
78551,초등참고서,-1,매핑불가
78458,초등 교과과정,-1,매핑불가
78459,초등 기타과목,672,음악
78460,초등 수학,41,수학
78461,초등 영어,74,영어
78462,초등 중국어,72,동양어
78644,컴퓨터 교재,53,공학
78696,홍콩/대만 교육도서,-1,매핑불가
78357,청소년,37,교육학
78580,청소년 과학,40,자연과학
78581,청소년 독서,37,교육학
78582,청소년 컴퓨터,53,공학
78358,컴퓨터,53,공학
78583,네트워크,53,공학
78584,데이터베이스,53,공학
78586,멀티미디어,53,공학
78589,소프트웨어,53,공학
78587,운영체제,53,공학
78588,자동화 기술,53,공학
78590,컴퓨터 언어,70,언어
78591,컴퓨터 원리와 기초,53,공학
78592,하드웨어 및 유지보수,53,공학
78585,MS 인증 수험서,53,공학
78633,CD/DVD/VCD,67,음악(음반)
78634,교육교재,68,공연예술/연극
78713,초등 교육교재,68,공연예술/연극
36110,만화/애니메이션,80,문학
78641,백과사전,3,
78642,어린이 어학,37,교육학
78639,어학,68,공연예술/연극
78640,영어,74,영어
78638,정보기술,68,공연예술/연극
78635,중국 드라마,60,예술
78637,해외 가요,67,음악(음반)
90858,청소년,37,교육학
97830,가정/가사,37,교육학
97831,가족,37,교육학
104625,결혼/이혼,37,교육학
104626,고아/양부모,37,교육학
104627,다세대,37,교육학
104628,대체가족,37,교육학
104629,부모,37,교육학
104630,신생아,37,교육학
104631,일반,37,교육학
104632,입양,37,교육학
104633,재혼가정,37,교육학
104634,형제자매,37,교육학
97832,건강/일상,37,교육학
104635,개인위생,37,교육학
104636,성숙,37,교육학
104637,섹슈얼리티/임신,37,교육학
104638,식이요법/영양,37,교육학
104639,신체장애,37,교육학
104640,안전,37,교육학
104641,약물중독,37,교육학
104642,응급치료,37,교육학
104643,일반,37,교육학
104644,일상,37,교육학
104645,질병/부상,37,교육학
104646,피트니스/운동,37,교육학
97833,건축,37,교육학
97834,게임,37,교육학
104647,단어게임,37,교육학
104648,매직,37,교육학
104649,보드게임,37,교육학
104650,비디오/전자게임,37,교육학
104651,일반,37,교육학
104652,카드게임,37,교육학
104653,퍼즐,37,교육학
104654,Q/A,37,교육학
97835,경제경영,32,경제학
97836,공예/취미,37,교육학
97837,과학/자연,40,자연과학
104655,과학사,40,자연과학
104656,나무/숲,40,자연과학
104657,동물학,49,동물학
104658,무게/측정,40,자연과학
104659,물리학,42,물리학
104660,발견,40,자연과학
104661,생물학,40,자연과학
104662,식물학,48,식물학
104663,실험/프로젝트,40,자연과학
104664,일반,40,자연과학
104665,지구과학,40,자연과학
105991,날씨,40,자연과학
105992,바다/호수/강,40,자연과학
105993,암석/미네랄,40,자연과학
105994,일반,40,자연과학
105995,지리,98,여행
105996,지진/화산,40,자연과학
104666,천문학,44,천문학
104667,천재지변,40,자연과학
104668,해부학/생리학,40,자연과학
104669,화석,40,자연과학
104670,화초/식물,40,자연과학
104671,화학,43,화학
104672,환경보존,40,자연과학
104673,환경학/생태계,14,심리학
97838,기술,37,교육학
104674,기계/도구,37,교육학
104675,농업,37,교육학
104676,발명,37,교육학
104677,일반,37,교육학
104678,전기/전자,99,전기
104679,제작원리,37,교육학
104680,항공/우주공학,53,공학
97839,논픽션 일반,37,교육학
97840,대중문화/예술,60,예술
104681,댄스,60,예술
104682,서커스,60,예술
104683,연극,68,공연예술/연극
104684,영화,60,예술
104685,일반,60,예술
104686,TV/라디오,60,예술
97841,동물,37,교육학
104687,가축,37,교육학
104688,개인위생,37,교육학
104689,고양이,37,교육학
104690,곤충/거미,37,교육학
104691,곰,37,교육학
104692,공룡/선사시대 동물,37,교육학
104693,기린,37,교육학
104694,나비/ 나방/애벌레,37,교육학
104695,늑대/코요테,37,교육학
104696,동물 복지,37,교육학
104697,동물원,37,교육학
104698,말,37,교육학
104699,멸종 위기 동물,37,교육학
104700,물고기,37,교육학
104701,밀림 동물,37,교육학
104702,반려동물,37,교육학
104703,사슴/무스/카리부,37,교육학
104704,사자/호랑이/표범,37,교육학
104705,새,37,교육학
104706,소,37,교육학
104707,아기동물,37,교육학
104708,야행성,37,교육학
104709,여우,37,교육학
104710,오리/거위,37,교육학
104711,유인원/원숭이,37,교육학
104712,일반,37,교육학
104713,쥐/햄스터/다람쥐,37,교육학
104714,캥거루,37,교육학
104715,코끼리,37,교육학
104716,토끼,37,교육학
104717,파충류/양서류,37,교육학
104718,포유류,37,교육학
104719,하마/코뿔소,37,교육학
104720,해양생물,37,교육학
97842,라이프스타일,37,교육학
97843,만화/그래픽노블,80,문학
104721,논픽션 일반,80,문학
104722,슈퍼히어로,80,문학
104723,역사,90,역사
104724,일본만화,80,문학
104725,전기,99,전기
104726,픽션 일반,80,문학
104727,Media Tie-In,80,문학
97844,명상/영성,18,심신수련/명상
97845,문학비평/콜렉션,80,문학
97846,미디어 학습,37,교육학
97847,법/범죄,37,교육학
97848,사진,37,교육학
97849,사회과학,30,사회과학
104728,고고학,30,사회과학
104729,관습/전통/ 인류학,30,사회과학
104730,사회학,30,사회과학
104731,신화,30,사회과학
104732,심리학,18,심신수련/명상
104733,일반,30,사회과학
104734,정치/정부,30,사회과학
97850,사회문제,37,교육학
104735,가출,37,교육학
104736,가치/미덕,37,교육학
104737,감정,37,교육학
104738,괴롭힘,37,교육학
104739,데이트/섹스,37,교육학
104740,동료 압박,37,교육학
104741,동성애,37,교육학
104742,물리적/정서적 학대,37,교육학
104743,사춘기,37,교육학
104744,새로운 경험,37,교육학
104745,성적 학대,37,교육학
104746,약물/알코올 중독,37,교육학
104747,예절/에티켓,37,교육학
104748,우울증/정신질환,37,교육학
104749,우정,37,교육학
104750,이민,37,교육학
104751,이방인,37,교육학
104752,일반,37,교육학
104753,임신,37,교육학
104754,자살,37,교육학
104755,자존감/자립심,37,교육학
104756,자행,37,교육학
104757,죽음,37,교육학
104758,특수교육,37,교육학
104759,편견/인종차별,37,교육학
104760,폭력,37,교육학
104761,홈리스/빈곤,37,교육학
97851,소녀/여성,37,교육학
97852,소년/남성,37,교육학
97853,소설/시/희곡,80,문학
104762,가족,80,문학
104763,건강/일상,80,문학
104764,경제/직업,80,문학
104765,고전,80,문학
104766,공상,80,문학
104767,과학/기술,40,자연과학
104768,단편소설,80,문학
104769,대중문화/예술,60,예술
107522,동물,80,문학
104770,디스토피아,80,문학
104771,라이프스타일,80,문학
104772,로맨스,80,문학
104773,로보트,80,문학
104774,몬스터,80,문학
104775,미스터리/탐정,80,문학
104776,법/범죄,80,문학
104777,사회문제,80,문학
104778,서부액션,80,문학
104779,소녀/여성,80,문학
104780,소년/남성,80,문학
104781,스포츠/레크레이션,80,문학
104782,시,80,문학
104783,시간여행,80,문학
104784,액션/어드벤처,80,문학
104785,역사,90,역사
104786,예술/건축,60,예술
104787,왕족,80,문학
104788,운문,80,문학
104789,운송수단,80,문학
105997,배/선박,80,문학
105998,오토바이,80,문학
105999,일반,80,문학
106000,자동차/트럭,80,문학
106001,철도/기차,80,문학
106002,항공,80,문학
104790,유머,80,문학
104791,의류,80,문학
104792,일반,80,문학
104793,자연,80,문학
104794,재활용/친환경 삶,80,문학
104795,전기문학,80,문학
104796,전설/신화,80,문학
104797,종교,20,종교
104798,지역/사람,80,문학
104799,책/도서관,80,문학
104800,초자연,80,문학
104801,컴퓨터,80,문학
104802,판타지/매직,80,문학
104803,학교/교육,80,문학
104804,호러,80,문학
104805,휴일/기념일,80,문학
104806,희곡,80,문학
104807,LGBT,80,문학
104808,Media Tie-In,80,문학
104809,SF,80,문학
109015,Steampunk,80,문학
97854,수집,37,교육학
97855,수학,41,수학
104810,기하학,41,수학
104811,대수학,41,수학
104812,분수,41,수학
104813,산술,41,수학
104814,상급,41,수학
104815,일반,41,수학
97856,스포츠/레크레이션,37,교육학
104816,골프,37,교육학
104817,기타,37,교육학
104818,농구,37,교육학
104819,동계 스포츠,37,교육학
104820,라켓 스포츠,37,교육학
104821,레슬링,37,교육학
104822,롤러/인라인 스케이팅,37,교육학
104823,모터 스포츠,37,교육학
104824,무술,37,교육학
104825,수상 스포츠,37,교육학
104826,스케이트보딩,37,교육학
104827,승마,37,교육학
104828,아이스 스케이팅,37,교육학
104829,야구/소프트볼,37,교육학
104830,올림픽,37,교육학
104831,육상,37,교육학
104832,익스트림 스포츠,37,교육학
104833,일반,37,교육학
104834,자전거,37,교육학
104835,체조,37,교육학
104836,축구,37,교육학
104837,캠핑/야외활동,37,교육학
104838,풋볼,37,교육학
104839,하키,37,교육학
97857,어드벤처,37,교육학
97858,언어,70,언어
104840,기호언어,70,언어
104841,문법,70,언어
104842,손글씨,70,언어
104843,어휘/철자법,70,언어
104844,일반,70,언어
104845,작문,70,언어
104846,저널,70,언어
97859,여행,98,여행
97860,역사,90,역사
104847,고대,90,역사
104848,군사/전쟁,90,역사
104849,기념물/국립공원,90,역사
104850,기타,90,역사
104851,르네상스,90,역사
104852,멕시코,90,역사
104853,미국,90,역사
104854,선사시대,90,역사
104855,아시아,90,역사
104856,아프리카,93,지리
104857,유럽,90,역사
104858,일반,90,역사
104859,중동,90,역사
104860,중세,90,역사
104861,캐나다,90,역사
104862,탐험/발견,90,역사
104863,현대,90,역사
104864,호주/오세아니아,90,역사
104865,홀로코스트,90,역사
97861,예술,60,예술
104866,기법,60,예술
104867,드로잉,60,예술
104868,만화,60,예술
104869,역사,90,역사
104870,일반,60,예술
104871,조작,60,예술
104872,패션,60,예술
104873,회화,60,예술
97862,요리/음식,37,교육학
97863,운송수단,37,교육학
104874,기차,37,교육학
104875,선박,37,교육학
104876,오토바이,37,교육학
104877,일반,37,교육학
104878,자동차,37,교육학
104879,항공,37,교육학
97864,원예,37,교육학
97865,유머,37,교육학
104880,농담/수수께끼,37,교육학
104881,일반,37,교육학
104882,카툰,37,교육학
97866,음악,67,음악(음반)
104883,대중음악,67,음악(음반)
104884,락,67,음악(음반)
104885,랩/힙합,67,음악(음반)
104886,악기,67,음악(음반)
104887,악보,67,음악(음반)
104888,역사,90,역사
104889,음악이론,67,음악(음반)
104890,일반,67,음악(음반)
104891,재즈,67,음악(음반)
104892,클래식,67,음악(음반)
97867,의류,37,교육학
97868,인형,37,교육학
97869,재활용/친환경적 삶,37,교육학
97870,전기/자서전,99,전기
104893,과학/기술,99,전기
104894,대중예술,60,예술
104895,문학,80,문학
104896,문화유산,99,전기
104897,미국 대통령/대통령 일가,99,전기
104898,사회운동가,99,전기
104899,스포츠/레크레이션,99,전기
104900,여성,99,전기
104901,역사,90,역사
104902,예술,60,예술
104903,왕족,99,전기
104904,음악,67,음악(음반)
104905,일반,99,전기
104906,정치,99,전기
104907,종교,20,종교
97871,제2외국어 학습,70,언어
104908,스페인어,77,스페인어
104909,영어 (제2외국어),74,영어
104910,일반,70,언어
104911,프랑스어,76,프랑스어
97872,종교,20,종교
104912,기독교,23,기독교
104913,성경 이야기,20,종교
106003,구약,20,종교
106004,신약,20,종교
106005,일반,20,종교
104914,성서 공부,20,종교
104915,성서 전기,99,전기
104916,성서 주석/해석,20,종교
104917,성서 참고자료,20,종교
104918,유대교,20,종교
104919,이슬람,20,종교
104920,일반,20,종교
97873,지역/사람,37,교육학
104921,극지방,37,교육학
104922,기타,37,교육학
104923,멕시코,37,교육학
104924,미국,37,교육학
104925,아시아,37,교육학
104926,아프리카,93,지리
104927,유럽,37,교육학
104928,일반,37,교육학
104929,중동,37,교육학
104930,캐나다,37,교육학
104931,캐러비언/라틴 아메리카,37,교육학
104932,호주/오세아니아,37,교육학
97874,직업,37,교육학
97875,참고자료,37,교육학
104933,백과사전,3,
104934,사전,37,교육학
104935,연감,37,교육학
104936,유의어,37,교육학
104937,일반,37,교육학
104938,지도,37,교육학
97876,책/도서관,37,교육학
97877,철학,10,철학
97878,컴퓨터,53,공학
104939,소프트웨어,53,공학
104940,엔터테인먼트/게임,53,공학
104941,인터넷,53,공학
104942,일반,53,공학
104943,프로그래밍,53,공학
97879,학교/교육,37,교육학
97880,학습,37,교육학
104944,시험준비,37,교육학
104945,일반,37,교육학
104946,Book Notes,37,교육학
97881,호기심/궁금증,37,교육학
97882,휴일/기념일,37,교육학
104947,기타 비종교,20,종교
104948,기타 종교,20,종교
104949,발렌타인데이,37,교육학
104950,부활절/사순절,37,교육학
104951,생일,37,교육학
104952,유월절,37,교육학
104953,일반,37,교육학
104954,추수감사절,37,교육학
104955,콴자(Kwanzaa),37,교육학
104956,크리스마스,37,교육학
104957,하누카(Hanukkah),37,교육학
104958,할로윈,37,교육학
104959,Patriotic Holidays,37,교육학
97883,Media Tie-In,37,교육학
90859,컴퓨터,53,공학
97884,가상세계,53,공학
97885,경영 정보 시스템,53,공학
97886,계산기,53,공학
97887,광 데이터 처리,53,공학
97888,교육 소프트웨어,53,공학
97889,구매자 가이드,53,공학
97890,기계이론,53,공학
97891,기업 애플리케이션,53,공학
104960,기업정보 수집 툴,53,공학
104961,일반,53,공학
104962,협업 소프트웨어,53,공학
97892,네트워킹,53,공학
104963,네트워크 프로토콜,53,공학
104964,보안,53,공학
104965,인트라넷/엑스트라넷,53,공학
104966,일반,53,공학
104967,LAN,53,공학
104968,Vendor ,53,공학
97893,대화/음성 처리,33,사회문제
97894,데스크탑 애플리케이션,53,공학
104969,개인재무 어플리케이션,32,경제학
104970,데이터베이스,53,공학
104971,스프레드시트,53,공학
104972,워드프로세싱,53,공학
104973,이메일 클라이언트,53,공학
104974,일반,53,공학
104975,프로젝트 관리 소프트웨어,53,공학
104976,프리젠테이션 소프트웨어,53,공학
104977,Suites,53,공학
97895,데이터 모델링/디자인,60,예술
97896,데이터 전송 시스템,53,공학
104978,광대역,53,공학
104979,무선(Wireless),53,공학
104980,일반,53,공학
104981,전자문서교환,53,공학
97897,데이터 프로세싱,53,공학
97898,데이터베이스 관리,53,공학
104982,데이터 마이닝 ,53,공학
104983,데이터 웨어하우징 ,53,공학
104984,일반,53,공학
97899,디지털 미디어,53,공학
104985,그래픽 어플리케이션,53,공학
104986,비디오/애니메이션,53,공학
104987,오디오,53,공학
104988,일반,53,공학
104989,전자출판,53,공학
104990,포토그래피,53,공학
97900,로직 설계,53,공학
97901,마이크로프로세서,53,공학
97902,문서관리,53,공학
97903,문서화/기술문서 작성,53,공학
97904,바이오 정보과학,40,자연과학
97905,보안,53,공학
104991,바이러스,53,공학
104992,암호,53,공학
104993,일반,53,공학
97906,사용자 인터페이스,53,공학
97907,사이버네틱스,53,공학
97908,사회이슈,53,공학
97909,소프트웨어 개발/엔지니어링,53,공학
104994,시스템 분석/설계,53,공학
104995,일반,53,공학
104996,툴,53,공학
104997,품질 보증/시험,37,교육학
104998,프로젝트 관리,53,공학
97910,수학/통계 소프트웨어,41,수학
97911,시스템 관리,53,공학
104999,리눅스/유닉스 관리,53,공학
105000,시스템관리 일반,53,공학
105001,윈도우 관리,53,공학
105002,이메일 관리,53,공학
105003,재난/복구,53,공학
105004,저장/검색,53,공학
97912,시스템 구조,53,공학
105005,분산 시스템/컴퓨팅,53,공학
105006,시스템구조 일반,53,공학
97913,신경회로망,53,공학
97914,쌍방향/멀티미디어,53,공학
97915,역사,90,역사
97916,영상처리,53,공학
97917,온라인 서비스,53,공학
105007,리소스 디렉토리,53,공학
105008,일반,53,공학
97918,운영체제(OS),53,공학
105009,가상화,53,공학
105010,리눅스,53,공학
105011,매킨토시,53,공학
105012,윈도우 서버/NT,53,공학
105013,윈도우 워크스테이션,53,공학
105014,유닉스,53,공학
105015,일반,53,공학
105016,DOS,53,공학
105017,Mainframe/Midrange,53,공학
97919,웹,53,공학
105018,검색엔진,53,공학
105019,브라우저,53,공학
105020,블로그,53,공학
105021,사이트 디렉토리,53,공학
105022,사이트 디자인,60,예술
105023,소셜네트워킹,53,공학
105024,웹프로그래밍,53,공학
105025,일반,53,공학
105026,팟캐스팅/웹캐스팅,53,공학
105027,페이지 디자인,60,예술
105028,UCC,53,공학
97920,유틸리티,53,공학
97921,인공지능(AI),53,공학
97922,인터넷,53,공학
105029,보안,53,공학
105030,어플리케이션 개발,53,공학
105031,일반,53,공학
97923,자격증,53,공학
105032,자격증 일반,53,공학
105033,A+,53,공학
105034,MCSE,53,공학
97924,자연 언어 처리(NPL),70,언어
97925,전문가 시스템,53,공학
97926,전자상거래(E-Commerce),53,공학
97927,전자출판,53,공학
97928,정보이론,53,공학
97929,정보통신기술(IT),53,공학
97930,참고자료,53,공학
97931,컴파일러 ,53,공학
97932,컴퓨터 공학,53,공학
97933,컴퓨터 그래픽,53,공학
97934,컴퓨터 비전/패턴 인식,53,공학
97935,컴퓨터 시물레이션,53,공학
97936,컴퓨터 엔지니어링,53,공학
97937,컴퓨터 일반,53,공학
97938,컴퓨터 활용능력,53,공학
97939,클라이언트/서버 컴퓨팅 ,53,공학
97940,키보드,53,공학
97941,프로그래밍,53,공학
105035,객체지향,53,공학
105036,게임,53,공학
105037,마이크로소프트 프로그래밍,53,공학
108986,모바일 디바이스,53,공학
105038,병렬처리,53,공학
105039,알고리즘,53,공학
105040,애플 프로그래밍,53,공학
105041,오픈소스,53,공학
105042,일반,53,공학
97942,프로그래밍 언어,70,언어
105043,객체지향,70,언어
105044,어셈블리 언어,70,언어
105045,일반,70,언어
105046,Ada,70,언어
105047,BASIC,70,언어
105048,C,70,언어
105049,C#,70,언어
105050,C++,70,언어
105051,COBOL,70,언어
105052,FORTRAN,70,언어
105053,HTML,70,언어
105054,Java,70,언어
105055,JavaScript,70,언어
105056,LISP,70,언어
105057,Pascal,70,언어
105058,Perl,70,언어
105059,PHP,70,언어
105060,Prolog,70,언어
105061,Python,70,언어
105062,RPG,70,언어
105063,Ruby,70,언어
105064,SQL,70,언어
105065,UML,70,언어
105066,VBScript,70,언어
105067,Visual BASIC,70,언어
105068,XML,70,언어
97943,하드웨어,53,공학
105069,네트워크 하드웨어,53,공학
105070,일반,53,공학
105071,주변장치,53,공학
105072,중앙 컴퓨터/소형 컴퓨터,53,공학
105073,휴대용 장치,53,공학
105074,PC,53,공학
97944,홈 엔터테인먼트,53,공학
97945,CAD-CAM,53,공학
97946,CD-DVD 기술,53,공학
90860,한국관련도서,-1,매핑불가
97947,어린이,37,교육학
97948,역사,90,역사
97949,예술,60,예술
97950,한국문학,80,문학
97951,한국문화,-1,매핑불가
97952,한국어,71,한국어
97953,한국역사,90,역사
97954,한국요리,-1,매핑불가
97955,한국학,-1,매핑불가
97956,화보,-1,매핑불가
25557,해외잡지,5,일반 연속간행물
25562,건축/인테리어,5,
25581,리빙/요리/웨딩,5,
117383,미술/디자인/사진,60,예술
25609,시사/경제/교양,5,
114501,어린이,37,교육학
25666,엔터테인먼트,5,일반 연속간행물
117379,여행/스포츠/취미,98,여행
25639,영화/음악,67,음악(음반)
29725,정기구독,5,
184022,라이프 스타일,5,
29726,시사/경제,5,
33663,어린이,37,교육학
183856,여행/관광,98,여행
126752,영화/음악,67,음악(음반)
68355,예술/디자인,60,예술
126749,컴퓨터/과학/게임,40,자연과학
68337,패션/연예/교양,5,
25649,주간지,5,
186039,중국/아시아,5,
25662,컴퓨터/과학/게임,40,자연과학
25627,패션/미용,5,
116581,해외잡지 과월호 특가,5,
126992,기타 과월호,5,
120489,National Geographic 특가,5,
120488,Time USA 특가,5,
90861,ELT/어학/사전,-1,매핑불가
97957,과학기술 영어,74,영어
97958,독학교재,-1,매핑불가
97959,독해,-1,매핑불가
97960,듣기,-1,매핑불가
97961,리더스,-1,매핑불가
105081,논픽션 리더스,-1,매핑불가
107196,일반,-1,매핑불가
105082,픽션 리더스,-1,매핑불가
105083,ELT 단계별 리더스,-1,매핑불가
97962,문법,-1,매핑불가
97963,발음,-1,매핑불가
97964,비도서 교재(카드/오디오/비디오),-1,매핑불가
97965,비즈니스 영어,74,영어
97966,사전/자료,-1,매핑불가
105084,사전,-1,매핑불가
105085,유의어,-1,매핑불가
105086,이중언어/다중언어,70,언어
97967,선생님을 위한 자료,-1,매핑불가
97968,시험 대비 테스트,37,교육학
97969,아카데미 영어,74,영어
97970,어휘,-1,매핑불가
97971,여행/커뮤니케이션 영어,74,영어
97972,워크북,-1,매핑불가
97973,작문,-1,매핑불가
97974,제2외국어,70,언어
107494,고대/라틴어,70,언어
108993,고대/중세 영어,74,영어
107495,그리스어(현대),70,언어
105087,기타 언어,70,언어
108998,노르웨이어,70,언어
105088,독일어,75,독일어
107498,러시아어,79,서양어
109001,베트남어,70,언어
109000,스웨덴어,70,언어
105089,스페인어,77,스페인어
107501,아랍어,70,언어
107500,아프리카어,93,지리
107497,영어,74,영어
105090,이탈리아어,78,이탈리아어
107499,인도/동아시아어,70,언어
107492,일반,70,언어
105091,일본어,73,일본어
105092,중국어,72,동양어
108994,체코어,70,언어
108999,페르시아어,70,언어
105093,프랑스어,76,프랑스어
108996,핀란드어,70,언어
107493,한국어,71,한국어
107496,히브리어,70,언어
108997,힌두어,70,언어
108995,Baltic Languages,70,언어
97975,회화,-1,매핑불가
97976,ELT 교수법/이론,-1,매핑불가
97977,ELT 시험/수험서,37,교육학
105094,고등학교 입학시험,37,교육학
105095,기타 ELT 시험,37,교육학
105096,대학원 가이드,37,교육학
105097,대학입학/가이드,37,교육학
105098,케임브리지 Young Learners 영어시험,74,영어
105099,케임브리지 Young Learners 영어시험,74,영어
105100,케임브리지 Young Learners 영어시험,74,영어
106006,Level 1 Cambridge Starters,74,영어
106007,Level 2 Cambridge Movers,74,영어
106008,Level 3 Cambridge Flyers,74,영어
105101,ACT,37,교육학
105102,AP,37,교육학
105103,BEC,37,교육학
105104,CAE,37,교육학
142088,Cambridge IGCSE,37,교육학
105105,CCSE,37,교육학
105106,CEELT,37,교육학
105107,CEIBT,37,교육학
105108,CLEP ,37,교육학
105109,CPA,37,교육학
105110,CPE,37,교육학
105111,FCE,37,교육학
105112,GED,37,교육학
105113,GMAT ,37,교육학
105114,GRE,37,교육학
105115,IELTS,37,교육학
105116,KET,37,교육학
105117,LSAT ,37,교육학
105118,MAT,37,교육학
105119,MCAT,37,교육학
105120,NTE,37,교육학
105121,OIBEC,37,교육학
105122,PET,37,교육학
105123,PSAT/NMSQT ,37,교육학
105124,SAT,37,교육학
105125,TOEFL,37,교육학
105126,TOEIC,37,교육학
97978,ELT 응용 언어학,70,언어
69191,19+,-1,매핑불가
87205,기타,672,음악
87203,로맨스소설,-1,매핑불가
78630,만화,80,문학
78629,무협소설,-1,매핑불가
87206,일반소설,-1,매핑불가
78631,판타지소설,-1,매핑불가
87209,BL소설,-1,매핑불가
38418,가격대별 eBook,-1,매핑불가
55100,1000원 eBook,-1,매핑불가
55101,2000원 eBook,-1,매핑불가
55102,2500원 eBook,-1,매핑불가
55103,3000원 eBook,-1,매핑불가
52153,무료 eBook,-1,매핑불가
38409,가정/요리/뷰티,59,가정학
90472,가계부,59,가정학
56815,건강요리,51,의학
56833,결혼/가족,59,가정학
58607,가정의례,59,가정학
58605,가족관계,59,가정학
58603,결혼생활,59,가정학
58604,부부관계,59,가정학
58606,성생활,59,가정학
56820,나라별 요리,59,가정학
58589,기타국가 요리,59,가정학
58587,이탈리아 요리,59,가정학
58585,일본요리,59,가정학
58586,중국요리,59,가정학
58588,프랑스 요리,59,가정학
58584,한국요리,59,가정학
56818,다이어트 요리,59,가정학
56822,도시락,59,가정학
56824,디저트,59,가정학
56829,뜨개질/바느질/DIY,59,가정학
58594,뜨개질/퀼트/십자수/바느질,59,가정학
58596,선물포장/리본/비즈,59,가정학
58597,종이접기/종이공예,59,가정학
58595,패션/소품/DIY,59,가정학
56817,사찰요리,59,가정학
56828,살림/정리수납,59,가정학
56823,샐러드/샌드위치,59,가정학
56816,생활요리,59,가정학
56826,술/음료/차,59,가정학
58591,다도/차,59,가정학
58590,술,59,가정학
58593,음료,59,가정학
58592,커피,59,가정학
56831,원예/조경/텃밭,59,가정학
56827,음식 이야기,59,가정학
56821,이유식,59,가정학
56830,인테리어,59,가정학
90474,인테리어,59,가정학
90473,집짓기,59,가정학
56819,전문가/연예인/블로거 요리,59,가정학
56825,제과제빵,59,가정학
56832,패션/뷰티,59,가정학
58601,네일/페디,59,가정학
58598,메이크업,59,가정학
58600,스타일/패션,59,가정학
58602,피부미용,59,가정학
58599,헤어,59,가정학
56388,건강/취미/레저,69,오락/스포츠
56836,건강운동,69,오락/스포츠
58609,걷기,69,오락/스포츠
58610,기/단학,18,심신수련/명상
58611,기타운동,69,오락/스포츠
58608,요가/체조/스트레칭,69,오락/스포츠
56841,건강정보,69,오락/스포츠
58633,건강정보/건강에세이/투병기,69,오락/스포츠
59047,기타,69,오락/스포츠
58629,남성건강,69,오락/스포츠
58679,노인건강,69,오락/스포츠
58631,두뇌건강,69,오락/스포츠
58632,성클리닉,69,오락/스포츠
58630,아동건강,69,오락/스포츠
58628,여성건강,69,오락/스포츠
58627,음식과 건강,69,오락/스포츠
58722,지압/마사지,69,오락/스포츠
56842,걷기/육상스포츠,69,오락/스포츠
56844,골프,69,오락/스포츠
56852,공예,69,오락/스포츠
58638,뜨개질/퀼트/십자수/바느질,69,오락/스포츠
58640,선물포장/리본/비즈,69,오락/스포츠
58641,종이접기/종이공예,69,오락/스포츠
58639,패션/소품/DIY,69,오락/스포츠
56845,구기,69,오락/스포츠
58939,기타,69,오락/스포츠
58937,농구,69,오락/스포츠
58938,야구,69,오락/스포츠
58936,축구,69,오락/스포츠
161775,글씨 쓰기,69,오락/스포츠
56848,낚시,69,오락/스포츠
56834,다이어트,69,오락/스포츠
56840,대체의학,51,의학
56849,등산/캠핑,69,오락/스포츠
56846,무예/무술,69,오락/스포츠
56850,바둑/장기,69,오락/스포츠
56854,반려동물,69,오락/스포츠
56843,수영/수상스포츠,69,오락/스포츠
147659,스티커북,69,오락/스포츠
56847,스포츠/레저 기타,69,오락/스포츠
58637,기타,69,오락/스포츠
58636,댄스/무용,69,오락/스포츠
58635,스키/스노보드,69,오락/스포츠
58634,인라인/자전거,69,오락/스포츠
56853,원예,69,오락/스포츠
58643,꽃꽂이,69,오락/스포츠
58644,채소재배,69,오락/스포츠
58642,화훼,69,오락/스포츠
140267,재난/생존/서바이벌,69,오락/스포츠
56837,정신건강,69,오락/스포츠
56838,질병치료와 예방,69,오락/스포츠
58612,간,69,오락/스포츠
58613,고혈압,69,오락/스포츠
58624,금연/금주/약물중독,69,오락/스포츠
58678,기타질병,69,오락/스포츠
58615,눈/코/입/귀,69,오락/스포츠
58616,당뇨병,69,오락/스포츠
58617,변비/치질,69,오락/스포츠
58625,비뇨기,69,오락/스포츠
58614,심장병,69,오락/스포츠
58618,암,69,오락/스포츠
58619,위장병,69,오락/스포츠
58626,정신질환,69,오락/스포츠
58620,중풍과 치매,69,오락/스포츠
58623,탈모,69,오락/스포츠
58621,피부병,69,오락/스포츠
58622,허리/디스크/척추/통증,69,오락/스포츠
56855,취미기타,69,오락/스포츠
58648,기타,69,오락/스포츠
58645,사진/비디오 촬영,69,오락/스포츠
58647,상식,69,오락/스포츠
58646,서예,64,서예
114990,컬러링북,69,오락/스포츠
56851,퍼즐/스도쿠/퀴즈,69,오락/스포츠
56839,한의학,51,의학
56835,헬스/피트니스,69,오락/스포츠
38398,경제경영,32,경제학
38595,경제학/경제일반,32,경제학
40206,경제사/경제전망,32,경제학
44342,한국 경제사/경제전망,32,경제학
44343,세계 경제사/경제전망,32,경제학
44344,아시아 경제사/경제전망,32,경제학
40997,경제이론/경제사상,32,경제학
40207,경제이야기,32,경제학
40220,경제정책/비평,32,경제학
40998,화폐/금융/재정,32,경제학
38539,기업 경영,32,경제학
40213,경영 일반,32,경제학
40045,경영전략/혁신,32,경제학
39772,무역,32,경제학
39774,생산/품질/물류관리,32,경제학
40999,서비스/고객관리,32,경제학
39767,재무/회계,32,경제학
39773,조직/인력/성과관리,32,경제학
40208,e-비즈니스,32,경제학
38524,기업/경영자 스토리,32,경제학
39869,국내기업/경영자,32,경제학
39868,국외기업/경영자,32,경제학
39870,벤처/인터넷 기업/경영자,32,경제학
38445,마케팅/세일즈,32,경제학
39770,광고/홍보/PR,32,경제학
39771,네트워크 마케팅,32,경제학
39962,마케팅/브랜드,32,경제학
59015,모바일/SNS,32,경제학
40043,영업/세일즈,32,경제학
39769,트렌드/미래예측,32,경제학
38440,재테크/투자,32,경제학
141099,가상화폐,32,경제학
41278,보험,32,경제학
39741,부동산/경매,32,경제학
41277,세금,32,경제학
40063,재테크/투자 일반,32,경제학
39740,주식/펀드,32,경제학
38441,창업/취업/은퇴,32,경제학
40205,벤처/인터넷창업,32,경제학
42792,은퇴설계,32,경제학
39742,창업정보,32,경제학
39768,취업정보,32,경제학
38594,CEO/비즈니스맨을 위한 능력계발,32,경제학
40214,간부학/리더십,32,경제학
40096,기획/정보/문서관리,32,경제학
40212,성공학/경력관리,32,경제학
41279,시간관리,32,경제학
40729,화술/협상/프레젠테이션,32,경제학
77542,고등학교참고서,37,교육학
77544,고등-문제집,37,교육학
77635,과학탐구,37,교육학
77636,기타영역,37,교육학
77634,사회탐구,37,교육학
77632,수리영역,37,교육학
131538,수학영역,41,수학
77631,언어영역,70,언어
77633,외국어영역,37,교육학
124820,한국사,37,교육학
77550,고등영어전문교재,74,영어
77729,단어/숙어,74,영어
77731,독해/작문,74,영어
77732,말하기/듣기,74,영어
77730,문법,74,영어
77733,NEAT(국가영어능력평가),74,영어
77543,고등-자습서,37,교육학
77629,과학,37,교육학
77625,국어,37,교육학
77630,기타,37,교육학
77628,사회문화,37,교육학
77627,수학,41,수학
77626,영어,74,영어
77549,고등학교 출판사별,37,교육학
77689,강남교육,37,교육학
78095,교과문학,80,문학
78096,G&G수학,41,수학
79232,개념원리_수능기적,37,교육학
148851,RPM HighQ,37,교육학
131162,개념원리_TOP Level,37,교육학
144647,9교시수학,41,수학
78173,고등RPM,37,교육학
78174,고등와투와,37,교육학
78175,고등기본서,37,교육학
77668,개념원리,37,교육학
77669,골드교육,37,교육학
132529,계란 한판,37,교육학
78170,OneUP모의고사,37,교육학
78171,Oneup전국연합,37,교육학
78172,씨뮬모의고사,37,교육학
86474,씨뮬_고3,37,교육학
86475,씨뮬_고2,37,교육학
86476,씨뮬_고1,37,교육학
79480,골드스터디 월별 모의고사 족보 문제집,37,교육학
79979,만점학력평가,37,교육학
78078,수능모의고사,37,교육학
77696,골드스터디,37,교육학
132493,곰스쿨,37,교육학
132494,핵심수능,37,교육학
77659,교학사,37,교육학
120900,교과서유형충전100%,37,교육학
78256,스피드 특강,37,교육학
78257,X Power,37,교육학
78258,통,37,교육학
78259,청출어람,37,교육학
78260,형설지공,37,교육학
85589,Smart수능적중,37,교육학
78176,리더스,37,교육학
78177,자습서,37,교육학
78178,빅뱅,37,교육학
77667,금성출판사,37,교육학
77687,길토래비,37,교육학
78099,3점짜리,37,교육학
78100,4점짜리,37,교육학
87747,대학별연구서,37,교육학
87748,대학별봉투모의고사,37,교육학
87746,김영환적성검사(수시플랜),37,교육학
77726,김찬휘영어연구소,74,영어
78014,변형독해,74,영어
78015,수능기출문제집,74,영어
89136,깊은생각,37,교육학
89137,한석원모의고사,37,교육학
77673,꿈을담는틀,37,교육학
123364,Catch E,37,교육학
113043,완성(고등),37,교육학
113044,절대개념(고등),37,교육학
140128,듀얼수학,41,수학
115086,보카콕(고등),37,교육학
115087,꿈틀고등,37,교육학
78147,꿈틀고등,37,교육학
78148,딱고등,37,교육학
78149,단감고등,37,교육학
78150,모든것,37,교육학
78151,연개수문,37,교육학
78152,명강,37,교육학
78153,대박,37,교육학
78154,꿈틀첫,37,교육학
78155,단번에끝내기,37,교육학
78156,시크릿,37,교육학
78157,보카콕,37,교육학
78158,수능클릭,37,교육학
78159,엑설런트명강,37,교육학
78160,First수능,37,교육학
78161,문학자습서,80,문학
121577,심쿵 명강,37,교육학
116138,단박특강,37,교육학
112770,아르케수학,41,수학
131161,국어는꿈틀,37,교육학
155764,밥,37,교육학
155765,고난도 신유형,37,교육학
140077,기본완성,37,교육학
120544,나는국어,37,교육학
120547,수저국어,37,교육학
77680,내신플러스,37,교육학
78127,내신플러스,37,교육학
78128,별난,37,교육학
78079,이젠,37,교육학
78080,엔설루터,37,교육학
77695,노잉,37,교육학
77705,노피하이에듀케이션,37,교육학
78051,노하,37,교육학
108733,그래머Expert,37,교육학
108734,자습서/평가문제집,37,교육학
87624,필통영문법,37,교육학
131900,다빈출코드,37,교육학
174216,EBS변형문제,37,교육학
89138,엑스퍼트,37,교육학
175609,천문장,37,교육학
152448,하이엔드,37,교육학
123072,기강잡고,37,교육학
110341,특별한1등급,37,교육학
155766,올클,37,교육학
155767,구문빅데이터,37,교육학
155768,그래머존,37,교육학
155769,문마고,37,교육학
155770,얇고빠른,37,교육학
155771,내신100신,37,교육학
155772,수능유형PICK,37,교육학
78052,리딩튜터,37,교육학
78053,빠른바른독해,37,교육학
78054,리스닝튜터,37,교육학
78055,능률보카,37,교육학
78056,맞수,37,교육학
78057,수능에이드,37,교육학
78058,자습서,37,교육학
78059,내신평정,37,교육학
78060,상승,37,교육학
78061,수능만만,37,교육학
78062,리딩엑스퍼트,37,교육학
78063,리스닝엑스퍼트,37,교육학
131185,스코어,37,교육학
77704,능률교육,37,교육학
119839,단단북스,37,교육학
119849,카이,37,교육학
77683,대성교육출판,37,교육학
78122,대성 마이맥,37,교육학
120955,대성학력개발연구소,37,교육학
120956,수능 대파,37,교육학
155896,논술고사 해설집,37,교육학
123073,N프리미엄,37,교육학
123071,마이맥,37,교육학
127811,단기특강,37,교육학
134436,수학의 원리,41,수학
132495,수능결단,37,교육학
77658,두산동아,37,교육학
149875,싸플(고등),37,교육학
149876,날선유형,37,교육학
149877,코드엠,37,교육학
149878,올쏘(고등),37,교육학
149879,절대등급,37,교육학
78261,하이탑,37,교육학
78262,뜯어먹는,37,교육학
78263,패싱코드,37,교육학
78264,기적내신,37,교육학
78265,수능샤워,37,교육학
78266,태그멘토,37,교육학
175854,빠작국어(고등),37,교육학
123736,임팩트,37,교육학
164787,날선유형 스타트,37,교육학
164788,올쏘 내신강자,37,교육학
164789,날선개념,37,교육학
164790,수프림,37,교육학
114182,씨리얼기출,37,교육학
122638,미리보는EBS,37,교육학
155897,압축정리,37,교육학
155898,독해가 되는,37,교육학
155899,듣기는 실전이다,37,교육학
155900,실전특강,37,교육학
155901,원포인트,37,교육학
78246,자습서,37,교육학
78247,수능단단,37,교육학
78248,수능상상,37,교육학
78249,절대문항,37,교육학
121632,씨리얼,37,교육학
114971,All-in-One 백브기출,37,교육학
119852,EBS모든작품,37,교육학
123042,최상위,37,교육학
122004,단톡,37,교육학
90222,단권화,37,교육학
120736,막강봉투모의고사,37,교육학
77661,디딤돌,37,교육학
77700,라인교육,37,교육학
78073,삼육구십,37,교육학
77727,리딩영어사,74,영어
77671,마더텅,37,교육학
155902,수능형 MP3,37,교육학
155903,수능기출 문제집(까만책),37,교육학
155904,수능기출 모의고사(빨간책),37,교육학
119621,수능기출문제집,37,교육학
127595,미니모의고사,37,교육학
114633,100%영어듣기,74,영어
122791,학평기출문제집,37,교육학
186327,1등급 어휘력,37,교육학
186328,수능기출 300제,37,교육학
78163,100%수능형,37,교육학
78164,연도별수능기출문제집,37,교육학
78165,4주완성,37,교육학
78166,연도별이코노미,37,교육학
112611,매쓰에듀케이션강수,37,교육학
112614,For수학모의고사,41,수학
77690,맨투맨,37,교육학
78092,MAN-TO-MAN 종합영어,74,영어
78093,Man To Man 클릭,37,교육학
78094,Man to Man 기본영어,74,영어
172389,콕콕 EBS 변형,37,교육학
172390,메가헤르츠 수학,41,수학
124677,함정 N제,37,교육학
155905,EBS 분석노트 유사변형,37,교육학
155906,개념백과,37,교육학
155907,CPR 수학문제기본서,41,수학
155908,시그니처 30,37,교육학
155909,수능영단어,37,교육학
155910,절대평가 큐,37,교육학
79423,메가N제,37,교육학
78108,N-tree엔트리,37,교육학
78109,기출해설서_E후,37,교육학
78110,메가OO제_언어영역,70,언어
78111,메가OO제_외국어영역,37,교육학
78112,메가OO제_수리영역,37,교육학
78113,메가OO제_사탐영역,37,교육학
78114,메가OO제_과탐영역,37,교육학
78115,12종문학기본서,80,문학
78116,플래닛,37,교육학
78117,메시지,37,교육학
78118,더뉴클래식,37,교육학
78119,나이스,37,교육학
78814,메가OO제,37,교육학
78815,기출해설서,37,교육학
87487,EBS분석노트,37,교육학
87488,EBS외전,37,교육학
87489,알랑가몰라,37,교육학
90521,수능분석노트,37,교육학
87318,수학 개념서 XL(엑스라지),41,수학
178808,수능기출분석서,37,교육학
122134,자격시리즈,37,교육학
122135,빅데이터기출문제집,37,교육학
117164,수능독학매일풀기,37,교육학
118507,EBS시크릿특강,37,교육학
88310,EBS콕콕모의고사,37,교육학
177805,EBS분석노트,37,교육학
177806,예비기출분석서,37,교육학
173594,메가실전모의고사,37,교육학
133172,빅데이터외전,37,교육학
130050,빅데이터첫기출,37,교육학
110709,매일30분_모바일,37,교육학
110710,매일30분_3주완성,37,교육학
107034,502기출문제집,37,교육학
107035,듣기모의고사,37,교육학
107036,매일30분,37,교육학
107037,수학개념서XL,41,수학
107038,일등공신교과서,37,교육학
107039,티슈,37,교육학
107040,필살기,37,교육학
148294,천기누출 봉투모의고사,37,교육학
157757,수력ON(고등),37,교육학
78104,수능파스타,37,교육학
78105,수능안테나,37,교육학
78106,큐피드,37,교육학
78107,기출해설서_E전,37,교육학
79175,과학,37,교육학
79176,수학,41,수학
79177,사회,37,교육학
79178,국어,37,교육학
79179,영어,74,영어
77685,메가북스,37,교육학
79270,메인에듀,37,교육학
121404,명진아트,37,교육학
121406,수능 백전백승,37,교육학
121631,변형문제,37,교육학
121629,모자이크,37,교육학
77660,미래엔,37,교육학
123360,N기출,37,교육학
113106,붐 특강,37,교육학
158858,올리드 시험직보(고등),37,교육학
158859,그래머바이트(고등),37,교육학
158860,리딩바이트(고등),37,교육학
158861,워드바이트,37,교육학
163638,수능주도권,37,교육학
131117,파사쥬 팝,37,교육학
78250,1등급 만들기,37,교육학
78251,깨부수기,37,교육학
78252,단비를 만나다,37,교육학
78253,매쓰블릭,37,교육학
78254,수능 적중 기출 & 예상 문제집,37,교육학
78255,Allead(올리드),37,교육학
113908,1등급 만들기,37,교육학
113909,문학집중,80,문학
114975,투지 to.Z 영단어,37,교육학
147564,유형중심(고등),37,교육학
147565,NEW올리드,37,교육학
147566,N기출_고등,37,교육학
147567,학과보고,37,교육학
147568,손쉬운,37,교육학
79168,파사쥬 붐,37,교육학
135452,수학중심(고등),41,수학
165049,룩(LOOK),37,교육학
78027,적성검사,37,교육학
77717,박문각,37,교육학
128389,베리타스큐,37,교육학
128390,수능최종모의고사,37,교육학
77657,블랙박스(JINHAK),37,교육학
147663,블랙라벨_더개념,37,교육학
147664,블랙라벨_공식집,37,교육학
147665,그림어원(수능),37,교육학
130291,통큰전국연합기출,37,교육학
78267,단호박,37,교육학
78268,기출스페셜,37,교육학
78269,블랙라벨,37,교육학
78270,언어스캔들,70,언어
118934,비법노트,37,교육학
122413,통큰수능기출,37,교육학
162756,지금필수(고등),37,교육학
162841,Full수록,37,교육학
78129,완자,37,교육학
78130,내공의 힘,37,교육학
78131,한권으로끝내기,37,교육학
78132,개념플러스,37,교육학
78133,오투,37,교육학
78134,수능 아우라,37,교육학
78135,ssol 쏠,37,교육학
78136,언어예찬,70,언어
78137,리더스뱅크,37,교육학
178010,완자기출픽,37,교육학
114034,단기특강,37,교육학
85553,수능카운트다운,37,교육학
90431,개플문,37,교육학
90432,속전속결,37,교육학
90433,내플수,37,교육학
150397,만렙수학(고등),41,수학
108546,한끝국어영역,37,교육학
108547,한끝영어영역,74,영어
108548,한끝사회탐구,37,교육학
108549,고등과학,37,교육학
108550,과학탐구,37,교육학
77679,비상교육,37,교육학
108545,개플문수학,41,수학
77677,비전,37,교육학
78139,우선순위,37,교육학
78140,쭉쭉 읽어라,37,교육학
78125,사이언스 브릿지,37,교육학
78126,강남인강,37,교육학
77681,사이언스브릿지,37,교육학
77703,사피엔스21,37,교육학
121880,냥쌤과 함께하는 국어여행,37,교육학
78816,수능리셋,37,교육학
122266,컬렉션,37,교육학
78064,언어의기술,70,언어
78065,수학의재구성,41,수학
78066,시간단축,37,교육학
78067,기적시리즈,37,교육학
78068,유난히수학,41,수학
78069,경선식영단어,37,교육학
78021,상상쏙,37,교육학
77722,상상아카데미,37,교육학
112610,생각의질서,37,교육학
112613,한석원모의고사,37,교육학
131810,넘버원모의고사,37,교육학
131809,생각이큰사람,37,교육학
77713,서울고시각,37,교육학
78033,사관학교,37,교육학
78138,한수위,37,교육학
77678,서울에듀,37,교육학
77725,서원각,37,교육학
109834,기분업,37,교육학
78016,수시완전정복,37,교육학
78017,수시미니핸드북,37,교육학
78144,성문영어,74,영어
77675,성문출판사,37,교육학
77728,성실교육,37,교육학
77676,성지출판,37,교육학
78141,수학의정석,41,수학
78142,기본수학유형집,41,수학
78143,실력수학,41,수학
124784,형상기억,37,교육학
122341,키워드,37,교육학
118764,일등급,37,교육학
161228,개념이지,37,교육학
119903,0순위,37,교육학
119624,수력충전(고등),37,교육학
133078,절대평가,37,교육학
133079,결정적보카,37,교육학
131539,바른개념,37,교육학
179326,심플 자이스토리,37,교육학
179327,자이 비문학 독해,80,문학
138719,0순위모의고사,37,교육학
148852,최강적중 파이널,37,교육학
79172,자이스토리,37,교육학
152143,문제로보카,37,교육학
152144,1등급고난도,37,교육학
78101,자이스토리,37,교육학
78102,올찬,37,교육학
78103,자이프리미엄,37,교육학
132743,DMZ수학(고등),41,수학
133795,XiP수학영역,41,수학
132781,XiP영어영역,74,영어
132782,XiP국어영역,37,교육학
143870,XiP사회탐구영역,37,교육학
143871,XiP과학탐구영역,37,교육학
132783,Xi한국사,37,교육학
132776,Xi수학영역,41,수학
132777,Xi영어영역,74,영어
132778,Xi국어영역,37,교육학
132779,Xi사회탐구영역,37,교육학
132780,Xi과학탐구영역,37,교육학
79173,수능실전편,37,교육학
79174,수능기본편,37,교육학
77686,수경,37,교육학
119620,수능의기술,37,교육학
106689,수와이야기,37,교육학
106691,스토리텔링수학(고등과정),41,수학
77694,수학은국력,41,수학
78081,꿀꺽수학,41,수학
78082,라이브,41,수학
78075,생강,37,교육학
77698,스터디하우스,37,교육학
122023,스토리페인터,37,교육학
122026,이원준 실전모의고사,37,교육학
77716,시대교육,37,교육학
78028,구술면접/입학사정관,37,교육학
78029,대입적성검사,37,교육학
124994,필기노트로 수능 다잡기,37,교육학
150276,시대인재books,37,교육학
150277,한완수,37,교육학
150278,일격필살,37,교육학
150279,이해원,37,교육학
150280,포카칩,37,교육학
167007,UAA&DCAF,37,교육학
162931,폴라리스,37,교육학
77693,쎄듀,37,교육학
122792,고교영어 절대평가 PLAN A,74,영어
154535,올씀,37,교육학
157608,원샷영어,74,영어
78083,천일문,37,교육학
78084,어법끝 어휘끝,37,교육학
78085,쎄듀 모의고사,37,교육학
78086,첫단추시리즈,37,교육학
78087,파워업시리즈,37,교육학
78088,천일문SW,37,교육학
77720,쏠티북스,37,교육학
77715,씨사이트,37,교육학
85836,씨사이트,37,교육학
85837,계통수학,41,수학
114423,수학의샘,41,수학
114424,아샘수학,41,수학
114425,짱어려운수학,41,수학
114426,짱중요한수학,41,수학
131115,Hi Math,37,교육학
79622,센터링 수학,41,수학
79623,짱 쉬운 유형 수학,41,수학
79624,20강짜리 수리영역 수학,41,수학
79621,아름다운샘,37,교육학
121405,아이오씨에스,37,교육학
121408,앤디션,37,교육학
77691,아이옥스,37,교육학
78090,지피지기,37,교육학
78091,개념원론,37,교육학
78072,강남인강,37,교육학
77701,애니모비,37,교육학
77699,에듀왕,37,교육학
122604,에듀왕,37,교육학
78074,공부의 신,37,교육학
122608,자신감수학(고등),41,수학
78162,대훈수학,41,수학
77672,에브라임,37,교육학
88829,오르비,37,교육학
119258,포카칩모의평가,37,교육학
119259,히든카이스모의고사,37,교육학
119260,KU모의고사,37,교육학
119261,수능실록,37,교육학
120755,TOP모의고사,37,교육학
121117,색시한 세모변,37,교육학
115165,한권으로 완성하는 수학,41,수학
136091,오르비 N제,37,교육학
114634,수학의 기준,41,수학
120545,리듬농구 모의평가,37,교육학
120579,쌍승 모의평가,37,교육학
120580,라인 모의평가,37,교육학
77692,유웨이북스,37,교육학
78089,공감,37,교육학
78034,필수영단어,37,교육학
77711,은파윈쓰리,37,교육학
77684,이룸E&B,37,교육학
122560,실시간,37,교육학
122561,굿비,37,교육학
163633,미래로 하우투 수능,37,교육학
163634,숨마쿰라우데 스타트업(고등),37,교육학
163635,숨마쿰라우데 라이트수학,41,수학
78120,숨마쿰라우데,37,교육학
78121,미래로수능기출,37,교육학
123359,PaceMaker,37,교육학
78022,수능리허설,37,교육학
78023,E·수능연계,37,교육학
136092,비기,37,교육학
123259,ez 전국연합학력평가,37,교육학
77721,이지수능,37,교육학
77656,이투스그룹,37,교육학
88375,전반전,37,교육학
88376,반전,37,교육학
121081,반전_수능파이널,37,교육학
111975,반전_수능실전편,37,교육학
111976,반전_약점체크편,37,교육학
84909,수학의바이블(프리미엄),41,수학
84910,수학의바이블(컬렉터),41,수학
113245,BOB바이블(고등),41,수학
86825,국어,37,교육학
86826,영어,74,영어
86827,수학,41,수학
114428,2주만에 끝내는,37,교육학
122993,본사탐,37,교육학
146438,24g수학개념,41,수학
146439,수능 고쟁이,37,교육학
115063,강실전모의고사(신승범),37,교육학
122950,리딩마스터,37,교육학
119625,최고난도,37,교육학
119622,너희들의기출문제,37,교육학
119623,master완전학습,37,교육학
78271,新수학의 바이블,41,수학
78272,누드문제집,37,교육학
78273,수능기출사,37,교육학
78274,몽땅벗기기,37,교육학
78275,누드교과서_1Day,37,교육학
78276,누드교과서_언수외,37,교육학
78277,누드교과서SE_과탐,37,교육학
78278,누드교과서SE_사탐,37,교육학
78279,누드교과서_사과탐,37,교육학
78280,6inch 수학,41,수학
78281,워드마스터,37,교육학
78282,반전모의고사,37,교육학
175273,BON 본,37,교육학
175274,BON 본 내신,37,교육학
84908,新수학의 바이블,41,수학
84883,리슨마스터,37,교육학
134100,하이퍼최고난도,37,교육학
134101,어삼쉬사,37,교육학
134102,구문사고력,37,교육학
134103,강모의고사(신승범),37,교육학
134104,결정적시리즈,37,교육학
175265,15분 모의고사,37,교육학
175266,작전 모의고사,37,교육학
175267,작전모의,37,교육학
175268,쏙(SOC),37,교육학
175269,파워크북 수학,41,수학
175270,개념픽수학,41,수학
175271,일단락 국어,37,교육학
175272,BON 본 N제,37,교육학
106557,누드문제집,37,교육학
114949,쌤통,37,교육학
86823,531프로젝트,37,교육학
86824,누드특강,37,교육학
120644,넘버원모의고사,37,교육학
119850,논술로,37,교육학
79271,누드교과서,37,교육학
79272,누드교과서SE,37,교육학
132146,이투스 수능 기출문제집,37,교육학
123587,심슨,37,교육학
131811,강특별모의고사(신승범),37,교육학
123440,The All,37,교육학
125231,지발선,37,교육학
140078,내신 고쟁이,37,교육학
78042,3개년,37,교육학
78043,7개년,37,교육학
78044,4개년,37,교육학
78045,5개년,37,교육학
111612,리얼 수능 봉투 모의고사,37,교육학
122505,리얼DNA,37,교육학
122506,2개년,37,교육학
151940,4개년,37,교육학
77708,입시플라이,37,교육학
120576,제니케이스,37,교육학
120577,수능 최종모의고사,37,교육학
124823,사.과탐 전문 기출문제,37,교육학
114952,ASCENT 어센트,37,교육학
114948,제이앤에스(JNS),37,교육학
77666,좋은책신사고,37,교육학
163213,쎈기출,37,교육학
161537,쎈수학_베이직,41,수학
123484,쎈수학_개념쎈라이트(고등),41,수학
78832,쏙쏙쏙,37,교육학
129157,첫오감도,37,교육학
178526,30일컷,37,교육학
106551,알수학,41,수학
106552,한국사바로가기,37,교육학
106556,큐사이언스,37,교육학
106532,다트,37,교육학
106533,국.쉬.원,37,교육학
169511,초빈출,37,교육학
176656,쎈기출_연도별 수능,37,교육학
136168,피드백 파이널,37,교육학
122793,특작,37,교육학
109806,라이트쎈,37,교육학
90574,꿀특강,37,교육학
123640,오감도최다문항,37,교육학
176336,우공비Q(고등),37,교육학
178696,쎈기출0zero,37,교육학
178697,진짜 기출,37,교육학
178698,우공비Q 등급업N제,37,교육학
152145,올킬,37,교육학
152146,문.지.영,37,교육학
122081,TOP수능영어,74,영어
107041,단기공략,37,교육학
181754,쎈기출 모의고사,37,교육학
157303,기본영어,74,영어
157304,독해파헤치기,37,교육학
157305,별보카(고등),37,교육학
164266,수능1교시,37,교육학
78179,특작,37,교육학
78180,쎈수학고등,41,수학
78181,오감도,37,교육학
78182,The M(디:엠),37,교육학
78183,신사고 팝콘,37,교육학
78184,일품,37,교육학
78185,피드백 파이널,37,교육학
78186,수능다큐,37,교육학
78187,우공비고등,37,교육학
78188,수능두배,37,교육학
78189,Concept,37,교육학
78190,베테랑,37,교육학
78191,샐러드,37,교육학
78192,신사고 V수능,37,교육학
78193,진짜영문법,37,교육학
78194,개념쎈,37,교육학
78195,언어의기술,70,언어
78196,Concept新수능,37,교육학
131592,기출의 법칙,37,교육학
78221,네버다이 수능기출문제,37,교육학
78222,A+ 사과향,37,교육학
78223,A+ 수능 ASAP(아삽),37,교육학
78224,A+ 솔리드 리뉴,37,교육학
78225,A+ 초강수,37,교육학
78226,A+ 수능단기특강 촉,37,교육학
78227,A+ New Leader,37,교육학
123588,A+ 크레센도,37,교육학
124449,A+ 페이스메이커,37,교육학
78218,A+ 수능 올리고,37,교육학
78219,쉽게풀자 용기 100배,37,교육학
78220,자습서,37,교육학
77664,중앙교육진흥연구소,37,교육학
77697,중앙입시문제연구소,37,교육학
119838,중앙입시문제연구소,37,교육학
78076,5개년 수능기출모음집,37,교육학
78077,6개년 수능기출문제집,37,교육학
123103,3월 모의고사 대비,37,교육학
123104,예비고1,37,교육학
119841,수능 최종점검,37,교육학
129901,MANAGER,37,교육학
129233,D-100,37,교육학
125023,6월모의고사,37,교육학
129686,11월모의고사,37,교육학
122233,핵심체크,37,교육학
128262,9월모의고사,37,교육학
114679,ADMITTEE 애드미티,37,교육학
111356,학업성취도,37,교육학
111357,신수능레시피,37,교육학
111358,6월모의고사,37,교육학
111359,9월모의고사,37,교육학
111360,D-100수능기출,37,교육학
111361,EBS영단어,37,교육학
111362,3월모의고사,37,교육학
111363,단원별기출,37,교육학
111364,신수능기출,37,교육학
111365,3개년기출,37,교육학
111355,중앙TSP,37,교육학
77719,즐겨찾기,37,교육학
79778,속공,37,교육학
78024,듄공부,37,교육학
78025,EBS연계,37,교육학
78026,지플러스,37,교육학
120110,EXIT EBS연계교재,37,교육학
79777,EBS유형정리,37,교육학
78046,1등급시리즈,37,교육학
78047,BEST수능특강,37,교육학
78048,쫑내기시리즈,37,교육학
78049,수나공,37,교육학
114064,수날자,37,교육학
77707,지공신공,37,교육학
77710,지담교육,37,교육학
78035,입학사정관제,37,교육학
78036,대입적성검사,37,교육학
78037,수능HISTORY,37,교육학
78038,논신만점논술,37,교육학
130265,지스트북,37,교육학
130266,몰입 파이널,37,교육학
130267,몰입 수능특강,37,교육학
148692,Reading it,45,지학
148693,Listening it,45,지학
77665,지학사,45,지학
122637,it 시리즈,45,지학
148685,기출의고백_FINAL,45,지학
148686,개념있는,45,지학
148687,교과서수능,45,지학
148688,핵심큐,45,지학
148689,개념풀,45,지학
148690,달달한한국사,45,지학
148691,수능어휘집,45,지학
114353,기출의 고백,45,지학
114354,하이라이트 단기특강,45,지학
114356,하이라이트 중간.기말 대비 평가문제집,45,지학
123041,최우선순,45,지학
176959,풍산자 일등급유형,45,지학
122507,풍산자약점공략,45,지학
151259,풍산자 라이트,45,지학
151260,풍산자 반복수학,41,수학
123138,교과서수능,45,지학
78197,핵심,45,지학
78198,수(秀),45,지학
78199,자습서,45,지학
78200,스페셜,45,지학
78201,풍산자,45,지학
78202,독서평설(정기구독),45,지학
78203,비트,45,지학
78204,교과서뛰어넘기,45,지학
78205,"단,",45,지학
78206,언어알약,70,언어
78207,레시피,45,지학
78208,꽉잡기,45,지학
78209,EG ALIVE,45,지학
78210,영어듣기말하기,74,영어
78211,영문독해,45,지학
78212,풍산자필수유형,45,지학
78213,자율학습,45,지학
78214,현대문학감상,80,문학
78215,실전모의고사,45,지학
78216,출제자의Sign찾기,45,지학
78217,독서평설,45,지학
90493,차미,37,교육학
90494,혼자하는수능수학,41,수학
114970,착한기출닷컴,37,교육학
122559,전국연합학력평가문제집,37,교육학
114972,전국연합기출문제집,37,교육학
114973,수능기출문제집,37,교육학
77702,참다래,37,교육학
78070,수능그날,37,교육학
78071,수시적성,37,교육학
78228,듀오,37,교육학
77663,창과창,37,교육학
77712,창비(학습),37,교육학
89139,창비수능국어,37,교육학
89140,창비고등국어,37,교육학
114951,창비자습서,37,교육학
116664,가만히 기다릴 수능 없다,37,교육학
131116,우선공,37,교육학
85097,소통시리즈,37,교육학
114862,착한기출,37,교육학
123040,착한기출,37,교육학
85096,채움미디어,37,교육학
77709,책터,37,교육학
78039,찜,37,교육학
78040,찜2012,37,교육학
78041,찜2013,37,교육학
88117,유형기본서(고등),41,수학
88118,개념기본서(고등),41,수학
88116,수준별영어(고등),74,영어
111999,탑초이스,37,교육학
139495,빅터연산(고등),37,교육학
178101,하루수능,37,교육학
178099,처음수능,37,교육학
133979,최강TOT수학(고등),41,수학
78229,문제집해법수학,41,수학
78230,DICA(디카),37,교육학
78231,자습서,37,교육학
78232,해법수준별,37,교육학
78233,셀파해법수학,41,수학
78234,개벽언어,70,언어
78235,다문항수학,41,수학
78236,셀파실전모의고사,37,교육학
78237,수능달인,37,교육학
78238,수능EX,37,교육학
78239,셀파기본영어,74,영어
78240,스피드솔류션,37,교육학
78241,고등셀파,37,교육학
78242,수능터치,37,교육학
78243,수능셀파,37,교육학
78244,내신ZiP,37,교육학
78245,해법문학,80,문학
174795,짤강수학(고등),41,수학
174796,수학의힘(고등),41,수학
174797,리스닝 패러다임,37,교육학
174798,100인의 지혜,37,교육학
174799,고단백,37,교육학
174800,뿌리뽑기(고등),37,교육학
174791,다품(고등),37,교육학
121748,수능Q&Q특강,37,교육학
185831,셀파라이트,37,교육학
185832,10일격파,37,교육학
173395,바로 VOCA(고등),37,교육학
173392,내신꼭수학,41,수학
89659,기지개 고등영어,74,영어
131786,해결의법칙(고등),37,교육학
135587,수학입문,41,수학
114156,셀파수능기출,37,교육학
114157,셀파수능결정적,37,교육학
177621,다품(고등),37,교육학
177622,해법문학Q,80,문학
88110,해법수준별,37,교육학
88111,미래창조수학,41,수학
110324,더블클릭,37,교육학
182514,7일 끝 중간.기말(고등),37,교육학
107042,체크체크(고등),37,교육학
107043,리딩시크릿(고등),37,교육학
77662,천재교육,37,교육학
177623,개념 해결의법칙,37,교육학
177624,유형 해결의법칙,37,교육학
177627,교과서 다품,37,교육학
138841,몰입지피지기,37,교육학
138838,코어북,37,교육학
89580,키출판사,37,교육학
89581,매3시리즈,37,교육학
123105,매3사회탐구,37,교육학
89582,매3국어,37,교육학
89583,매3수학,41,수학
89584,매3영어,74,영어
124726,매3과학,37,교육학
124824,매3한국사,37,교육학
77714,티치미,37,교육학
78030,수학의원리,41,수학
78031,변형독해,37,교육학
78032,쾌도난마,37,교육학
78018,부엉이,37,교육학
112771,고1문제집,37,교육학
112772,고2문제집,37,교육학
112773,고3문제집,37,교육학
77724,평가교육자료원,37,교육학
119840,플라이북,37,교육학
122025,TOP Secret,37,교육학
119851,수능슈퍼맨,37,교육학
77688,플러스예감,37,교육학
78097,완변그림교과서,37,교육학
78098,참쉬운수학,41,수학
77718,하비스트,37,교육학
77706,학력진단연구원,37,교육학
78050,3.6.9 수능모의고사모음집,37,교육학
78145,파이널 엑시트,37,교육학
78146,엑시트,37,교육학
121749,연마,37,교육학
123177,단마,37,교육학
123178,단기완성,37,교육학
123179,출제원리에 맞춘,37,교육학
124005,기출패턴,37,교육학
120245,수능끝판왕,37,교육학
77674,한국학력평가원,37,교육학
77670,한솔교육(단단북스),37,교육학
78167,1등급,37,교육학
78168,동문선,37,교육학
78169,수능기출백서,37,교육학
78123,해냄수능,37,교육학
78124,12종 문학 통합 문제집,80,문학
77682,해냄에듀,37,교육학
122214,해성출판사,37,교육학
127182,실전 모의고사,37,교육학
122215,상아탑,37,교육학
125257,노스트라다무스,37,교육학
125256,해커입시연구소,37,교육학
112612,홀로서기,37,교육학
112615,일격필살,37,교육학
112616,일타삼피,37,교육학
119904,마플문제집시너지,37,교육학
114631,마플기출총정리,37,교육학
114632,마플교과서수학,41,수학
114630,희망에듀,37,교육학
77723,Every365,37,교육학
78019,수능기출레시피,37,교육학
78020,기출우수문학,80,문학
77547,논술/면접/수시,37,교육학
77650,구술면접,37,교육학
77651,논술,37,교육학
129712,논술정기간행물(고등),37,교육학
77649,수시적성,37,교육학
86628,울산대,37,교육학
87514,금오공과대,37,교육학
87515,평택대,37,교육학
87554,안양대,37,교육학
87555,서강대,37,교육학
88740,이화여대,37,교육학
87623,호서대,37,교육학
77995,서경대,37,교육학
77996,서울과학기술대,37,교육학
77997,성결대,37,교육학
77998,성균관대,37,교육학
77999,세종대,37,교육학
78000,수원대,37,교육학
78001,숙명여대,37,교육학
78002,아주대,37,교육학
78003,을지대,37,교육학
78004,인하대,37,교육학
78005,중앙대,37,교육학
78006,한국기술교육대,37,교육학
78007,한국산업기술대,37,교육학
78008,한국외국어대,37,교육학
78009,한국항공대,37,교육학
78010,한성대,37,교육학
78011,한신대,37,교육학
78012,한양대,37,교육학
78013,홍익대,37,교육학
87452,대진대,37,교육학
87065,동덕여대,37,교육학
87486,한밭대,37,교육학
127384,삼육대,37,교육학
111611,부산대,37,교육학
86117,연세대,37,교육학
111914,서울시립대,37,교육학
111915,덕성여대,37,교육학
111916,서울여대,37,교육학
111974,동국대,37,교육학
120735,항공대,37,교육학
77980,_통합편,37,교육학
77981,가천대,37,교육학
77982,가톨릭대,37,교육학
77983,강남대,37,교육학
77984,강원대,37,교육학
77985,건국대,37,교육학
77986,경기대,37,교육학
77987,경북대,37,교육학
77988,경성대,37,교육학
77989,경원대,37,교육학
77990,경희대,37,교육학
77991,고려대,37,교육학
77992,광운대,37,교육학
77993,단국대,37,교육학
77994,명지대,37,교육학
77652,입시자료집,37,교육학
77653,입학사정관,37,교육학
77654,자기소개서,37,교육학
77545,수능대비,37,교육학
77641,과학탐구,37,교육학
77642,기타영역,37,교육학
77640,사회탐구,37,교육학
77638,수리영역,37,교육학
77637,언어영역,70,언어
77639,외국어영역,37,교육학
124821,한국사,37,교육학
77546,수능모의고사/기출,37,교육학
77647,과학탐구,37,교육학
77648,기타영역,37,교육학
77646,사회탐구,37,교육학
77644,수리영역,37,교육학
77643,언어영역,70,언어
77645,외국어영역,37,교육학
124822,한국사,37,교육학
77548,학습자료,37,교육학
77655,공부/학습법,37,교육학
84907,기타,37,교육학
77551,EBS 고등,37,교육학
141216,1분1개념,37,교육학
156776,3주/4주특강,37,교육학
88292,7030 파이널 실전모의고사,37,교육학
140793,개념완성,37,교육학
77734,고1,37,교육학
77735,고2,37,교육학
77736,고3,37,교육학
160153,고난도시크릿X,37,교육학
130620,국공따,37,교육학
132045,국어 독해의 원리,37,교육학
132742,국어문법의원리,37,교육학
131965,기출의미래,37,교육학
77742,기특한,37,교육학
77743,내신6감,37,교육학
106119,뉴 탐스런,37,교육학
174548,뉴수능스타트,37,교육학
150831,단기특강,37,교육학
77749,라디오 듣기,37,교육학
132044,리딩파워,37,교육학
89971,만점마무리,37,교육학
133479,빈칸완성,37,교육학
77744,상위1% 비밀,37,교육학
162333,수능 감(感) 잡기,37,교육학
77754,수능개념,37,교육학
77741,수능기본서,37,교육학
77745,수능기출플러스,37,교육학
77738,수능길잡이,37,교육학
140792,수능길잡이,37,교육학
77755,수능스타트,37,교육학
132586,수능연계교재VOCA,37,교육학
113243,수능열기,37,교육학
77739,수능열기,37,교육학
77751,수능완성,37,교육학
187005,수능완성 사용설명서,37,교육학
126734,수능의 7대 함정,37,교육학
178792,수능의 7대함정,37,교육학
124972,수능의 감(感),37,교육학
77746,수능특강,37,교육학
153291,수능특강 사용설명서,37,교육학
181156,수능특강 연계기출,37,교육학
77752,수능특강 FINAL,37,교육학
110070,수능특강 Light,37,교육학
180341,수능특강Q,37,교육학
122024,수능포커스,37,교육학
77750,수능N제,37,교육학
162719,수학의왕도,41,수학
106120,알짜,37,교육학
77753,예비과정,37,교육학
87918,올림포스,37,교육학
175608,올림포스 전국연합,37,교육학
140794,올림포스고난도,37,교육학
140795,올림포스닥터링,37,교육학
131591,올림포스평가,37,교육학
77737,인터넷수능,37,교육학
141164,"지금,내등급은",37,교육학
119471,천제의약속,37,교육학
77757,최종점검,37,교육학
77747,탐스런,37,교육학
128172,파이널 실전모의고사,37,교육학
127609,파이널 프러포즈,37,교육학
77748,포스,37,교육학
115921,필수한국사,37,교육학
77756,EBS고교NEAT,37,교육학
107596,EBS수능코치,37,교육학
113056,EBS한국사검정,37,교육학
77740,EBSi강의노트,37,교육학
113996,2015EBSi,37,교육학
122027,2016EBSi,37,교육학
161906,2020EBSi,37,교육학
78911,2013EBSi,37,교육학
78283,2010 EBSi,37,교육학
78284,2011 EBSi,37,교육학
78285,2012 EBSi,37,교육학
90071,2014EBSi,37,교육학
179374,2022EBSi,37,교육학
175975,2021EBSi,37,교육학
140641,2018EBSi,37,교육학
151075,2019EBSi,37,교육학
131184,2017EBSi,37,교육학
38414,고전,80,문학
38555,경제학고전,32,경제학
38694,고사성어/속담,70,언어
38531,고전에서배운다,80,문학
38558,과학고전,80,문학
38554,군사고전,80,문학
38532,다시쓴고전,80,문학
38534,동양고전문학,80,문학
40474,기타 동양고전,80,문학
40517,중국고전-산문,80,문학
41341,중국고전-시가,80,문학
38535,동양고전사상,80,문학
40482,기타 동양고전사상,80,문학
40481,도가사상,80,문학
40480,유가사상,80,문학
38536,서양고전문학,80,문학
40032,서양고대문학,80,문학
40078,서양근대문학,80,문학
40022,서양중세문학,80,문학
39762,서양현대고전,80,문학
38537,서양고전사상,80,문학
38533,우리나라옛글,80,문학
40483,산문,80,문학
40484,시가,80,문학
38800,위대한 작가들,80,문학
38405,과학,40,자연과학
56607,공학,53,공학
57931,공학 일반,53,공학
57921,기계공학,55,기계공학
57923,전기/전자공학,99,전기
57924,토목/건축공학,54,건축공학
57927,화학공학,43,화학
57929,환경공학,53,공학
56589,과학사회학(STS),40,자연과학
56588,과학의 이해,40,자연과학
57766,과학고전,80,문학
57702,과학사/기술사,40,자연과학
57705,과학사상,40,자연과학
57787,과학전문사전,40,자연과학
57791,동양과학,40,자연과학
57792,정신과학,40,자연과학
57789,현대과학,40,자연과학
56591,과학자의 생애,40,자연과학
56586,기초과학/교양과학,40,자연과학
56611,농업 길잡이/생태농업,40,자연과학
121011,농업일반,40,자연과학
121012,생태농업,40,자연과학
56593,뇌과학,40,자연과학
57796,뇌과학 일반,40,자연과학
57798,두뇌계발,40,자연과학
56599,동물과 식물,40,자연과학
57868,곤충,40,자연과학
57866,꽃과 나무,40,자연과학
57873,동물 일반,40,자연과학
57864,동물도감,40,자연과학
57870,새,40,자연과학
57872,식물 일반,40,자연과학
57862,식물도감,40,자연과학
57871,해양생물,40,자연과학
56600,물리학,42,물리학
57876,고전물리학,42,물리학
57881,물리학 일반,42,물리학
57877,상대성이론,42,물리학
57874,쉽게 배우는 물리학,42,물리학
57878,양자역학,42,물리학
57879,응용물리,42,물리학
57880,전자기학,42,물리학
57875,현대물리학,42,물리학
56610,발명/발견 이야기,40,자연과학
56594,생명과학,40,자연과학
57802,바이오테크놀로지,40,자연과학
57804,생명과학,40,자연과학
57806,생물학,40,자연과학
57807,생태학,40,자연과학
57800,진화론,40,자연과학
56608,세계의 불가사의,40,자연과학
56604,수학,41,수학
57900,수학 일반,41,수학
57896,수학사,41,수학
57898,수학자의 생애,41,수학
57893,쉽게 배우는 수학,41,수학
57895,확률/통계학,31,통계
56597,의학.법의학의 이해,51,의학
57858,법의학,51,의학
57855,의학,51,의학
56596,인체의 이해,40,자연과학
56603,지구과학,40,자연과학
57892,기상학/기후,40,자연과학
57890,지구,40,자연과학
57891,해양과학,40,자연과학
56602,천문학,44,천문학
57884,쉽게 배우는 우주,44,천문학
57886,우주과학,44,천문학
57888,천문학/별자리/역법,44,천문학
56605,화학,43,화학
57903,고분자화학,43,화학
57905,무기화학,43,화학
57906,물리화학,43,화학
57908,분석화학,43,화학
57915,생화학,43,화학
57901,쉽게 배우는 화학,43,화학
57917,유기화학,43,화학
57919,일반화학,43,화학
72509,구텐베르크 원서,-1,매핑불가
72512,다운로드 베스트,-1,매핑불가
38422,대학교재/전문서적,37,교육학
38949,^사이버대학교,37,교육학
41418,세종산업경영대학원,37,교육학
41419,사이버외국어대학교,37,교육학
41420,경희사이버대학교,37,교육학
41421,세종사이버대학교,37,교육학
41422,한양사이버대학교,37,교육학
41423,한국디지털대학교,37,교육학
41424,한국싸이버대학교,37,교육학
41425,서울디지털대학교,37,교육학
41426,열린사이버대학교,37,교육학
41427,서울사이버대학교,37,교육학
41428,한성디지털대학교,37,교육학
41429,원광디지털대학교,37,교육학
41430,대구사이버대학교,37,교육학
41431,부산디지털대학교,37,교육학
41432,국제디지털대학교,37,교육학
46314,호텔관광경영학과,32,경제학
46315,부동산학과,32,경제학
46316,마케팅학과,37,교육학
46317,_대학공통,37,교육학
46318,디지털정보산업학과,37,교육학
46436,일본어학부,73,일본어
46252,교양학부,37,교육학
46253,언론홍보문화콘텐츠학부,37,교육학
46254,영어학부,74,영어
46255,중국어학부,72,동양어
46256,경영학부,32,경제학
46257,한국어학부,71,한국어
45404,미디어문예창작과,37,교육학
45405,호텔경영학과,32,경제학
45406,E-비즈니스학과,37,교육학
45407,멀티미디어디자인학과,37,교육학
45408,자산관리학과,37,교육학
45409,정보통신학과,37,교육학
45410,정보통신학과,37,교육학
45411,세무회계학과,37,교육학
45412,영미학과,37,교육학
45413,일본학과,37,교육학
45414,사회복지학과,45,지학
45415,중국학과,37,교육학
45416,행정학과,35,행정학
45417,글로벌경영학과,32,경제학
45418,NGO학과,37,교육학
45419,관광레저경영학과,32,경제학
45420,벤처농업경영학과,32,경제학
45421,교양,37,교육학
46294,게임3D애니메이션학과,37,교육학
46295,경영학전공,32,경제학
46296,관광경영전공,37,교육학
46297,교양,37,교육학
46298,금융재테크전공,37,교육학
46299,노인복지전공,37,교육학
46300,디지털게임전공,37,교육학
46301,만화애니메이션전공,37,교육학
46302,부동산개발투자전공,32,경제학
46303,부동산경매중개전공,32,경제학
46304,부동산자산경영전공,32,경제학
46305,사회복지행정전공,37,교육학
46306,실용영어학과,74,영어
46307,외식창업경영전공,37,교육학
46308,유비쿼터스시스템전공,37,교육학
46309,정보경영전공,37,교육학
46310,호텔경영전공,37,교육학
46311,U-정보통신전공,37,교육학
46312,아동보육복지전공,37,교육학
46313,상담심리학과,18,심신수련/명상
46380,_교양,37,교육학
46381,컴퓨터공학과,53,공학
46382,정보통신공학과,53,공학
46383,실용영어학과,74,영어
46384,광고홍보학과,37,교육학
46385,사회복지학과,45,지학
46386,관광학과,37,교육학
46387,부동산학과,32,경제학
46388,실버산업학과,37,교육학
46389,경영학과,32,경제학
46390,교육공학과,53,공학
46391,아동학과,37,교육학
46392,디지털디자인학과,37,교육학
46393,공간디자인학과,37,교육학
46394,지적학과,37,교육학
46395,상담심리학과,18,심신수련/명상
46334,디지털미디어디자인학과,37,교육학
46335,디지털정보학과,37,교육학
46336,언론영상학과,37,교육학
46337,디지털경영학과,32,경제학
46338,평생교육학과,37,교육학
46339,문화예술학과,60,예술
46340,사회복지학과,45,지학
46341,실용외국어학과,37,교육학
46342,법학과,36,법학
46343,정보행정학과,35,행정학
46344,청소년학과,37,교육학
46345,부동산경제학과,32,경제학
46346,교양과정,37,교육학
46347,세무회계학과,37,교육학
46348,법학부,36,법학
46349,벤처경영학부,32,경제학
46350,사회복지학부,45,지학
46351,실용영어학부,74,영어
46352,컴퓨터정보통신학부,37,교육학
46353,디지털미디어디자인학부,37,교육학
46354,중국학부,37,교육학
46355,교육학부,37,교육학
46356,교양학부,37,교육학
46357,문예창작학부,37,교육학
46358,부동산학부,32,경제학
46359,소방방재학부,37,교육학
46360,상담학부,37,교육학
46361,아동학부,37,교육학
46362,세무회계학부,37,교육학
46258,_공통과정,37,교육학
46259,경영학부,32,경제학
46260,교육학부,37,교육학
46261,무역학부,32,경제학
46262,부동산학부,32,경제학
46263,문예창작학부,37,교육학
46264,사회복지학부,45,지학
46265,법무행정학부,35,행정학
46266,법무행정학부,35,행정학
46267,상담심리학부,18,심신수련/명상
46268,영어학부,74,영어
46269,일본학부,37,교육학
46270,중국어학부,72,동양어
46271,재경회계학부,37,교육학
46272,엔터테인먼트경영학부,32,경제학
46273,디지털영상학부,37,교육학
46274,멀티미디어학부,37,교육학
46275,컴퓨터공학부,53,공학
46319,사회복지학과,45,지학
46320,경영학과,32,경제학
46321,멀티미디어디자인학과,37,교육학
46322,보석딜러학과,37,교육학
46323,교양,37,교육학
46324,영어문화학과,43,화학
46325,일본엉어문화학과,43,화학
46326,중국언어문화학과,43,화학
46327,법무행정경찰학과,37,교육학
46328,부동산학과,32,경제학
46329,금융자산관리학과,37,교육학
46330,상담심리학과,18,심신수련/명상
46331,컴퓨터정보학과,37,교육학
46332,온라인창업학과,37,교육학
46333,영상연예학과,37,교육학
46276,사회복지학과,45,지학
46277,부동산학과,32,경제학
46278,법무행정학과,35,행정학
46279,경영학과,32,경제학
46280,유아교육학과,37,교육학
46281,금융보험학과,37,교육학
46282,중국통상학과,37,교육학
46283,컴퓨터정보통신,37,교육학
46284,멀티미디어디자인학과,37,교육학
46285,게임애니메이션학과,37,교육학
46286,교양교육과정,37,교육학
46287,노인복지학과,45,지학
46288,상담심리학과,18,심신수련/명상
46289,국제무역물류학과,32,경제학
46290,평생교육원,37,교육학
46291,복지시설경영학과,32,경제학
46292,가족상담,37,교육학
46293,군경상담,37,교육학
46367,멀티미디어과,37,교육학
46368,미용예술학과,60,예술
46369,방송문예학과,37,교육학
46370,사회복지학과,45,지학
46371,사회체육학과,37,교육학
46372,실버산업학과,37,교육학
46373,실용외국어과,37,교육학
46374,아동심리보육학과,37,교육학
46375,연극영화학과,43,화학
46376,태권도학과,37,교육학
46377,평생교육학과,37,교육학
46378,항공관광학과,37,교육학
46379,호텔외식경영학과,32,경제학
46363,경영학과,32,경제학
46364,_교양,37,교육학
46365,디지털아트과,37,교육학
46366,무용학과,37,교육학
46396,요가명상학과,37,교육학
46397,한방건강학과,37,교육학
46398,차문화경영학과,32,경제학
46399,한국복식과학학과,40,자연과학
46400,전통공연예술학과,60,예술
46401,게임학과,37,교육학
46402,사회복지학과,45,지학
46403,약물재활복지학과,45,지학
46404,부동산경영학과,32,경제학
46405,얼굴경영학과,32,경제학
46406,경찰학과,37,교육학
46407,행정학과,35,행정학
46227,특수교육학과,37,교육학
46228,사회복지학과,45,지학
46229,미술치료학과,37,교육학
46230,상담행동치료학과,37,교육학
46231,경영학과,32,경제학
46232,컴퓨터경영학과,32,경제학
46233,경찰행정학과,35,행정학
46234,법무부동산학과,32,경제학
46235,교양학과,37,교육학
46236,언어치료학과,70,언어
46237,복지행정학과,35,행정학
46238,상담심리학과,18,심신수련/명상
46239,행동치료학과,37,교육학
46240,_대학공통,37,교육학
46241,사회복지전공,37,교육학
46242,아동보육전공,37,교육학
46243,복지경영전공,37,교육학
46244,상담심리전공,37,교육학
46245,경영전공,37,교육학
46246,부동산전공,32,경제학
46247,미술치료전공,37,교육학
46248,평생교육전공,37,교육학
46249,인터넷컨텐츠전공,37,교육학
46250,생활디자인전공,37,교육학
46251,교양학부,37,교육학
46218,경영학과,32,경제학
46219,법률행정학과,35,행정학
46220,부동산학과,32,경제학
46221,사회복지학과,45,지학
46222,아동교육상담학과,37,교육학
46223,아동영어교육학과,37,교육학
46224,e-평생교육학과,37,교육학
46225,레저스포츠학과,37,교육학
46226,뷰티디자인학과,37,교육학
38825,경상계열,32,경제학
40983,경영학,32,경제학
40984,경제학,32,경제학
40985,광고/마케팅,32,경제학
40986,무역,32,경제학
41652,부동산,32,경제학
40987,세무/회계,32,경제학
40988,재무/금융,32,경제학
40989,통계,32,경제학
38826,공학계열,53,공학
40974,건축공학,54,건축공학
47087,구조역학,54,건축공학
44859,조경학,14,심리학
44832,건축설계,54,건축공학
44833,건축사/건축일반,54,건축공학
44834,실내건축,54,건축공학
44835,건축시공,54,건축공학
44836,건축설비/재료,54,건축공학
58071,공학일반,53,공학
40972,기계공학,55,기계공학
44826,기초역학,55,기계공학
44827,기계설계/공작,55,기계공학
44828,자동차공학,55,기계공학
44829,메카트로닉스,55,기계공학
44830,자동화,55,기계공학
44831,기계공학 일반,55,기계공학
44860,응용기계,55,기계공학
44848,도시계획/설계,53,공학
44849,환경학,14,심리학
44850,교통공학,53,공학
40976,도시/환경공학,53,공학
41896,산업공학,53,공학
40978,우주/해양/조선 기타공학,53,공학
40973,전기전자공학,99,전기
44861,신호처리/제어,99,전기
44858,반도체공학,99,전기
44812,전기전자 개론,99,전기
44813,네트워크/데이터통신,99,전기
44814,회로이론,99,전기
44815,논리회로/전자회로,99,전기
44816,전자기학,99,전기
44817,마이크로프로세서,99,전기
44818,기초실험,99,전기
44851,전기설비,99,전기
46465,네트워크,53,공학
47068,그래픽/멀티미디어,53,공학
44819,운영체제/소프트웨어 공학,53,공학
44820,자료구조,53,공학
44821,알고리즘,53,공학
44822,데이터베이스 개론,53,공학
44823,전산수학,41,수학
44824,정보통신 공학,53,공학
44825,컴퓨터 구조,53,공학
44852,컴퓨터공학/전산학 개론,53,공학
46444,프로그래밍 언어,70,언어
40971,컴퓨터공학,53,공학
40975,토목공학,53,공학
44837,토목공학 기초,53,공학
44838,토질역학,53,공학
44839,토목설계/시공,53,공학
44840,철근 콘크리트,53,공학
44841,교량/터널,53,공학
40977,화학/금속/재료공학,43,화학
44842,고분자,43,화학
44843,신소재,43,화학
44844,섬유/텍스타일,43,화학
44845,금속재료/재료공학,43,화학
44846,기초실험,43,화학
44847,화학공학 기초,43,화학
38827,농축산생명계열,37,교육학
40941,농림수산학,37,교육학
40940,수의학,51,의학
40939,축산,37,교육학
38828,법학계열,36,법학
40648,각국법,36,법학
40931,국제법,36,법학
40938,기타 법률/법규,36,법학
57075,노동법,36,법학
40928,민법,36,법학
41463,법전,36,법학
40936,법학일반,36,법학
40930,상법/특허법,36,법학
40932,세법,36,법학
40935,소송법,36,법학
40937,저작권법,36,법학
40933,행정법,36,법학
40929,헌법,36,법학
40996,형법,36,법학
38829,사범계열,37,교육학
40960,교과교육론,37,교육학
44807,국어교육 전공,37,교육학
44808,수학교육 전공,41,수학
44809,영어교육 전공,74,영어
44810,사회/역사교육 전공,90,역사
44811,교과교육론/기타 전공,37,교육학
44866,예체능교육 전공,37,교육학
40962,교육공학/수업설계,53,공학
40957,교육과정/교육평가,37,교육학
40958,교육사/교육철학,10,철학
40959,교육사회/심리학,18,심신수련/명상
40956,교육학 일반,37,교육학
40961,교육행정학/경영학,35,행정학
40965,유아교육학,37,교육학
40966,초등교육학,37,교육학
40967,특수교육학,37,교육학
38823,사회과학계열,30,사회과학
40924,광고홍보학,30,사회과학
42050,군사학,30,사회과학
42076,비서학,30,사회과학
40922,사회복지학,45,지학
40918,사회학,30,사회과학
40919,언론정보학,30,사회과학
40923,여성학,30,사회과학
41461,정치외교학,30,사회과학
45470,국제정치학,34,정치학
45471,정치사상,30,사회과학
45472,한국정치학,34,정치학
45473,정치학일반,34,정치학
40917,지리학,98,여행
41462,행정학,35,행정학
38831,생활환경계열,37,교육학
40955,가정학,37,교육학
41670,건강/미용,37,교육학
41449,관광학,37,교육학
40952,소비자아동학,37,교육학
40953,식품영양학/조리,37,교육학
40954,의류학,37,교육학
38830,어문학계열,80,문학
40909,국어국문학,80,문학
44806,작가론,80,문학
44799,국문학사/국문학개론,80,문학
44800,북한어문학론,80,문학
44801,소설론,80,문학
44802,시론,80,문학
44803,희곡론/비평론,80,문학
46856,한문/한자,80,문학
44857,고전문학론,80,문학
40914,기타어문학,80,문학
44855,기타어학,80,문학
44856,기타문학,80,문학
40913,문학일반,80,문학
40910,영어영문학,74,영어
44804,영어학,74,영어
44805,영미작가론,74,영어
44853,기초영어,74,영어
44854,영미문학,80,문학
41464,유럽어문학,80,문학
40911,일어일문학,80,문학
40912,중어중문학,80,문학
74419,한국어교육학,37,교육학
38833,예체능계열,37,교육학
40942,무용,37,교육학
40943,미술/디자인/사진,37,교육학
40946,연극/영화,68,공연예술/연극
40945,음악,67,음악(음반)
40944,체육,37,교육학
38832,의약학간호계열,37,교육학
59001,간호학,37,교육학
60046,가족 간호학,37,교육학
60047,간호 관리학,37,교육학
60048,간호사 국가 시험,37,교육학
60049,간호학 일반,37,교육학
60050,기초 간호학,37,교육학
60051,노인 간호학,37,교육학
60052,보건학,37,교육학
60053,성인 간호학,37,교육학
60054,소아/신생아 간호학,37,교육학
60055,정신 간호학,37,교육학
60056,조산학,37,교육학
60057,지역 간호학,37,교육학
60058,참고도서,37,교육학
59905,기생충학,51,의학
59906,면역학,51,의학
59907,미생물학,51,의학
59908,발생학,51,의학
59909,병리학,51,의학
59910,생리학,51,의학
59911,생명과학,51,의학
59912,생화학,43,화학
59913,세포생물학,51,의학
59914,신경과학,51,의학
59915,약리학,51,의학
59916,유전학,51,의학
59917,의용공학,51,의학
59918,의화학,43,화학
59919,조직학,51,의학
59920,해부학,51,의학
58995,기초의학,51,의학
58996,내과,37,교육학
59921,감염,37,교육학
59922,내과일반,37,교육학
59923,내분비,37,교육학
59924,내시경,37,교육학
59925,류마티스,37,교육학
59926,소화기,37,교육학
59927,순환기,37,교육학
59928,신장병,37,교육학
59929,알레르기면역,37,교육학
59930,종양,37,교육학
59931,혈액,37,교육학
59932,호흡기,37,교육학
59989,간장병,37,교육학
59990,고혈압,37,교육학
59991,난치병,37,교육학
59992,당뇨병,37,교육학
59993,소화기/순환기병,37,교육학
59994,알츠하이머병,37,교육학
59995,암,37,교육학
59996,에이즈,37,교육학
59997,천식,37,교육학
59002,병별,37,교육학
59005,병원/의약품 산업,37,교육학
60015,병원 경영,37,교육학
60016,보험업계,37,교육학
60017,의약품 업계,37,교육학
59998,뇌사/장기 이식,51,의학
59999,말기 치료,51,의학
60000,법의학,51,의학
60001,위생학,51,의학
60002,의료 윤리학,51,의학
60003,의료 정보학,51,의학
60004,의학 분야 법학,36,법학
60005,의학 통계학,31,통계
59003,사회의학,51,의학
59007,시험 대책,37,교육학
60021,간호사 국가 시험,37,교육학
60022,수의 시험,37,교육학
60023,약제사 국가 시험,37,교육학
60024,의사 국가 시험,37,교육학
60018,관리 영양사,37,교육학
60019,식품 과학,40,자연과학
60020,영양 과학,40,자연과학
59006,식품/영양학,37,교육학
59000,약학,37,교육학
59976,기초 약학,37,교육학
59977,병원 약학/조제,37,교육학
59978,생약/한방,37,교육학
59979,약리학,37,교육학
59980,약사법,37,교육학
59981,약제사 국가 시험,37,교육학
59982,약제사전/참고 도서,37,교육학
59983,약제학/제재학,37,교육학
59984,약학 일반,37,교육학
59985,약화학,43,화학
59986,의약품,37,교육학
59987,임상 의학,51,의학
59988,정보 약학,37,교육학
59933,성형외과,37,교육학
59934,수부외과,37,교육학
59935,신경외과,37,교육학
59936,외과,37,교육학
59937,정형외과,37,교육학
59938,흉부외과,37,교육학
58997,외과,37,교육학
59004,의료 관련 과학,40,자연과학
60009,유도 접골학,40,자연과학
60010,의지 장비학,40,자연과학
60011,임상 검사 기술 과학,40,자연과학
60012,임상 공학,53,공학
60013,임상 심리학,18,심신수련/명상
60014,침구 의학,51,의학
60006,보육학,40,자연과학
60007,사회 복지학,45,지학
60008,언어 청각 요법학,36,법학
60038,기타,51,의학
60039,에이즈,51,의학
60040,의료 소송,51,의학
60041,의사,51,의학
60042,의학 입문,51,의학
60043,정신의학,51,의학
60044,종말기 의료,51,의학
60045,투병기,51,의학
59009,의학 일반,51,의학
58998,임상의학,51,의학
59939,가정의학,51,의학
59940,노년의학,51,의학
59941,마취통증과,51,의학
59942,물리치료,51,의학
59943,방사선과,51,의학
59944,비뇨기과,51,의학
59945,산부인과,51,의학
59946,산업의학,51,의학
59947,소아과,51,의학
59948,수술의학,51,의학
59949,스포츠의학,51,의학
59950,신경과,51,의학
59951,신경정신과,51,의학
59952,안과,51,의학
59953,응급의학,51,의학
59954,이비인후과,51,의학
59955,재활의학,51,의학
59956,종합진료학,51,의학
59957,진단검사의학,51,의학
59958,집중치료의학,51,의학
59959,피부과,51,의학
59960,핵의학,51,의학
142659,영상의학과,51,의학
59011,참고도서/백서,37,교육학
59010,축산/수의학,51,의학
58999,치과학,40,자연과학
59961,교정과,40,자연과학
59962,구강내과(진단),40,자연과학
59963,구강악안면외과,40,자연과학
59964,기초 치과학,40,자연과학
59965,병리/생물/생화학/미생물,43,화학
59966,보철과,40,자연과학
59967,소아치과,40,자연과학
59968,예방 치과학,40,자연과학
59969,임상 치과학,40,자연과학
59970,참고도서,40,자연과학
59971,치과 마취 과학,40,자연과학
59972,치과/치기공/치위생 수험서,40,자연과학
59973,치과학 일반,40,자연과학
59974,치기공/치위생과,40,자연과학
59975,치주과,40,자연과학
60025,기초한의학,51,의학
60026,기타,51,의학
60027,방제,51,의학
60028,본초,51,의학
60029,사상의학,51,의학
60030,사전/관련자료,51,의학
60031,상한/금궤/온병,51,의학
60032,역학,51,의학
60033,원전,51,의학
60034,임상,51,의학
60035,재활/물리치료,51,의학
60036,진단,51,의학
60037,침구,51,의학
59008,한의학,51,의학
38822,인문계열,37,교육학
40921,고고학/인류학,37,교육학
40982,문헌정보학,2,
40980,사학,37,교육학
40916,심리학,18,심신수련/명상
40981,언어학,70,언어
41671,인문학 일반,80,문학
41761,종교학,20,종교
40979,철학,10,철학
38824,자연과학계열,40,자연과학
41465,과학일반,40,자연과학
40925,물리학,42,물리학
40926,생물학,40,자연과학
42059,수의학,51,의학
40915,수학,41,수학
40934,지구과학,40,자연과학
40927,천문학,44,천문학
40920,화학,43,화학
41000,환경학,14,심리학
39025,출판사별 보기,37,교육학
42444,_대학출판부,37,교육학
46621,서울대학교출판부,37,교육학
46622,연세대학교출판부,37,교육학
46623,고려대학교출판부,37,교육학
46624,성균관대학교출판부,37,교육학
46625,이화여자대학교,37,교육학
47519,경희대학교출판부,37,교육학
47525,서강대학교출판부,37,교육학
47517,건국대학교출판부,37,교육학
45885,한국외국어대학교출판부,37,교육학
42480,경문북스,37,교육학
42448,교문사,37,교육학
42451,교보문고,37,교육학
41657,교육과학사,40,자연과학
42453,군자출판사,37,교육학
42438,기문당,37,교육학
42435,까치글방,37,교육학
41654,나남출판,37,교육학
42447,대한간호협회,37,교육학
42445,미진사,37,교육학
41658,박영사,37,교육학
109569,방송통신대학교,37,교육학
42440,범한서적,37,교육학
41660,법문사,37,교육학
41662,사이언스북스,37,교육학
41665,사이텍미디어,37,교육학
42441,서광사,37,교육학
41666,성안당,37,교육학
42437,시그마프레스,37,교육학
42449,신광출판사,37,교육학
41659,신영사,37,교육학
42436,양서원,37,교육학
42464,영진닷컴,37,교육학
41663,예경,37,교육학
42443,월인,37,교육학
41656,을유문화사,37,교육학
41655,책세상,37,교육학
41661,청문각,37,교육학
41653,커뮤니케이션북스,37,교육학
41664,태학사,37,교육학
42446,하나의학사,51,의학
42452,학지사,37,교육학
43631,한국문화사,37,교육학
41667,한나래,37,교육학
42442,한울,37,교육학
42450,향문사,37,교육학
42454,Cambridge Univ Press,37,교육학
164327,한국방송통신대학교,37,교육학
165915,교양,37,교육학
164331,교육과학대학,40,자연과학
165916,1학년,37,교육학
165917,2학년,37,교육학
165918,3학년,37,교육학
165919,4학년,37,교육학
165928,1학년,40,자연과학
165929,2학년,40,자연과학
165930,3학년,40,자연과학
165931,4학년,40,자연과학
165924,1학년,40,자연과학
165925,2학년,40,자연과학
165926,3학년,40,자연과학
165927,4학년,40,자연과학
165920,1학년,40,자연과학
165921,2학년,40,자연과학
165922,3학년,40,자연과학
165923,4학년,40,자연과학
164353,교육학과,37,교육학
164354,청소년교육과,40,자연과학
164355,유아교육과,40,자연과학
164356,문화교양학과,40,자연과학
164337,법학과,36,법학
164338,행정학과,35,행정학
164339,경제학과,32,경제학
164340,경영학과,30,사회과학
164341,무역학과,30,사회과학
164342,미디어영상학과,30,사회과학
164343,관광학과,30,사회과학
164344,사회복지학과,45,지학
165952,1학년,36,법학
165953,2학년,36,법학
165954,3학년,36,법학
165955,4학년,36,법학
165963,4학년,35,행정학
165960,1학년,35,행정학
165961,2학년,35,행정학
165962,3학년,35,행정학
165936,1학년,32,경제학
165937,2학년,32,경제학
165938,3학년,32,경제학
165939,4학년,32,경제학
165932,1학년,30,사회과학
165933,2학년,30,사회과학
165934,3학년,30,사회과학
165935,4학년,30,사회과학
165944,1학년,30,사회과학
165945,2학년,30,사회과학
165946,3학년,30,사회과학
165947,4학년,30,사회과학
165948,1학년,30,사회과학
165949,2학년,30,사회과학
165950,3학년,30,사회과학
165951,4학년,30,사회과학
165940,1학년,30,사회과학
165941,2학년,30,사회과학
165942,3학년,30,사회과학
165943,4학년,30,사회과학
165956,1학년,45,지학
165957,2학년,45,지학
165958,3학년,45,지학
165959,4학년,45,지학
164329,사회과학대학,30,사회과학
164332,국어국문학과,80,문학
164333,영어영문학과,74,영어
164334,중어중문학과,80,문학
164335,프랑스언어문화학과,43,화학
164336,일본학과,40,자연과학
164328,인문과학대학,40,자연과학
166012,1학년,80,문학
166013,2학년,80,문학
166014,3학년,80,문학
166015,4학년,80,문학
166008,1학년,74,영어
166009,2학년,74,영어
166010,3학년,74,영어
166011,4학년,74,영어
165968,1학년,80,문학
165969,2학년,80,문학
165970,3학년,80,문학
165971,4학년,80,문학
165964,1학년,43,화학
165965,2학년,43,화학
165966,3학년,43,화학
165967,4학년,43,화학
165972,1학년,40,자연과학
165973,2학년,40,자연과학
165974,3학년,40,자연과학
165975,4학년,40,자연과학
164345,농학과,40,자연과학
164346,생활과학과(가정복지학),45,지학
164347,생활과학과(식품영양학),40,자연과학
164348,생활과학과(의류패션학),40,자연과학
164349,컴퓨터과학과,40,자연과학
164350,정보통계학과,31,통계
164351,보건환경학과,14,심리학
164352,간호학과,40,자연과학
165980,1학년,40,자연과학
165981,2학년,40,자연과학
165982,3학년,40,자연과학
165983,4학년,40,자연과학
165988,1학년,45,지학
165989,2학년,45,지학
165990,3학년,45,지학
165991,4학년,45,지학
165992,1학년,40,자연과학
165993,2학년,40,자연과학
165994,3학년,40,자연과학
165995,4학년,40,자연과학
165996,1학년,40,자연과학
165997,2학년,40,자연과학
165998,3학년,40,자연과학
165999,4학년,40,자연과학
166004,1학년,40,자연과학
166005,2학년,40,자연과학
166006,3학년,40,자연과학
166007,4학년,40,자연과학
166000,1학년,31,통계
166001,2학년,31,통계
166002,3학년,31,통계
166003,4학년,31,통계
165984,1학년,14,심리학
165985,2학년,14,심리학
165986,3학년,14,심리학
165987,4학년,14,심리학
165976,1학년,40,자연과학
165977,2학년,40,자연과학
165978,3학년,40,자연과학
165979,4학년,40,자연과학
164330,자연과학대학,40,자연과학
56548,라이트 노벨,84,영미문학
164318,국내,84,영미문학
164320,국외,84,영미문학
164326,성인,84,영미문학
164325,TL,84,영미문학
56555,로맨스,-1,매핑불가
139443,로맨틱판타지,-1,매핑불가
78628,성인 로맨스소설,-1,매핑불가
139442,시대물,-1,매핑불가
139445,할리퀸,-1,매핑불가
139441,현대물,-1,매핑불가
139482,GL,-1,매핑불가
139444,TL,-1,매핑불가
38416,만화,80,문학
38702,교양만화,80,문학
40523,시사/풍자만화,80,문학
40525,실용만화,80,문학
40524,역사만화,90,역사
40526,인문/교양,80,문학
39573,그래픽노블,80,문학
164322,국내,80,문학
164323,국외,80,문학
38655,동물만화,80,문학
38646,만화그리기와 읽기,80,문학
45586,앤디 라일리,80,문학
45257,이노우에 다케히코,80,문학
45262,마츠모토 토모,80,문학
45623,아카마츠 켄,80,문학
45624,우스타 쿄스케,80,문학
44636,야자와 아이,80,문학
44900,야마시타 카즈미,80,문학
44449,이토 준지,80,문학
44450,하라 히데노리,80,문학
44451,아다치 미츠루,80,문학
44460,미야자키 하야오,80,문학
44470,이마 이치코,80,문학
44429,시미즈 레이코,80,문학
44430,CLAMP(클램프),80,문학
44431,우라사와 나오키,80,문학
44621,데즈카 오사무,80,문학
44639,다카하시 루미코,80,문학
46492,니노미야 토모코,80,문학
45859,다니구치 지로,80,문학
45854,카미조 아츠시,80,문학
45856,우미노 치카,80,문학
45857,아즈마 키요히코,80,문학
44690,사사키 노리코,80,문학
46914,모호로시 다이지로,80,문학
44428,강경옥,80,문학
44454,이빈,80,문학
44446,유시진,80,문학
44447,천계영,80,문학
44448,박희정,80,문학
45260,고우영,80,문학
45437,강풀,80,문학
44908,권교정,80,문학
45858,양영순,80,문학
45620,최규석,80,문학
44945,허영만,80,문학
44958,장차현실,80,문학
44959,박소희,80,문학
46913,조석,80,문학
44687,김혜린,80,문학
38648,본격 장르만화,80,문학
40114,추리/미스터리,80,문학
40411,판타지,80,문학
40261,프로의 세계,80,문학
40331,호러/스릴러,80,문학
40112,SF/가상사회,80,문학
38565,성인/성애만화,80,문학
43759,미완간세트,80,문학
43758,완간세트,80,문학
38647,소년만화,80,문학
40115,무협만화,80,문학
40332,액션만화,80,문학
40113,학원물,80,문학
42871,명탐정,80,문학
42869,미식,80,문학
42868,야구,80,문학
42867,와인/술,80,문학
42870,음악,67,음악(음반)
38650,순정만화,80,문학
40336,레이디스 코믹,80,문학
40337,틴에이지 순정,80,문학
38564,스포츠만화,80,문학
178781,웹툰,80,문학
178783,드라마,80,문학
178785,무협,80,문학
178786,성인,80,문학
178784,소년,80,문학
178782,순정,80,문학
186442,GL,80,문학
38563,인간 드라마,80,문학
38798,인터넷 연재 카툰,80,문학
38562,코믹/명랑만화,80,문학
164324,GL 만화,80,문학
38419,사전/기타,672,음악
39068,2008년 달력/가계부,59,가정학
41818,2008년 가계부,59,가정학
41819,2008년 달력,59,가정학
39200,2009년 달력/가계부,59,가정학
42527,2009년 가계부,59,가정학
42569,2009년 달력,59,가정학
39497,2010년 달력/가계부,59,가정학
43664,2010년 가계부,59,가정학
43663,2010년 달력/다이어리,59,가정학
56750,2011년 달력/가계부,59,가정학
58429,2011년 가계부,59,가정학
58430,2011년 달력/다이어리,59,가정학
74374,2012년 달력/가계부,59,가정학
74473,2012년 가계부,59,가정학
74474,2012년 달력/다이어리,59,가정학
77523,2013년 달력/가계부,59,가정학
77530,2013년 가계부,59,가정학
77529,2013년 달력/다이어리,59,가정학
89066,2014년 달력/가계부,59,가정학
89069,2014년 가계부,59,가정학
89068,2014년 달력/다이어리,59,가정학
112488,2015년 달력/가계부,59,가정학
112489,2015년 가계부,59,가정학
112490,2015년 달력/다이어리,59,가정학
121481,2016년 달력/가계부,59,가정학
121482,2016년 가계부,59,가정학
121483,2016년 달력/다이어리,59,가정학
129772,2017년 달력/가계부,59,가정학
129774,2017년 가계부,59,가정학
129775,2017년 달력/다이어리,59,가정학
138305,2018년 달력/가계부,59,가정학
138306,2018년 가계부,59,가정학
138307,2018년 달력,59,가정학
148678,2019년 달력/가계부,59,가정학
148679,2019년 가계부,59,가정학
148680,2019년 달력/다이어리,59,가정학
167693,2020년 다이어리,672,음악
160510,2020년 달력/가계부,59,가정학
160511,2020년 가계부,59,가정학
160512,2020년 달력/다이어리,59,가정학
174957,2021년 달력,5,
173175,2021년 달력/가계부,59,가정학
173176,2021년 가계부,59,가정학
173177,2021년 달력/다이어리,59,가정학
188423,2022년 가계부,59,가정학
186632,2022년 다이어리,5,
186001,2022년 달력,672,음악
44524,과학/기술(논저),40,자연과학
44525,과학/기술(번역),40,자연과학
44526,문학/인문(논저),80,문학
44527,문학/인문(번역),80,문학
44528,사회과학(논저),30,사회과학
44529,사회과학(번역),30,사회과학
44530,과학/기술(논저),40,자연과학
44531,과학/기술(번역),40,자연과학
44532,문학/인문(논저),80,문학
44533,문학/인문(번역),80,문학
44534,사회과학(논저),30,사회과학
44535,사회과학(번역),30,사회과학
39186,베스트 사전 추천전,672,음악
42495,국어 사전 베스트셀러,672,음악
42481,미취학 아동 사전 베스트셀러,672,음악
42484,영영 사전 베스트셀러,672,음악
42486,옥편 베스트셀러,672,음악
42487,제2외국어 사전 베스트셀러,70,언어
42482,초등학생용 사전 베스트셀러,672,음악
42483,한영/영한 사전 베스트셀러,672,음악
42485,휴대용 사전 베스트셀러,672,음악
38840,어학사전,70,언어
40412,국어사전,70,언어
41027,기타,70,언어
41024,영어사전,74,영어
45836,영영사전,74,영어
44867,영한/한영/합본,74,영어
44868,기타,74,영어
44869,일한/한일/합본,73,일본어
44870,기타,73,일본어
41025,일본어사전,73,일본어
41288,전자사전,70,언어
41026,중국어사전,72,동양어
38842,연감,672,음악
38856,영어로 씌어진 한국서적,74,영어
41067,기타,74,영어
41061,문학,80,문학
41065,문화와 예술,60,예술
41062,어린이,74,영어
41064,여행안내,74,영어
41063,역사,90,역사
41066,한국사회,74,영어
38767,오디오북,672,음악
40775,가정/실용 오디오북,672,음악
40773,경영/자기계발 오디오북,32,경제학
40772,문학 오디오북,80,문학
40774,종교 오디오북,20,종교
39082,오마주 브랜드전,672,음악
38841,전문사전,672,음악
41029,경제전문사전,672,음악
41031,과학기술전문사전,40,자연과학
41028,문학예술전문사전,60,예술
41033,실용전문사전,672,음악
41030,인문사회전문사전,672,음악
41032,종교전문사전,20,종교
39317,책세상문고.고전의세계,80,문학
167575,출판사 제작 상품,672,음악
185007,큰글자책,672,음악
39545,펜글씨 교본,672,음악
43742,기타,672,음악
43740,한글,672,음악
43741,한문,672,음악
38404,사회과학,30,사회과학
56615,계간지/무크,30,사회과학
56584,교육학,37,교육학
57728,교육 일반,37,교육학
57724,교육 커리큘럼,37,교육학
57718,교육에세이,37,교육학
74437,교육자,37,교육학
57720,대안교육,37,교육학
57726,직업교육/사회교육,37,교육학
56614,국방/군사학,30,사회과학
57938,국내외 군사사정,30,사회과학
57941,국방 일반,30,사회과학
57939,군사전략/무기,30,사회과학
74439,군인,30,사회과학
57940,전쟁사,30,사회과학
56590,미래학,30,사회과학
56612,법과 생활,30,사회과학
57930,국제법,30,사회과학
57935,기타법률,30,사회과학
57926,노동관계법,30,사회과학
57922,민법,30,사회과학
57914,법률이야기/법조인이야기,30,사회과학
57925,상법/회사법,30,사회과학
57916,생활법률 일반,30,사회과학
57932,소송법,30,사회과학
57933,저작권법,30,사회과학
57934,특허/의장법,30,사회과학
57928,행정법,30,사회과학
57918,헌법,30,사회과학
57920,형법,30,사회과학
56581,비평/칼럼,30,사회과학
57676,교육비평,30,사회과학
57669,국제사회비평/칼럼,30,사회과학
57674,언론비평,30,사회과학
57672,정치비평/칼럼,30,사회과학
57667,한국사회비평/칼럼,30,사회과학
56582,사회문제,30,사회과학
57693,가정문제,30,사회과학
57685,노동문제,30,사회과학
57695,노인문제,30,사회과학
57691,범죄문제,30,사회과학
57680,빈곤/불평등문제,30,사회과학
57697,사회문제 일반,30,사회과학
57682,성차별/성폭력문제,30,사회과학
57681,인권문제,30,사회과학
57688,청소년문제,30,사회과학
56587,사회사상/사회사상사,30,사회과학
57748,마르크스주의,30,사회과학
59424,고전 마르크스주의,30,사회과학
59425,현대 마르크스주의,30,사회과학
59426,마르크스주의 일반,30,사회과학
57757,민족주의,30,사회과학
57752,민주주의,30,사회과학
57754,사회민주주의,30,사회과학
57761,사회사상/사회사상사 일반,30,사회과학
57756,사회주의/공산주의,30,사회과학
57751,자유주의/신자유주의,30,사회과학
57759,전체주의/국가주의,30,사회과학
56585,사회운동,30,사회과학
57736,노동운동,30,사회과학
57743,사회운동 일반,30,사회과학
74438,사회운동가/혁명가,30,사회과학
57738,시민운동/NGO/NPO,30,사회과학
57741,환경운동,30,사회과학
56601,사회학,30,사회과학
57889,사회과학전문사전,30,사회과학
57885,사회복지,30,사회과학
57887,사회사,30,사회과학
57882,사회학 일반,30,사회과학
57883,현대사회문화론,30,사회과학
56609,언론/미디어,30,사회과학
57912,광고/홍보,30,사회과학
57910,언론인,30,사회과학
57911,언론학/미디어론,30,사회과학
57913,출판/편집,30,사회과학
56606,여성학/젠더,30,사회과학
57907,남성학/남성문제,30,사회과학
57909,동성애/성소수자,30,사회과학
57894,여성문제,30,사회과학
57897,여성문화,30,사회과학
57899,여성인물,30,사회과학
57902,여성정책/법,30,사회과학
57904,여성학이론,30,사회과학
56595,정치학/외교학/행정학,34,정치학
57824,각국정치사정/정치사,34,정치학
59438,미국,34,정치학
59439,일본,34,정치학
59440,중국,34,정치학
59441,러시아,34,정치학
59442,아시아,34,정치학
59443,유럽,34,정치학
59444,세계,34,정치학
57817,선거전략/대통령 만들기,34,정치학
57769,세계패권과 국제질서,34,정치학
57770,외교정책/외교학,34,정치학
57812,정책/행정/조직,34,정치학
57821,정치사상사,34,정치학
57814,정치인,34,정치학
57826,정치학 일반,34,정치학
57819,지방자치,34,정치학
56592,지리학/지정학,98,여행
57767,지리학,98,여행
57768,지정학,98,여행
56613,통일/북한관계서적,30,사회과학
57937,북한학 일반,30,사회과학
57936,통일문제,30,사회과학
56598,한국정치사정/정치사,30,사회과학
57853,김대중정부,30,사회과학
57851,김영삼정부,30,사회과학
57857,노무현정부,30,사회과학
57849,전두환정부/노태우정부,30,사회과학
57844,제1공화국/제2공화국,30,사회과학
57846,제3공화국/제4공화국,30,사회과학
57860,한국정치사정/정치사-일반,30,사회과학
56583,환경/생태관계서적,30,사회과학
57701,환경문제,30,사회과학
57704,환경실태보고,30,사회과학
57708,환경학 일반,14,심리학
38396,소설/시/희곡,80,문학
56551,과학소설,40,자연과학
89504,외국,40,자연과학
89505,한국,40,자연과학
56556,국내문학상 수상작,80,문학
57750,기타문학상,80,문학
57747,김수영문학상,80,문학
57735,동인문학상,80,문학
57746,만해문학상,80,문학
57737,문학동네 수상작,80,문학
57739,세계문학상,80,문학
57745,소월시문학상,80,문학
57744,오늘의 작가상,80,문학
57749,이산문학상,80,문학
57734,이상문학상,80,문학
57742,한겨레문학상,80,문학
57740,현대문학상,80,문학
56543,독일소설,85,독일문학
56730,러시아소설,80,문학
56565,문학 잡지,80,문학
57827,기타,80,문학
57813,문학과사회,80,문학
57811,문학동네,80,문학
58353,문학사상,80,문학
57818,세계의문학,80,문학
57823,시평,80,문학
57815,실천문학,44,천문학
57822,안과밖,80,문학
157698,언유주얼,80,문학
57816,자음과모음,80,문학
57820,작가세계,80,문학
57810,창작과비평,80,문학
57825,판타스틱,80,문학
58354,현대문학,80,문학
56562,문학의 이해,80,문학
57795,문예사조,80,문학
57783,문학전문사전,80,문학
57805,비교문학론,80,문학
57794,비평론,80,문학
57803,세계문학론,80,문학
59454,일본문학론,80,문학
59455,중국문학론,80,문학
59456,영미문학론,80,문학
59457,라틴문학론,80,문학
59458,러시아문학론,80,문학
59459,프랑스문학론,80,문학
59460,독일문학론,80,문학
59461,기타 세계문학론,80,문학
57790,소설론,80,문학
57793,시론,80,문학
57784,우리말사전,80,문학
57797,일반문학론,80,문학
57788,작가론,80,문학
57786,창작.문장작법,80,문학
57801,한국문학론,80,문학
59445,한국문학사,80,문학
59446,한국소설론,80,문학
59447,한국시론,80,문학
59448,한국작가론,80,문학
59449,한국희곡론,80,문학
59450,한국비평론,80,문학
59451,한국고전문학론,80,문학
59452,주제평론,80,문학
59453,북한문학론,80,문학
57799,한글이야기,80,문학
56567,세계의 문학,80,문학
57869,기타세계문학,80,문학
57848,독일문학,80,문학
57856,동유럽문학,80,문학
57850,러시아문학,80,문학
57841,미국문학,80,문학
57859,북유럽문학,80,문학
57845,스페인/중남미문학,80,문학
57852,아일랜드문학,80,문학
57867,아프리카문학,80,문학
57842,영국문학,80,문학
57865,오스트리아문학,80,문학
57854,이탈리아문학,80,문학
57861,인도문학,80,문학
57839,일본문학,80,문학
57840,중국문학,80,문학
57863,중동/터키문학,80,문학
57847,포르투갈문학,80,문학
57843,프랑스문학,80,문학
56546,세계의 소설,80,문학
57663,기타 국가 소설,80,문학
57654,동유럽소설,80,문학
57652,북유럽소설,80,문학
58352,아일랜드소설,80,문학
57657,아프리카소설,93,지리
57649,이탈리아소설,80,문학
57655,중동/터키소설,80,문학
56541,스페인/중남미소설,80,문학
56558,시,80,문학
74436,고전漢詩,80,문학
57774,명시모음집,80,문학
57773,시읽기산책,80,문학
57776,시조집,80,문학
57777,시화집,80,문학
57772,외국시,80,문학
57775,유고시집,80,문학
57771,한국시,80,문학
56559,신춘문예작품집,80,문학
56554,액션/스릴러소설,80,문학
56550,역사소설,90,역사
56540,영미소설,80,문학
56560,우리나라 옛글,80,문학
57779,산문,80,문학
57781,시가,80,문학
56539,일본소설,80,문학
57639,1950년대 이전,80,문학
57640,1950년대 이후,80,문학
56544,중국소설,80,문학
56547,추리/미스터리소설,80,문학
57675,기타국가,80,문학
57670,영미,80,문학
57666,일본,80,문학
57673,한국,80,문학
56566,테마문학,80,문학
57830,가족문학,80,문학
57834,대체역사/가상소설,90,역사
57833,동물이야기,80,문학
57832,드라마 소설,80,문학
57836,사랑/연애/에로티시즘,80,문학
57828,성장문학,80,문학
57835,어른들을 위한 그림책,80,문학
57829,어른들을 위한 동화,80,문학
57837,여성문학,80,문학
57831,영화소설,80,문학
57838,전쟁문학,80,문학
56549,판타지/환상문학,80,문학
57727,외국판타지/환상소설,80,문학
57729,한국판타지/환상소설,80,문학
56542,프랑스소설,80,문학
56538,한국소설,80,문학
57638,2000년대 이전,80,문학
57637,2000년대 이후,80,문학
56557,해외문학상 수상작,80,문학
163016,해외문학상 수상작,80,문학
57763,공쿠르상,80,문학
57765,기타문학상,80,문학
57755,나오키상,80,문학
57753,노벨문학상,80,문학
57764,부커상,80,문학
57758,아쿠타가와상,80,문학
57760,일본 서점대상,80,문학
57762,퓰리처상,80,문학
56552,호러.공포소설,80,문학
56563,희곡,80,문학
57809,외국희곡,80,문학
57808,한국희곡,80,문학
38412,수험서/자격증,37,교육학
39403,경제/금융/회계/물류,32,경제학
43369,감정평가사,32,경제학
47258,감정평가사 1차,32,경제학
47259,감정평가사 2차,32,경제학
59567,기타,32,경제학
47249,ERP 정보관리사,32,경제학
47250,펀드판매사,32,경제학
47251,투자상담관리사,32,경제학
47252,종합자산관리사(IFP),32,경제학
47253,재무위험관리사,32,경제학
47254,신용분석사,32,경제학
47255,기업자금관리사(CTM),32,경제학
47256,재경관리사,32,경제학
47257,가맹사업거래상담사,32,경제학
47635,매경 TEST,32,경제학
47667,변액보험판매관리사,32,경제학
47342,TESAT 경제이해력검증시험,37,교육학
47346,간접투자증권 판매능력 자격시험,37,교육학
43345,경제/경영 기타자격증,32,경제학
43437,공경매사,32,경제학
43368,공인노무사,32,경제학
47260,1차 과목,32,경제학
47261,2차 과목,32,경제학
47262,문제집,37,교육학
43367,공인회계사/세무사,32,경제학
43366,금융투자분석사/증권분석사,32,경제학
43365,무역영어/관세사/국제무역사,74,영어
43364,물류관리사,32,경제학
43363,보험중개(손해사정),32,경제학
43362,"세무회계 1,2,3급(한국세무사회)",32,경제학
57269,신용관리사,32,경제학
43353,외환관리사,32,경제학
43360,유통관리사,32,경제학
43359,은행 FP/은행텔러,32,경제학
47263,은행텔러,32,경제학
47264,자산관리사(은행 FP),32,경제학
43458,전산회계운용사/전산세무,32,경제학
44033,종합자산관리사,32,경제학
43357,증권투자상담사,32,경제학
43356,집합투자자산운용사,32,경제학
43358,투자자산운용사,32,경제학
43744,파생상품투자상담사,32,경제학
43355,펀드투자상담사,32,경제학
43354,"회계관리 1,2급",32,경제학
43352,AFPK/CFP,32,경제학
39398,공무원 수험서,37,교육학
43329,_직군별 교재/문제집,37,교육학
123361,운전직,37,교육학
123362,간호직,37,교육학
123363,계리직,37,교육학
47603,기술직,37,교육학
47201,기능직 10급,37,교육학
47202,전산직,37,교육학
47203,농업/농촌지도직,37,교육학
47204,철도직/공단,37,교육학
47205,세무직/관세직,37,교육학
47206,법원직,37,교육학
47207,사회복지직,37,교육학
47208,기타,37,교육학
47209,시/도 지방직,37,교육학
47210,교육행정직,37,교육학
47211,교정직,37,교육학
47212,군무원/부사관,37,교육학
47213,경찰직,37,교육학
47214,건축직,37,교육학
47524,디자인직,60,예술
74499,행정직,37,교육학
47336,기계직,37,교육학
47337,소방직,37,교육학
47670,검찰직,37,교육학
140226,7/9급 공무원,37,교육학
140227,8급 공무원,37,교육학
140229,보건직,37,교육학
140230,국회직,37,교육학
43328,공무원 면접,37,교육학
140231,면접,37,교육학
58131,공무원 시험 가이드북,37,교육학
77527,과학,40,자연과학
77535,7/9급 기본서 및 부교재,40,자연과학
77536,기출/모의고사,40,자연과학
43325,교육학,37,교육학
47215,교육학개론 및 기본서,37,교육학
47216,기출/모의고사,37,교육학
47217,7/9급 기본서 및 부교재,37,교육학
47218,기출/문제집/모의고사,37,교육학
43320,국어,37,교육학
140228,기능직,37,교육학
43330,기능직 일반직전환,37,교육학
43326,법학,36,법학
47219,헌법,36,법학
47220,세법,36,법학
47221,관세법,36,법학
47222,국제법,36,법학
47223,민법,36,법학
47224,민사소송법,36,법학
47225,형법,36,법학
47226,형사소송법,36,법학
47676,기타법,36,법학
80128,사회,37,교육학
80255,기출/모의고사,37,교육학
80129,7/9급 기본서 및 부교재,37,교육학
77532,7/9급 기본서 및 부교재,41,수학
77533,기출/모의고사,41,수학
77526,수학,41,수학
182895,역량평가,37,교육학
43321,영어,74,영어
47227,7/9급 기본서,74,영어
47228,단어/문법/독해 외,74,영어
47229,기출/문제/모의고사,74,영어
47230,7/9급 교재,90,역사
47231,강의노트/기타,90,역사
47232,기출/문제집/모의고사,37,교육학
43322,한국사,90,역사
43323,행정법,37,교육학
47233,7/9급 교재,37,교육학
47234,기출/문제집/모의고사,37,교육학
47235,조문/판례/법령/기타,36,법학
47236,7/9급 교재,35,행정학
47237,기출/문제집/모의고사,35,행정학
47238,강의노트/기타,35,행정학
43324,행정학,35,행정학
43327,회계학/경제학,32,경제학
47239,경제학,32,경제학
47240,회계학,32,경제학
39401,공인중개사/주택관리사,37,교육학
43338,공인중개사 1차,37,교육학
43339,공인중개사 2차,37,교육학
43340,공인중개사 문제집/모의고사/세트/기타,37,교육학
43341,주택관리사 1차,37,교육학
43342,주택관리사 2차,37,교육학
43343,주택관리사 문제집/모의고사/세트/기타,37,교육학
39402,교원임용시험,37,교육학
43347,교육학,37,교육학
43351,논술/면접/강사직,37,교육학
44056,보건/사서/상담교사,37,교육학
43350,유아교육과정,37,교육학
43348,중등 전공,37,교육학
43349,초등교육과정,37,교육학
43990,특수교육,37,교육학
43731,한국어교육능력검정시험,71,한국어
180674,국가기술자격,37,교육학
187788,가이드북,37,교육학
180677,건설기계 운전,53, 공학
180862,천공기운전기능사,50, 기술과학
180863,천장크레인운전기능사,50, 기술과학
180864,컨테이너크레인운전기능사,50, 기술과학
180865,타워크레인운전기능사,50, 기술과학
180856,굴삭기운전기능사,50, 기술과학
180857,기중기운전기능사,50, 기술과학
180858,로더운전기능사,50, 기술과학
180859,롤러운전기능사,50, 기술과학
180860,불도저운전기능사,50, 기술과학
180861,지게차운전기능사,50, 기술과학
180866,배관기능사,50, 기술과학
180867,배관기능장,50, 기술과학
180678,건설배관,54, 건축공학
180679,건축,54, 건축공학
180868,건축/산업기사 ,54, 건축공학
180869,건축구조기술사,54, 건축공학
180870,건축기계설비기술사,54, 건축공학
180871,건축설비/산업기사,54, 건축공학
180872,건축시공기술사,54, 건축공학
180873,실내건축기능사,54, 건축공학
180874,실내건축/산업기사,54, 건축공학
180875,전산응용건축제도기능사,54, 건축공학
180876,건축 기타,54, 건축공학
182405,"비서(1,2,3급)",37,교육학
180877,사회조사분석사,37,교육학
180878,컨벤션기획사,37,교육학
180879,소비자전문상담사,37,교육학
180680,경영,32, 경제학
180681,금속.재료,55, 기계공학
180880,금속재료기능,55, 기계공학
180881,압연기능,55, 기계공학
180882,열처리기능,55, 기계공학
180883,제강기능,55, 기계공학
180884,제선기능,55, 기계공학
180885,금형기능사,55, 기계공학
180886,사출금형,55, 기계공학
180887,프레스금형,55, 기계공학
180682,금형.공작기계,55, 기계공학
180683,기계장비 설비.설치,55, 기계공학
180888,건설기계,55, 기계공학
180889,건설기계정비,55, 기계공학
180890,공조냉동기계,55, 기계공학
180891,기계정비,55, 기계공학
180892,농기계,55, 기계공학
180893,생산자동화,55, 기계공학
180894,승강기,55, 기계공학
180895,설비보전,55, 기계공학
180896,기계장비 기타,55, 기계공학
180897,공유압기능사,55, 기계공학
180898,기계가공,55, 기계공학
180899,기계설계/산업기사,55, 기계공학
180900,기계조립산업기사,55, 기계공학
180901,전산응용기계제도기능사,55, 기계공학
180902,정밀측정,55, 기계공학
180903,컴퓨터응용,53,공학
185117,일반기계,55, 기계공학
180684,기계제작,55, 기계공학
180685,농업,52, 농업
180904,원예기능사,52, 농업
180905,유기농업기사,52, 농업
180906,종자기사,52, 농업
180907,화훼장식기능사,52, 농업
180908,원형기능사,52, 농업
180909,주조기능사,58, 제조업
180910,주조기능장,58, 제조업
180686,단조.주조,58, 제조업
180687,도시.교통,54, 건축공학
180911,교통기사,37,교육학
180912,도시계획,37,교육학
180913,표면처리기능사,37,교육학
180688,도장.도금,58, 제조업
180689,디자인,60,예술
180914,시각디자인/산업기사,60,예술
180915,웹디자인기능사,60,예술
180916,제품디자인/산업기사,60,예술
180917,컬러리스트/산업기사,60,예술
180918,컴퓨터그래픽스운용기능사,53,공학
180919,제품응용모델링기능사,60,예술
180920,가구제작/목공예기능사,63, 공예
180921,보석감정/귀금속가공,63, 공예
180690,목재.가구.공예,63, 공예
180691,보건.의료,51, 의학
180922,국제의료관광코디네이터,51, 의학
180923,임상심리사,51, 의학
180924,방사선비파괴검사,51, 의학
180925,자기비파괴검사,51, 의학
180926,초음파비파괴검사,51, 의학
180927,침투비파괴검사,51, 의학
180692,비파괴검사,51, 의학
180725,빅데이터,53, 공학
181020,빅데이터분석기사,37,교육학
180693,사회복지.종교,20,종교
180928,직업상담사,20,종교
180929,공장관리기술사,37,교육학
180930,품질경영/산업기사,37,교육학
180694,생산관리,37,교육학
180695,섬유,37,교육학
180931,의류/패션디자인산업기사,60,예술
180932,스포츠경영관리사,32, 경제학
180696,스포츠,69, 오락/운동
180697,식품,58, 제조업
180933,식품/산업기사,58, 제조업
180934,식품 기타,58, 제조업
183007,소방기술사,37,교육학
180935,가스기사,53, 공학/공업일반
180936,건설안전,54, 건축공학
180937,기계안전기술사,55, 기계공학
180938,농작업안전보건기사,37,교육학
180939,방재기사,37,교육학
180940,산업안전/산업기사,37,교육학
180941,산업위생관리,37,교육학
180942,소방설비기사,56, 전기공학/전자공학
180943,인간공학기사,53,공학
180944,전기안전기술사,56, 전기공학/전자공학
180945,화공안전기술사,56, 전기공학/전자공학
180946,화재감식평가/산업기사,56, 전기공학/전자공학
180698,안전관리,53, 공학/공업일반
180699,어업,52, 농업/농학
180947,수산양식/산업기사,52, 농업/농학
180948,기상/감정기사,37,교육학
180949,신재생에너지발전설비,57, 화학공학
180950,에너지관리,57, 화학공학
180700,에너지.기상,57, 화학공학
180701,영업.판매,37,교육학
180951,텔레마케팅관리사,37,교육학
180952,용접/산업기사,50, 기술과학
180953,용접기능장,50, 기술과학
180954,특수/용접기능사,50, 기술과학
180955,용접기술사,50, 기술과학
180702,용접,50, 기술과학
180703,운전.운송,37,교육학
180956,농기계운전기능사,52, 농업/농학
180957,철도운송산업기사,53, 공학/공업일반
180958,위험물기능사,57, 화학공학
180959,위험물기능장,57, 화학공학
180704,위험물,57, 화학공학
180705,의복,58, 제조업
180960,세탁기능사,58, 제조업
180961,양장기능사,58, 제조업
180962,패션디자인산업기사,58, 제조업
180963,기타 의복,58, 제조업
187407,문신사(반영구화장사),60, 예술
180964,미용사,37,교육학
180965,이용사,37,교육학
180706,이용.미용,37,교육학
180707,인쇄.사진,37,교육학
180966,사진기능사,37,교육학
180967,버섯산업/종균,37,교육학
180968,산림기사,37,교육학
180969,식물보호기사,37,교육학
180708,임업,37,교육학
180970,자동차정비,37,교육학
180971,자동차 기타,37,교육학
180709,자동차,37,교육학
180710,전기,99,전기
185474,전기응용기술사,99,전기
180972,건축전기설비기술사,99,전기
180973,발송배전기술사,99,전기
180974,전기공사,99,전기
180975,전기철도/신호기사,99,전기
181357,전기기사/산업기사,99,전기
183106,반도체장비유지보수기능사,37,교육학
180976,전자/캐드기사,37,교육학
180977,3D프린터개발,37,교육학
180978,반도체설계기사,37,교육학
180979,의공/의료전자기사,37,교육학
180980,전자계산기,37,교육학
180981,광학기기산업기사,37,교육학
180711,전자,37,교육학
180724,전자상거래,37,교육학
181018,전자상거래관리사,37,교육학
181019,전자상거래운용사,37,교육학
180982,사무자동화산업기사,37,교육학
180983,정보처리/관리,37,교육학
180984,정보기기운용기능사,37,교육학
180985,컴퓨터시스템응용기술사,53,공학
180712,정보기술,37,교육학
180713,제과.제빵,37,교육학
180986,떡제조기능사,37,교육학
180987,제과/제빵기능사,37,교육학
181021,조경기능사,37,교육학
181022,조경/산업기사,37,교육학
181023,조경기술사,37,교육학
180714,조경,37,교육학
180715,조리,37,교육학
180988,양식조리기능사,37,교육학
180989,일식/복어조리기능사,37,교육학
180990,중식조리기능사,37,교육학
180991,한식조리기능사,37,교육학
180992,조주기능사,37,교육학
180993,화약류관리기사,37,교육학
180716,채광,37,교육학
180717,축산,37,교육학
180994,축산/산업기사,37,교육학
180995,건설재료시험,37,교육학
180996,도로및공항기술사,37,교육학
180997,상하수도기술사,37,교육학
180998,전산응용토목제도기능사,37,교육학
180999,지적기능사,37,교육학
181000,콘크리트/산업기사,37,교육학
181001,토목기사,37,교육학
181002,측량기능사,37,교육학
181003,토목 기타,37,교육학
181905,측량및지형공간정보,37,교육학
180718,토목,37,교육학
180719,판금.제관.새시,37,교육학
181004,플라스틱창호기능사,37,교육학
181005,항공산업기사,37,교육학
181006,항공정비기능사,37,교육학
180720,항공,37,교육학
180721,화공,37,교육학
181007,바이오화학제품제조기사,43,화학
181008,화공기사,37,교육학
181009,화학분석,43,화학
181010,대기관리,37,교육학
181011,수질관리,37,교육학
181012,온실가스관리,37,교육학
181013,환경기능사,37,교육학
181014,자연생태복원기사,37,교육학
181015,폐기물처리/산업기사,37,교육학
181016,소음.진동기사,37,교육학
186850,생물분류기사,37,교육학
180722,환경,37,교육학
180723,회계,32,경제학
181017,전산회계운용사,32,경제학
180675,국가전문자격,37,교육학
180726,가맹거래사,37,교육학
180727,가축인공수정사,37,교육학
180728,간호/조무사,37,교육학
180729,감정평가사,37,교육학
180730,건강운동관리사,69,오락/스포츠
180731,건축물에너지평가사,37,교육학
180732,건축사,37,교육학
181803,검수사,37,교육학
180733,경비지도사,37,교육학
180734,경영지도사,37,교육학
180735,공경매사,37,교육학
180736,공인노무사,37,교육학
180737,공인회계사,32,경제학
180738,관광통역안내사,37,교육학
180739,관세사,37,교육학
180740,교통안전관리자,37,교육학
180741,국내여행안내사,37,교육학
180742,기관사,37,교육학
180743,기술지도/행정사,37,교육학
180744,기업재난관리사,37,교육학
180745,나무의사,37,교육학
180746,농산물품질관리사,37,교육학
180747,동력수상레저기구조종면허,37,교육학
188622,동물보건사,37,교육학
181680,맞춤형화장품조제관리사,37,교육학
180748,문화재수리기술자,37,교육학
180749,물류관리사,37,교육학
180750,물리치료사,37,교육학
180751,방사선사,37,교육학
180752,버스운전자,37,교육학
180753,법무사,37,교육학
180754,변리사,37,교육학
180755,보건의료정보관리사,37,교육학
180756,보세사,37,교육학
180757,보조공학사,53,공학
180758,보험사,37,교육학
180759,사회복지사,37,교육학
180760,산림치유지도사,37,교육학
180761,산업보건지도사,37,교육학
180762,산업안전지도사,37,교육학
180763,세무사,37,교육학
180764,소방시설관리사,37,교육학
180765,소방안전관리자,37,교육학
180766,소방안전교육사,37,교육학
180767,소형선박조종사,37,교육학
180768,손해사정사,37,교육학
180769,손해평가사,37,교육학
180770,수면비행선박조종사,37,교육학
184127,수산물산지경매사,37,교육학
180771,수산물품질관리사,37,교육학
182301,수산부류경매사,37,교육학
180772,스포츠지도사,37,교육학
180773,안경사,37,교육학
180774,언어재활사,70,언어
180775,영양사,37,교육학
180776,요양보호사,37,교육학
180777,운송용조종사,37,교육학
180778,운항사,37,교육학
180779,위생사,37,교육학
180780,유통관리사,37,교육학
180781,응급구조사,37,교육학
184690,의료기기RA전문가,37,교육학
182512,의사,37,교육학
180782,임상병리사,37,교육학
180783,자가용조종사,37,교육학
180784,자동차운전면허,37,교육학
180785,작업치료사,37,교육학
180786,장애인재활상담사,37,교육학
180787,전문상담교사,37,교육학
180788,정수시설운영관리사,37,교육학
180789,정신건강,37,교육학
180790,주택관리사보,37,교육학
180791,철도차량운전면허,37,교육학
180792,청소년상담/지도사,37,교육학
180794,초경량비행장치조종자,37,교육학
180793,치과위생/기공사,37,교육학
180795,택시운전자격,37,교육학
180796,평생교육사,37,교육학
180797,학예사,37,교육학
180798,한국어교육능력검정시험,71,한국어
180799,항공교통,37,교육학
180800,항해사,37,교육학
180801,행정사,37,교육학
180802,호텔경영사,37,교육학
180803,화물운송종사자,37,교육학
180804,환경영향평가사,37,교육학
180805,환경측정분석사,37,교육학
182300,귀화시험,37,교육학
39409,기타 수험서/자격증,37,교육학
43435,경비지도사,37,교육학
87887,공인행정사,37,교육학
43453,관광통역안내사,37,교육학
43451,귀화시험,37,교육학
129556,기술행정사,37,교육학
43460,도로교통사고감정사,37,교육학
43445,비서 자격증,37,교육학
43436,빌딩경영관리사,37,교육학
43457,사진기능사,37,교육학
43459,샵 마스터,37,교육학
43461,수렵면허,37,교육학
43454,수자원개발기술사,37,교육학
43462,옥외광고사,37,교육학
43443,와인 소믈리에,37,교육학
43463,자격증 기타,37,교육학
43447,장례지도사,37,교육학
74423,치과 건강보험 청구사,37,교육학
43444,컨벤션 기획사,37,교육학
43448,택시운전자격시험,37,교육학
43455,패션 샵매니저,37,교육학
57065,푸드코디네이터,37,교육학
43456,한국실용글쓰기검정시험,37,교육학
43986,한식메뉴개발사,37,교육학
43446,PMP 시험,37,교육학
43441,RFID 관리사,37,교육학
180676,민간자격,37,교육학
181805,건강보험청구관리사,37,교육학
180819,경제이해력검증시험(TESAT),37,교육학
188280,공인원가분석사,37,교육학
180820,국어능력인증시험,37,교육학
184973,국제무역사,90,역사
180821,그래픽기술자격(GTQ),37,교육학
184203,금융투자분석사,37,교육학
180822,기계설계제도사,37,교육학
182337,기술신용평가사,37,교육학
180823,네트워크관리사,37,교육학
185116,농어촌개발컨설턴트,37,교육학
180824,데이터분석,37,교육학
180825,데이터아키텍처(DAP),37,교육학
180826,도로교통사고감정사,37,교육학
187140,동물매개심리상담사,37,교육학
180827,디지털정보활용능력(DIAT),37,교육학
180828,매경TEST,37,교육학
180829,무역영어,74,영어
180830,문서실무사,37,교육학
181682,반려견스타일리스트,37,교육학
188818,반려동물수제간식전문가,37,교육학
182246,베이비시터,37,교육학
180831,병원행정사,37,교육학
188095,산림경영지도원,37,교육학
184204,상담심리사,37,교육학
188279,새분류,37,교육학
180832,샵마스터,37,교육학
183050,서비스 전문강사(CPSI),37,교육학
183407,서비스경영자격(SMAT),37,교육학
180833,세무회계,32,경제학
180834,신용관리사,37,교육학
180835,신용분석사(CCA),37,교육학
187406,신용상담사,37,교육학
180836,실용한자,37,교육학
180837,여신심사역(CLO),37,교육학
180838,외환전문역(CFES),37,교육학
184834,원산지관리사,37,교육학
182245,은행텔러,37,교육학
183221,음향전문사,37,교육학
180839,인터넷정보관리사,37,교육학
180840,자동차진단평가사,37,교육학
180841,자산관리사(FP),37,교육학
180842,재경관리사(CAM),37,교육학
184833,재무위험관리사,32,경제학
180843,전산세무회계,32,경제학
180844,정보기술자격(ITQ),53,공학
180845,정보기술프로젝트관리전문가(IT-PMP),53,공학
180846,정보보호전문가(SIS),37,교육학
180847,정보시스템감리사,37,교육학
180848,종이접기마스터,37,교육학
181391,증권투자권유자문인력/증권투자권유대행인,37,교육학
180849,지식재산능력시험,37,교육학
184691,창업보육전문매니저,32,경제학
181904,커피 바리스타,37,교육학
180850,컴퓨터운용사,53,공학
182896,탐정사,37,교육학
181681,투자자산운용사,37,교육학
181804,파생상품투자권유자문인력,37,교육학
180851,패션스타일리스트,37,교육학
181390,펀드투자권유대행인/펀드투자권유자문인력,37,교육학
180852,한국실용글쓰기검정,37,교육학
180853,한자.한문지도사,37,교육학
180854,행정관리사,37,교육학
180855,회계관리,32,경제학
183707,AFPK/CFP,37,교육학
180806,"AT자격시험(FAT,TAT)",37,교육학
188278,BIM 운용전문가,37,교육학
180807,CS Leaders(관리사),37,교육학
180808,ERP물류정보관리사,37,교육학
180809,ERP생산정보관리사,37,교육학
180810,ERP인사정보관리사,37,교육학
180811,ERP회계정보관리사,32,경제학
180812,E-TEST Professionals,37,교육학
180813,FLEX (한국외대),37,교육학
181456,GMP/밸리데이션기술인,37,교육학
182170,IFRS관리사,37,교육학
180814,KBS한국어능력시험,71,한국어
180815,"RFID기술자격검정(RFID-GL, RFID-SL)",37,교육학
180816,SQL,37,교육학
180817,TEPS영어능력검정,74,영어
180818,YBM商務漢檢,37,교육학
39404,법/인문/사회/고시,37,교육학
57563,고시 가이드북,37,교육학
43370,기시(기술고시),37,교육학
43371,법무사,37,교육학
157820,변호사시험,37,교육학
157821,국제법,37,교육학
157822,국제거래법,37,교육학
157823,조세법,37,교육학
157824,지적재산권법,37,교육학
157825,경제법,37,교육학
157826,환경법,37,교육학
43346,사법고시,37,교육학
59882,노동법,37,교육학
47265,헌법,37,교육학
47266,형법,37,교육학
47267,1차선택,37,교육학
47268,민사소송법,37,교육학
47269,상법,37,교육학
47270,행정법,37,교육학
47271,형사소송법,37,교육학
47248,민법,37,교육학
47345,기본삼법,37,교육학
43372,사회조사분석사,37,교육학
43373,수험법전,37,교육학
57539,외무고시,37,교육학
43374,정책분석평가사,37,교육학
39405,보건/위생/의학,51,의학
43375,간호사,51,의학
43452,기타,51,의학
43449,노인/요양,51,의학
43450,보건직/의료관계법규,51,의학
43376,영양사,51,의학
43377,위생사,51,의학
43378,응급구조사,51,의학
43379,의료기사/물리치료사,51,의학
43380,의사,51,의학
43381,Meet&Deet,51,의학
43988,PEET,51,의학
39406,산업인력관리공단,37,교육학
43382,건축분야,37,교육학
47273,건축구조기술사,37,교육학
47274,건축기계설비기술사,37,교육학
47275,건축기사/산업기사,37,교육학
47276,건축도장기능사,37,교육학
47277,건축설계,37,교육학
47278,건축설비기사/산업기사,37,교육학
47279,건축시공기술사,37,교육학
47280,도배기능사,37,교육학
47281,실내건축,37,교육학
47282,전산응용건축제도,37,교육학
47283,건축분야 기타,37,교육학
47338,건축사,37,교육학
43383,공예분야,37,교육학
43384,공인노무사,37,교육학
47284,1차 과목,37,교육학
47285,2차 과목,37,교육학
47286,기타 문제집,37,교육학
43385,광업분야,37,교육학
43386,교통분야,37,교육학
43387,국토개발분야,37,교육학
47287,도시계획,37,교육학
47288,조경,37,교육학
47289,지적,37,교육학
47290,지질및지반기술사,37,교육학
47474,산림,37,교육학
43388,금속분야,37,교육학
43389,기계분야,37,교육학
47291,건설기계,37,교육학
47292,공조냉동기계,37,교육학
47293,"굴착,성토,정지용",37,교육학
47294,금형,37,교육학
47295,기계설계,37,교육학
47296,기계제작,37,교육학
47297,보일러,37,교육학
47298,용접,37,교육학
47299,일반기계,37,교육학
47658,생산자동화,37,교육학
47343,배관,37,교육학
47340,중장비 운전기능사,99,전기
47341,전산응용기계제도기능사,37,교육학
47675,승강기기능사,37,교육학
43390,기술사/법규/시방서,37,교육학
43391,농림분야,37,교육학
47520,농산물품질관리사,37,교육학
47347,화훼장식기능사,37,교육학
47673,버섯종균기능사,37,교육학
43392,물류관리사,37,교육학
43393,변리사,37,교육학
43394,사회복지사,37,교육학
43395,산업디자인분야,60,예술
43396,산업응용분야,37,교육학
47656,품질관리,37,교육학
47348,품질경영,37,교육학
47668,컴퓨터응용 선반/밀링,53,공학
43397,섬유분야,37,교육학
43398,안전관리분야,37,교육학
47300,가스,37,교육학
47301,건설안전,37,교육학
47302,산업안전,37,교육학
47303,산업위생관리,37,교육학
47304,소방설비,37,교육학
47305,인간공학,53,공학
47666,소방기술,37,교육학
47671,위험물,37,교육학
43399,에너지분야,37,교육학
43400,"위생분야(이용,미용)",37,교육학
47272,피부미용사,37,교육학
47672,미용사,37,교육학
43401,음식료품 분야,37,교육학
74421,의료분야,37,교육학
43402,자동차분야,37,교육학
43403,전기분야,99,전기
47306,건축전기설비/발송배전,99,전기
47307,전기,99,전기
47308,전기공사,99,전기
47309,전기기기,99,전기
47310,전기응용,99,전기
47311,전기철도/철도신호,99,전기
47312,사회조사,37,교육학
47313,소비자전문상담,37,교육학
47623,청소년상담사,37,교육학
47314,스포츠경영,37,교육학
47315,직업상담사,37,교육학
47316,텔레마케팅,37,교육학
43404,전문사무분야,37,교육학
43405,전자분야,37,교육학
47661,전자기기,37,교육학
47662,의공,37,교육학
47663,의료전자,37,교육학
47317,전자,37,교육학
47318,전자계산기,37,교육학
47659,전산응용 토목제도,37,교육학
47319,건설재료시험,37,교육학
47320,측량및지형공간정보,37,교육학
47321,콘크리트,37,교육학
47322,토목,37,교육학
47323,토목 기타,37,교육학
43406,토목분야,37,교육학
43407,통신분야,37,교육학
47324,무선통신,37,교육학
47325,통신선로,37,교육학
43408,항공분야,37,교육학
43409,해양분야,37,교육학
43410,화공및세라믹 분야,37,교육학
43411,환경분야,37,교육학
47326,대기환경,37,교육학
47327,소음진동,37,교육학
47328,수질환경,37,교육학
47329,자연환경,37,교육학
47330,폐기물처리,37,교육학
47349,토양환경,37,교육학
39413,운전면허,37,교육학
43361,운전면허(화물운송),37,교육학
39407,취업/상식/적성/검정,32,경제학
43412,공사 공단 수험서,32,경제학
59571,기타,32,경제학
142147,한국전력공사,32,경제학
142148,한국철도공사,32,경제학
142149,한국토지주택공사,32,경제학
142150,서울교통공사,32,경제학
142151,한국도로공사,32,경제학
142152,근로복지공단,32,경제학
142153,한국농어촌공사,32,경제학
142154,한국수자원공사,32,경제학
142155,한국가스공사,32,경제학
142156,인천국제공항공사,32,경제학
142157,한국공항공사,32,경제학
142158,한국자산관리공사,32,경제학
142159,한국관광공사,32,경제학
142160,국민연금공단,32,경제학
142161,한국수력원자력,32,경제학
142162,건강보험심사평가원,32,경제학
74503,농협 NHAT,32,경제학
84950,기타,32,경제학
84951,대한항공 KALSAT,32,경제학
84952,두산 DCAT,32,경제학
84953,은행/금융/언론사,32,경제학
84954,이랜드,32,경제학
84955,한화 HAT,32,경제학
84956,현대기아자동차 HKAT,32,경제학
84957,CJ,32,경제학
84958,KT,32,경제학
84959,LG RPST,32,경제학
84960,SK,32,경제학
84961,STX SCCT,32,경제학
120734,NCS,32,경제학
43413,기업 적성검사,32,경제학
74422,월간 이슈&상식,32,경제학
44035,취업 상식,32,경제학
57560,취업 정보,32,경제학
43414,취업/면접/상식,32,경제학
44034,취업면접,32,경제학
43639,한자능력검정시험,37,교육학
39516,컴퓨터,53,공학
43688,사무자동화,53,공학
43689,신규 자격증/자격증 기타,53,공학
43690,워드프로세서,53,공학
47535,워드프로세서 실기,53,공학
47536,워드프로세서 필기,53,공학
43691,웹디자인 기능사,60,예술
43692,인터넷정보관리사,53,공학
43693,전자상거래,53,공학
43694,정보기기/정보통신,53,공학
44027,정보처리,53,공학
59415,정보처리기술사,53,공학
47532,정보처리기능사,53,공학
47533,정보처리기사,53,공학
47534,정보처리산업기사,53,공학
43695,컬러리스트,53,공학
43696,컴퓨터그래픽스,53,공학
43697,컴퓨터활용능력,53,공학
47537,컴퓨터활용능력 실기,53,공학
47538,컴퓨터활용능력 필기,53,공학
43698,CCNA/CCNP,53,공학
90045,DIAT,53,공학
43783,GTQ,53,공학
43699,ITQ,53,공학
43700,MCP/MCSE,53,공학
43701,MOS/MCAS,53,공학
43702,Oracle OCA/OCP,53,공학
43703,SCJP,53,공학
39408,편입/검정고시/독학사,37,교육학
43419,고입검정,37,교육학
43420,고졸/대입검정,37,교육학
43417,대학편입,37,교육학
43418,독학사,37,교육학
59572,기타,37,교육학
59421,간호학과,37,교육학
47331,경영학과,32,경제학
47332,교양공통,37,교육학
47333,국어국문학과,80,문학
47334,법학과,36,법학
47335,영어영문학과,74,영어
43434,중입검정,37,교육학
56401,한국어/한자/한국사,71,한국어
43638,상공회의소 한자시험,71,한국어
43415,한국사능력검정시험,71,한국어
74500,고급(1.2급),71,한국어
74501,중급(3.4급),71,한국어
74502,초급(5.6급),71,한국어
43416,한국어능력검정시험,71,한국어
57141,한자능력검정시험,71,한국어
43640,한자자격시험,71,한국어
85552,한중일한자시험(TOCK),71,한국어
118000,한자시험,37,교육학
39410,LEET:법학적성시험,36,법학
43424,기출/모의고사,36,법학
43423,논술,36,법학
43425,로스쿨 기타,36,법학
43421,언어이해,70,언어
43422,추리논증,36,법학
39411,MEET&DEET,37,교육학
43439,문제집,37,교육학
43427,생물(자연과학추론1),40,자연과학
43426,언어추론/공간추론,70,언어
43428,"자연과학추론2 (화학,물리,통계)",40,자연과학
39412,PSAT (행시/외시),37,교육학
43432,기출/모의고사,37,교육학
43431,상황판단,37,교육학
43429,언어논리,70,언어
43430,자료해석,37,교육학
158585,알라딘오디오북,-1,매핑불가
167553,"100인의 배우, 우리 문학을 읽다",80,문학
175974,가정/건강,-1,매핑불가
167547,경제경영,32,경제학
176194,과학/예술,60,예술
167549,사회과학,30,사회과학
167542,소설/시/희곡,80,문학
167546,세계의 소설,80,문학
176195,시,80,문학
167545,영미소설,80,문학
167544,한국소설 (2000년대 이전),80,문학
167543,한국소설 (2000년대 이후),80,문학
167552,어린이,37,교육학
167550,에세이,80,문학
176193,역사,90,역사
168610,요약본 오디오북,-1,매핑불가
167548,인문학,80,문학
176191,자기계발,32,경제학
167551,종교/역학,20,종교
176192,좋은부모,37,교육학
176076,청소년,37,교육학
167554,커뮤니케이션이해총서,-1,매핑불가
182332,판타지/무협,-1,매핑불가
167555,한국동화문학선집,80,문학
38406,어린이,37,교육학
139409,게임 만화/캐릭터도감,80,문학
56419,과학/수학,41,수학
57207,과학 일반,41,수학
57208,과학자,41,수학
57209,생물과 생명,41,수학
57335,우리 몸,41,수학
57210,지구와 우주,41,수학
57211,초등 수학,41,수학
128261,컴퓨터와 코딩,41,수학
57212,환경 이야기,41,수학
56417,교과서 수록도서,37,교육학
57195,1학년,37,교육학
80338,1학년 1학기 국어 1-가,37,교육학
80339,1학년 1학기 국어 1-나,37,교육학
80340,1학년 1학기 활동1-가,37,교육학
80341,1학년 1학기 활동1-나,37,교육학
132651,2학기(2013~2016학년도),37,교육학
132649,1학기(2013~2016학년도),37,교육학
88691,1학년 2학기 국어 2-가,37,교육학
88692,1학년 2학기 국어 2-나,37,교육학
88693,1학년 2학기 국어 활동 2-가,37,교육학
88694,1학년 2학기 국어 활동 2-나,37,교육학
88799,1학년 1학기 통합 1~2학년군 가족1,37,교육학
88800,1학년 1학기 통합 1~2학년군 나1,37,교육학
88801,1학년 1학기 통합 1~2학년군 봄1,37,교육학
88802,1학년 1학기 통합 1~2학년군 여름1,37,교육학
88803,1학년 2학기 통합 1~2학년군 가을1,37,교육학
88804,1학년 2학기 통합 1~2학년군 겨울1,37,교육학
88805,1학년 2학기 통합 1~2학년군 이웃1,37,교육학
88806,1학년 2학기 통합 1~2학년군 우리나라1,37,교육학
132525,1학기,37,교육학
132526,2학기(2017년 하반기 목록 공개 예정),37,교육학
132758,통합 우리나라1,37,교육학
132759,통합 이웃1,37,교육학
132752,국어 가,37,교육학
132753,국어 나,37,교육학
132754,국어활동 가,37,교육학
132755,국어활동 나,37,교육학
132756,통합 가을1,37,교육학
132757,통합 겨울1,37,교육학
132530,국어 가,37,교육학
132531,국어 나,37,교육학
132532,국어 활동,37,교육학
137460,국어 가,37,교육학
137461,국어 나,37,교육학
137462,국어 활동,37,교육학
132744,국어 가,37,교육학
132745,국어 나,37,교육학
132746,국어활동 가,37,교육학
132747,국어활동 나,37,교육학
132748,통합 가족1,37,교육학
132749,통합 봄1,37,교육학
132750,통합 여름1,37,교육학
132751,통합 학교1,37,교육학
132760,국어 가,37,교육학
132761,국어 나,37,교육학
132762,국어활동 가,37,교육학
132763,국어활동 나,37,교육학
132764,통합 가족2,37,교육학
132765,통합 봄2,37,교육학
132766,통합 여름2,37,교육학
132767,통합 학교2,37,교육학
132533,국어 가,37,교육학
132534,국어 나,37,교육학
132535,국어 활동,37,교육학
137463,국어 가,37,교육학
137464,국어 나,37,교육학
137465,국어 활동,37,교육학
132768,국어 가,37,교육학
132769,국어 나,37,교육학
132770,국어활동 가,37,교육학
132771,국어활동 나,37,교육학
132772,통합 가을2,37,교육학
132773,통합 겨울2,37,교육학
132774,통합 우리나라2,37,교육학
132775,통합 이웃2,37,교육학
80342,2학년 1학기 국어 3-가,37,교육학
80343,2학년 1학기 국어 3-나,37,교육학
80344,2학년 1학기 활동 3-가,37,교육학
80345,2학년 1학기 활동 3-나,37,교육학
88697,2학년 2학기 국어 활동 4-가,37,교육학
88698,2학년 2학기 국어 활동 4-나,37,교육학
132650,1학기(2013~2016학년도),37,교육학
132652,2학기(2013~2016학년도),37,교육학
88807,2학년 1학기 통합 1~2학년군 가족2,37,교육학
88808,2학년 1학기 통합 1~2학년군 나2,37,교육학
88809,2학년 1학기 통합 1~2학년군 봄2,37,교육학
88810,2학년 1학기 통합 1~2학년군 여름2,37,교육학
88811,2학년 2학기 통합 1~2학년군 가을2,37,교육학
88812,2학년 2학기 통합 1~2학년군 겨울2,37,교육학
88813,2학년 2학기 통합 1~2학년군 이웃2,37,교육학
88814,2학년 2학기 통합 1~2학년군 우리나라2,37,교육학
88695,2학년 2학기 국어 4-가,37,교육학
88696,2학년 2학기 국어 4-나,37,교육학
132527,1학기,37,교육학
132528,2학기(2017년 하반기 목록 공개 예정),37,교육학
57196,2학년,37,교육학
57197,3학년,37,교육학
106795,3학년 1학기 국어 1-가,37,교육학
106796,3학년 1학기 국어 1-나,37,교육학
106797,3학년 1학기 국어 활동 1-나,37,교육학
106798,3학년 1학기 국어 활동 1-가,37,교육학
88699,3학년 2학기 읽기,37,교육학
88700,3학년 2학기 듣기말하기쓰기,37,교육학
111881,3학년 2학기 국어 2-가,37,교육학
111882,3학년 2학기 국어 2-나,37,교육학
111883,3학년 2학기 국어 활동 2-가,37,교육학
111884,3학년 2학기 국어 활동 2-나,37,교육학
80346,3학년 1학기 듣기 말하기,37,교육학
80347,3학년 1학기 쓰기,37,교육학
80348,3학년 1학기 읽기,37,교육학
132653,1학기(2014~2017학년도),37,교육학
132654,2학기(2014~2017학년도),37,교육학
148581,2학기(2018학년도),37,교육학
141966,1학기(2018학년도),37,교육학
141968,국어 가,37,교육학
141969,국어 나,37,교육학
141970,국어 활동,37,교육학
148583,국어 가,37,교육학
148584,국어 나,37,교육학
148585,국어 활동,37,교육학
148586,국어 가,37,교육학
148587,국어 나,37,교육학
148588,국어 활동,37,교육학
141971,국어 가,37,교육학
141972,국어 나,37,교육학
141973,국어 활동,37,교육학
106799,4학년 1학기 국어 3-가,37,교육학
106800,4학년 1학기 국어 활동 3-가,37,교육학
106801,4학년 1학기 국어 3-나,37,교육학
106802,4학년 1학기 국어 활동 3-나,37,교육학
80349,4학년 1학기 듣기 말하기,37,교육학
80350,4학년 1학기 읽기,37,교육학
111885,4학년 2학기 국어 4-가,37,교육학
111886,4학년 2학기 국어 4-나,37,교육학
111887,4학년 2학기 국어 활동 4-가,37,교육학
111888,4학년 2학기 국어 활동 4-나,37,교육학
88701,4학년 2학기 읽기,37,교육학
88702,4학년 2학기 듣기말하기쓰기,37,교육학
132655,1학기(2014~2017학년도),37,교육학
132656,2학기(2014~2017학년도),37,교육학
148582,2학기(2018학년도),37,교육학
141967,1학기(2018학년도),37,교육학
57198,4학년,37,교육학
57199,5학년,37,교육학
115824,5학년 1학기 국어 가,37,교육학
115825,5학년 1학기 국어 나,37,교육학
115826,5학년 1학기 국어활동 가,37,교육학
115827,5학년 1학기 국어활동 나,37,교육학
159870,2학기(2019~2020학년도),37,교육학
88703,5학년 2학기 읽기,37,교육학
88704,5학년 2학기 듣기말하기쓰기,37,교육학
80351,5학년 1학기 듣기 말하기,37,교육학
80352,5학년 1학기 읽기,37,교육학
132657,1학기(2015~2017학년도),37,교육학
132658,2학기(2015~2017학년도),37,교육학
160022,2학기(2019~2020학년도),37,교육학
120684,5학년 2학기 국어 가,37,교육학
120685,5학년 2학기 국어 나,37,교육학
120686,5학년 2학기 국어활동 가,37,교육학
120687,5학년 2학기 국어활동 나,37,교육학
154619,1학기(2019학년도),37,교육학
159872,국어 가,37,교육학
159873,국어 나,37,교육학
160024,국어 가,37,교육학
160025,국어 나,37,교육학
154621,국어 가,37,교육학
154622,국어 나,37,교육학
154623,국어 가,37,교육학
154624,국어 나,37,교육학
160026,국어 가,37,교육학
160027,국어 나,37,교육학
159874,국어 가,37,교육학
159875,국어 나,37,교육학
115828,6학년 1학기 국어 가,37,교육학
115829,6학년 1학기 국어 나,37,교육학
115830,6학년 1학기 국어활동 가,37,교육학
115831,6학년 1학기 국어활동 나,37,교육학
159871,2학기(2019~2020학년도),37,교육학
80353,6학년 1학기 듣기 말하기,37,교육학
80354,6학년 1학기 읽기,37,교육학
88705,6학년 2학기 읽기,37,교육학
88706,6학년 2학기 듣기말하기쓰기,37,교육학
132659,1학기(2015~2017학년도),37,교육학
132660,2학기(2015~2017학년도),37,교육학
160023,2학기(2019~2020학년도),37,교육학
120688,6학년 2학기 국어 가,37,교육학
120689,6학년 2학기 국어 나,37,교육학
120690,6학년 2학기 국어활동 가,37,교육학
120691,6학년 2학기 국어활동 나,37,교육학
154620,1학기(2019학년도),37,교육학
57200,6학년,37,교육학
56420,동화/명작/고전,80,문학
57213,가족 이야기,80,문학
57214,국내창작동화,80,문학
57215,세계명작,80,문학
57216,어린이를 위한 고전,80,문학
57280,역사동화,90,역사
57217,외국창작동화,80,문학
57218,학교 이야기,80,문학
57282,학습동화,80,문학
58488,희곡,80,문학
56421,문화/예술/인물,60,예술
57220,다문화 이야기,60,예술
57221,미술관/박물관,60,예술
57223,세계문화,60,예술
57222,세계인물,60,예술
57224,여성인물,60,예술
58109,음악/미술/예체능,67,음악(음반)
58110,직업의 세계,60,예술
57225,한국인물,60,예술
57226,한국전통문화,60,예술
58489,희곡,60,예술
56422,사회/역사/철학,10,철학
89784,사회 일반,10,철학
57228,세계사,10,철학
57232,신화/종교,20,종교
57229,인권/평등,10,철학
57230,전쟁/평화 이야기,10,철학
57231,정치/경제,10,철학
57233,지리/지도책,98,여행
57234,철학,10,철학
57235,통일을 생각해요,10,철학
57227,한국사,10,철학
56423,아동 문학론,80,문학
57236,아동 문학 일반,80,문학
57237,창작,80,문학
57238,평론,80,문학
56424,어린이 사전/도감,37,교육학
57239,국어사전,37,교육학
57240,기타 사전,37,교육학
57241,도감,37,교육학
57242,백과사전,3,
57243,세밀화 도감,37,교육학
57244,영영사전,37,교육학
57245,영한사전,37,교육학
57267,우리말 사전,37,교육학
57246,한자사전,37,교육학
56425,어린이 영어,74,영어
57247,독해/작문/일기,74,영어
57248,말하기/듣기,74,영어
57249,미국 교과서,74,영어
57250,어휘/단어,74,영어
57251,영문법,74,영어
57281,영어동화/영어만화,74,영어
57252,영어일반,74,영어
57253,초등 영어사전,74,영어
57254,CD 포함 도서,74,영어
57255,TOSEL,74,영어
56426,어린이 한자,37,교육학
57256,사자성어/고사성어,37,교육학
57257,학습만화,80,문학
57258,한자능력검정시험,37,교육학
57259,한자학습 일반,37,교육학
56427,책읽기/글쓰기,37,교육학
57260,글쓰기 일반,37,교육학
57261,논리/논술,37,교육학
57262,독후감,37,교육학
57263,일기,37,교육학
57264,책읽기,37,교육학
56418,초등 전학년,37,교육학
57201,교과서 수록도서,37,교육학
57202,그림책,37,교육학
57203,동시/동요,37,교육학
57204,동화/명작/고전,80,문학
57219,성(性) 이야기,37,교육학
89706,아동문학론,80,문학
57279,어린이 중국어,72,동양어
57205,어린이 한자,37,교육학
57206,어린이가 쓴 책,37,교육학
89707,어린이영어,74,영어
57283,학습만화,80,문학
58108,학습일반,37,교육학
56414,초등1~2학년,37,교육학
58993,1학년 입학 준비,37,교육학
57166,과학/수학/사회,41,수학
57167,교과서 수록도서,37,교육학
57168,그림책,37,교육학
57169,동화/명작/고전,80,문학
57170,문화/예술/인물,60,예술
57171,상식/교양,37,교육학
57172,자기계발,32,경제학
57173,책읽기/글쓰기,37,교육학
57174,초등 영어,74,영어
57175,학습만화,80,문학
56415,초등3~4학년,37,교육학
57176,과학/수학/사회,41,수학
57177,교과서 수록도서,37,교육학
57178,동화/명작/고전,80,문학
57179,문화/예술/인물,60,예술
57180,상식/교양,37,교육학
57181,자기계발,32,경제학
57182,책읽기/글쓰기,37,교육학
57183,초등 영어,74,영어
57184,학습만화,80,문학
56416,초등5~6학년,37,교육학
57185,과학/수학/사회,41,수학
57186,교과서 수록도서,37,교육학
57187,동화/명작/고전,80,문학
57188,문화/예술/인물,60,예술
57189,상식/교양,37,교육학
57190,자기계발,32,경제학
57191,중학교 선행 학습,37,교육학
57192,책읽기/글쓰기,37,교육학
57193,초등 영어,74,영어
57194,학습만화,80,문학
112085,학습만화,80,문학
56428,TV/만화/영화,80,문학
57498,만화 일반,80,문학
57265,영화 개봉작,80,문학
57266,TV 방영작,80,문학
56387,에세이,80,문학
56633,노년을 위한 에세이,80,문학
56625,독서에세이,80,문학
174727,동물에세이,80,문학
56648,명사에세이,80,문학
58452,기타,80,문학
58450,문인,80,문학
58451,방송연예인,60,예술
56620,명상에세이,18,심신수련/명상
56637,명언/잠언록,80,문학
56632,사랑/연애 에세이,80,문학
56622,사진/그림 에세이,80,문학
56621,심리치유 에세이,80,문학
56623,여행에세이,80,문학
57942,국내여행,80,문학
57943,해외여행,80,문학
56672,예술에세이,60,예술
58119,미술에세이,60,예술
58120,영화에세이,60,예술
58121,음악에세이,67,음악(음반)
56619,외국에세이,80,문학
56641,유머/풍자/우화,80,문학
180239,음식에세이,80,문학
56639,일기/편지,80,문학
56635,자연에세이,80,문학
56646,작은 이야기 모음,80,문학
56630,종교에세이,20,종교
57946,가톨릭 에세이,20,종교
57944,기독교 에세이,23,기독교
57945,불교 에세이,22,불교
56643,포켓에세이,80,문학
56618,한국에세이,80,문학
38408,여행,98,여행
74369,괌/사이판/하와이여행,98,여행
74465,가이드북,98,여행
74466,여행에세이,80,문학
56520,국내 여행가이드,98,여행
57568,강원도,98,여행
57571,경상도,98,여행
57572,금강산/백두산,98,여행
57567,전국여행,98,여행
57570,전라도,98,여행
57569,충청도,98,여행
56517,국내 여행에세이,80,문학
56531,기타지역여행,98,여행
57593,가이드북,98,여행
57594,여행에세이,80,문학
74366,독일여행,98,여행
74459,가이드북,98,여행
74460,여행에세이,80,문학
56524,동남아시아여행,98,여행
57579,가이드북,98,여행
57580,여행에세이,80,문학
110319,동유럽여행,98,여행
110322,가이드북,98,여행
110323,여행에세이,80,문학
56526,미국/캐나다여행,98,여행
57583,가이드북,98,여행
57584,여행에세이,80,문학
74360,미국여행,98,여행
74449,가이드북,98,여행
74450,여행에세이,80,문학
74370,발리/몰디브여행,98,여행
74467,가이드북,98,여행
74468,여행에세이,80,문학
110318,북유럽여행,98,여행
110320,가이드북,98,여행
110321,여행에세이,80,문학
56518,서울/수도권 여행가이드,98,여행
56530,세계일주여행,98,여행
57591,가이드북,98,여행
57592,여행에세이,80,문학
74362,스페인여행,98,여행
74453,가이드북,98,여행
74454,여행에세이,80,문학
74339,영국여행,98,여행
74447,가이드북,98,여행
74448,여행에세이,80,문학
56534,워킹 홀리데이,98,여행
56521,유럽여행,98,여행
57573,가이드북,98,여행
57574,여행에세이,80,문학
56535,유학/해외연수/이민,98,여행
74368,이탈리아여행,98,여행
74463,가이드북,98,여행
74464,여행에세이,80,문학
56525,인도/네팔여행,98,여행
57581,가이드북,98,여행
57582,여행에세이,80,문학
74367,인도/티베트/네팔여행,98,여행
74461,가이드북,98,여행
74462,여행에세이,80,문학
56522,일본여행,98,여행
57575,가이드북,98,여행
57576,여행에세이,80,문학
56519,제주도 여행가이드,98,여행
56523,중국여행,98,여행
57577,가이드북,98,여행
57578,여행에세이,80,문학
56527,중남미여행,98,여행
57585,가이드북,98,여행
57586,여행에세이,80,문학
56529,중동/아프리카여행,93,지리
57589,가이드북,93,지리
57590,여행에세이,93,지리
74372,중동여행,98,여행
74471,가이드북,98,여행
74472,여행에세이,80,문학
56533,지도,98,여행
57615,강원도 지도,98,여행
57617,경상도 지도,98,여행
57613,수도권 지도,98,여행
57612,전국 지도,98,여행
57618,전라도 지도,98,여행
57614,제주도 지도,98,여행
57616,충청도 지도,98,여행
57619,해외 지도,98,여행
74361,캐나다여행,98,여행
74451,가이드북,98,여행
74452,여행에세이,80,문학
74394,캠핑여행,98,여행
74371,터키여행,98,여행
74469,가이드북,98,여행
74470,여행에세이,80,문학
56532,테마여행,98,여행
57595,걷기/배낭여행,69,오락/스포츠
57599,드라이브/기차여행,98,여행
57596,맛집여행,98,여행
57608,명사들의 여행,98,여행
57603,문학기행,80,문학
57604,문화/역사기행,90,역사
57605,미술관/박물관/예술기행,60,예술
57607,사찰기행,98,여행
57611,생태기행,98,여행
57609,성지순례,98,여행
57602,세계일주여행,98,여행
57601,신혼여행,98,여행
57606,영화기행,60,예술
57610,오지여행,98,여행
57598,자전거여행,98,여행
57597,주말여행,98,여행
57600,캠핑여행,98,여행
74365,프랑스여행,98,여행
74457,가이드북,98,여행
74458,여행에세이,80,문학
74364,호주/뉴질랜드여행,98,여행
74455,가이드북,98,여행
74456,여행에세이,80,문학
56528,호주/오세아니아여행,98,여행
57587,가이드북,98,여행
57588,여행에세이,80,문학
74359,홍콩/대만/마카오여행,98,여행
74445,가이드북,98,여행
74446,여행에세이,80,문학
38397,역사,90,역사
38434,고고학,90,역사
38504,동양사일반,90,역사
40576,명성왕후,90,역사
41203,불멸의 이순신,90,역사
40575,여인천하,90,역사
40577,태조왕건,90,역사
38540,문화/역사기행,90,역사
40551,동서양 문화유산/역사기행,90,역사
40552,한국 문화유산/역사기행,90,역사
39730,북한사,90,역사
38724,서양사,90,역사
58333,로마사,90,역사
58335,르네상스/종교개혁기,20,종교
58334,비잔티움/이슬람 강성기,90,역사
39726,서양고대사,90,역사
58336,서양근현대사,90,역사
39984,서양사근대사,90,역사
40003,서양중세사,90,역사
38439,세계사,90,역사
38720,아메리카사,90,역사
39735,미국/캐나다사,90,역사
39736,중남미사,90,역사
38437,아시아사,90,역사
40359,동남아시아사,90,역사
44021,동아시아/극동아시아사,90,역사
39734,서남아시아사(중동사),90,역사
39733,인도사,90,역사
39732,일본사,90,역사
39731,중국사,90,역사
40621,중앙아시아사,90,역사
38719,아프리카/오세아니아사,93,지리
58340,선사~근대사,93,지리
58341,현대사,93,지리
38433,역사학,90,역사
39718,아날학파,90,역사
39717,역사비평,90,역사
39943,역사학 일반,90,역사
38438,유럽사,90,역사
40381,기타유럽사,90,역사
39738,독일/오스트리아사,90,역사
58338,동유럽사,90,역사
40382,러시아사,90,역사
58337,스페인/포르투갈사,90,역사
39737,영국사,90,역사
58339,중부유럽/북유럽사,90,역사
39739,프랑스사,90,역사
56728,이슬람/중동/이스라엘,90,역사
58342,고대 문명 태동기,90,역사
58344,근현대사,90,역사
58343,중세시대,90,역사
56727,일본사,90,역사
44617,일본고대/중세사,90,역사
44616,일본근현대사,90,역사
44618,일본사 일반,90,역사
56729,전쟁/분쟁사,90,역사
58347,1차대전~2차대전,90,역사
58345,고대/중세/나폴레옹 이전,90,역사
58346,나폴레옹시대~19세기,90,역사
58348,냉전 시기,90,역사
58350,전쟁 통사,90,역사
58349,현대전/테러,90,역사
56724,조선사,90,역사
44130,조선문화예술사,60,예술
44131,조선생활풍속사,90,역사
44227,조선시대 일반,90,역사
44127,조선전기(개국~임진왜란 이전),99,전기
44128,조선중기(임진왜란~경종),90,역사
44129,조선후기(영조~순종),90,역사
56726,중국사,90,역사
44228,중국고대사(선사시대~진한시대),90,역사
44439,중국근세사(원~ 아편전쟁 전),90,역사
44229,중국근현대사(아편전쟁이후~현대),90,역사
44230,중국사 일반,90,역사
44438,"중국중세사(위진남북조~당,송)",90,역사
38435,테마로 보는 역사,90,역사
39723,건국사/멸망사,90,역사
41952,경제사,90,역사
40004,과학사/기술사,90,역사
40638,교류/관계사,90,역사
39724,문명/문명사,90,역사
39725,미시사/생활사,90,역사
40060,사회사,90,역사
44619,세계인물사,90,역사
40414,여성사,90,역사
41803,외교/상호교류사,90,역사
39719,인물사,90,역사
39721,전쟁사,90,역사
39720,종교사,20,종교
58351,종교사,20,종교
44231,중국인물사,90,역사
40662,지방사,90,역사
44132,한국인물사,90,역사
39722,혁명사,90,역사
38605,학회/무크/계간지,90,역사
38436,한국고대사,90,역사
39727,고려시대,90,역사
39728,조선사,90,역사
40422,한국고대사,90,역사
44243,고구려,90,역사
44244,신라/통일신라,90,역사
44245,백제,90,역사
44246,가야,90,역사
44125,한국고대사,90,역사
44126,발해,90,역사
39979,한국근현대사,90,역사
40014,한국사일반,90,역사
39944,한국상고사,90,역사
56725,한국근현대사,90,역사
40288,근대개화기,90,역사
58332,한국사 일반,90,역사
58331,한국전쟁 이후~현재,90,역사
39729,항일시대,90,역사
39978,해방전후사/한국전쟁,90,역사
38402,예술/대중문화,60,예술
56572,건축,60,예술
57692,건축이론/비평/역사,90,역사
57689,건축이야기/건축가,60,예술
57694,전통 건축,60,예술
56575,디자인/공예,60,예술
57699,공예/도자,60,예술
57698,디자인이론/비평/역사,90,역사
57696,디자인이야기/디자이너,60,예술
56576,무용,60,예술
57700,무용이론/비평/역사,90,역사
57703,무용이야기/무용가,60,예술
57710,서양 무용,60,예술
57711,한국/동양 무용,60,예술
57707,현대무용,60,예술
56573,뮤지컬/오페라,60,예술
56568,미술,60,예술
57634,도록,60,예술
57632,미술 실기,60,예술
57624,미술 이야기,60,예술
57625,미술가,60,예술
57626,미술관/박물관/미술기행,60,예술
57627,미술비평/이론,60,예술
57628,미술사,60,예술
57635,서예,64,서예
57636,조각,62,조각
57631,종교미술,20,종교
114991,컬러링북,60,예술
57630,한국미술,60,예술
57629,현대미술,60,예술
57633,화집,60,예술
56579,미술/음악/예술치료,60,예술
56571,사진,60,예술
57686,사진 실기,60,예술
57683,사진이론/비평/역사,90,역사
57668,사진이야기/사진가,60,예술
57671,사진집,60,예술
56577,연극,68,공연예술/연극
57715,연극사/연극.희극론/연극비평,68,공연예술/연극
57716,연극인/연극이야기,68,공연예술/연극
57722,외국희곡,68,공연예술/연극
57719,전통극,68,공연예술/연극
57725,한국희곡,68,공연예술/연극
56570,영화,60,예술
57662,시나리오/시나리오작법,60,예술
57665,애니메이션,60,예술
57664,연출/연기/제작,60,예술
57661,영화감독/배우,60,예술
57659,영화사,60,예술
57658,영화이론/비평,60,예술
57656,영화이야기,60,예술
57660,한국영화,60,예술
56564,예술/대중문화의 이해,60,예술
57622,대중문화론,60,예술
57620,미학/예술이론,60,예술
57623,예술전문사전,60,예술
57621,예술통사,60,예술
56574,예술경영/공연기획,60,예술
56569,음악,67,음악(음반)
57648,가요,67,음악(음반)
57645,서양음악(클래식),67,음악(음반)
57651,성악/가곡,67,음악(음반)
57653,악보/작곡,67,음악(음반)
59433,기타/베이스,67,음악(음반)
59434,째즈/영화음악/뮤지컬,67,음악(음반)
59435,오페라,67,음악(음반)
59436,전집,67,음악(음반)
59437,녹음/마스터링,67,음악(음반)
59427,클래식 악보,67,음악(음반)
59428,팝/가요/뉴에이지,67,음악(음반)
59429,피아노 및 건반악기 악보,67,음악(음반)
59430,플룻 외 관악기 악보,67,음악(음반)
59431,바이올린 외 현악기 악보,67,음악(음반)
59432,드럼 외 타악기 악보,67,음악(음반)
57644,오디오,67,음악(음반)
57642,음악가,67,음악(음반)
57643,음악이론/음악사,67,음악(음반)
57641,음악이야기,67,음악(음반)
57647,재즈,67,음악(음반)
57646,팝/록,67,음악(음반)
57650,한국 전통음악,67,음악(음반)
56578,TV/라디오,60,예술
57782,라디오,60,예술
57785,PD/탤런트/방송작가/성우,60,예술
57778,TV 이야기,60,예술
57780,TV이론/TV비평,60,예술
38411,외국어,70,언어
56481,기타 외국어,70,언어
57464,기타 동양어,72,동양어
57465,기타 서양어,79,서양어
57462,러시아어,79,서양어
57461,스페인어,77,스페인어
57463,이탈리아어,78,이탈리아어
56479,독일어,75,독일어
43780,30% 할인 도서,70,언어
43781,40% 할인 도서,70,언어
43782,50% 할인 도서,70,언어
43778,영어회화 단숨에 따라잡기,74,영어
43779,쿠폰 대상도서,70,언어
44031,문제집,37,교육학
44032,해설집,70,언어
56465,영문법,70,언어
56466,영어독해,74,영어
56467,영어듣기/발음,74,영어
56469,영어사전,74,영어
57408,기타사전,74,영어
57407,영영사전,74,영어
57406,영한/한영사전,74,영어
57404,영한사전,74,영어
57405,한영사전,74,영어
56475,영어시험대비,74,영어
57441,기타,74,영어
57434,GMAT,74,영어
57433,GRE,74,영어
57438,G-TELP,74,영어
57437,IELTS,74,영어
57436,LSAT,74,영어
74435,NEAT,74,영어
73386,NEAT,74,영어
57439,PELT,74,영어
57435,SAT,74,영어
57440,TOSEL,74,영어
56468,영어어휘,74,영어
56464,영어학습법,74,영어
56470,영어회화,74,영어
57413,기타,74,영어
57410,비즈니스영어,74,영어
57409,생활영어,74,영어
57412,스크린영어,74,영어
57411,여행영어,74,영어
56485,영작문,70,언어
42593,Rosetta World,70,언어
42425,Teps 달인이 되는 법,70,언어
42426,Try again!,70,언어
43867,W TOEIC,70,언어
56482,외국인을 위한 한국어,71,한국어
57468,한국어 사전,71,한국어
57466,한국어 일반,71,한국어
57467,한국어 회화,71,한국어
56476,일본어,73,일본어
57445,비즈니스 일본어,73,일본어
57444,일본어 독해/작문/쓰기,73,일본어
57446,일본어 사전,73,일본어
57449,일본어 시험대비,73,일본어
59383,JPT,73,일본어
59384,JLT 니켄,73,일본어
59385,EJU,73,일본어
59386,기타,73,일본어
57443,일본어 어휘/한자/문법,73,일본어
57442,일본어 첫걸음,73,일본어
57447,일본어 회화,73,일본어
57448,JLPT,73,일본어
59378,N1,73,일본어
59379,N2,73,일본어
59380,N3,73,일본어
59381,N4,73,일본어
59382,N5,73,일본어
56477,중국어,72,동양어
57453,비즈니스 중국어,72,동양어
57452,중국어 독해/작문/쓰기,72,동양어
57454,중국어 사전,72,동양어
57457,중국어 시험대비,72,동양어
59393,CPT,72,동양어
59394,기타,72,동양어
57451,중국어 어휘/문법,72,동양어
57450,중국어 첫걸음,72,동양어
57455,중국어 회화,72,동양어
57456,HSK/신 HSK,72,동양어
59387,1급,72,동양어
59388,2급,72,동양어
59389,3급,72,동양어
59390,4급,72,동양어
59391,5급,72,동양어
59392,6급,72,동양어
59396,HSK 일반,72,동양어
56472,텝스,70,언어
57425,실전,70,언어
57503,종합,70,언어
57423,Grammar,70,언어
57422,Listening,70,언어
57421,Reading,70,언어
57424,Vocabulary,70,언어
56471,토익,70,언어
57418,실전,70,언어
57500,종합,70,언어
57419,토익 Speaking,70,언어
57420,토익 Writing,70,언어
57416,Grammar,70,언어
57415,Listening,70,언어
57414,Reading,70,언어
57417,Vocabulary,70,언어
56473,토플,70,언어
57432,실전,70,언어
57499,종합,70,언어
57428,Grammar,70,언어
57427,Listening,70,언어
57426,Reading,70,언어
57431,Speaking,70,언어
57429,Vocabulary,70,언어
57430,Writing,70,언어
56483,통역/번역,70,언어
57470,번역,70,언어
57469,통역,70,언어
56480,프랑스어,76,프랑스어
56478,한자,70,언어
57460,옥편,70,언어
57459,한자 시험 대비,37,교육학
57458,한자일반,70,언어
56474,OPIc/인터뷰 영어,74,영어
57478,인터뷰영어,74,영어
57477,OPIc,74,영어
38424,유아,37,교육학
39420,0~3세,37,교육학
43497,그림책,37,교육학
43499,유아교양,37,교육학
43496,유아놀이,37,교육학
43498,유아학습,37,교육학
39421,4~7세,37,교육학
43501,그림책,37,교육학
43503,유아교양,37,교육학
43500,유아놀이,37,교육학
43502,유아학습,37,교육학
39422,그림책,37,교육학
43495,_나라별 그림책,37,교육학
47405,한국,37,교육학
47406,미국,37,교육학
47407,아시아,37,교육학
47408,유럽,37,교육학
47409,호주,37,교육학
47410,일본,37,교육학
47411,외국그림 일반,37,교육학
46859,헝겊/장난감책,37,교육학
44505,옛이야기그림책,37,교육학
45593,_그림형제 그림책,37,교육학
45594,_안데르센 그림책,37,교육학
45595,_이솝이야기 그림책,37,교육학
45596,동요/동시 그림책,37,교육학
45597,위인 이야기,37,교육학
44169,학습그림책,37,교육학
59376,축구,37,교육학
46996,꽃과 나무,37,교육학
46989,동물이 좋아요,37,교육학
46922,친구하고 나하고,37,교육학
46940,우리 몸,37,교육학
47000,지구별/환경 이야기,37,교육학
46930,좋은 습관,37,교육학
46931,생각 더하기,37,교육학
46932,옛날옛적 공룡,37,교육학
47637,명절,37,교육학
41512,_주제별 그림책,37,교육학
40647,개똥이 그림책,37,교육학
41360,곧은나무 그림책,37,교육학
40848,국민서관그림동화,37,교육학
43600,그림백과/세밀화,37,교육학
39249,글 없는 그림책,37,교육학
42160,길벗어린이,37,교육학
40407,까치호랑이,37,교육학
42637,네버랜드 아기그림책,37,교육학
40167,네버랜드 픽쳐북스,37,교육학
43512,동요/동시그림책,37,교육학
40846,마루벌의 좋은 그림책,37,교육학
43511,만화/애니메이션,80,문학
43504,명작그림책,37,교육학
40847,미래그림책,37,교육학
40849,벨 이마주,37,교육학
40619,비룡소의 그림동화,37,교육학
40497,상상력을 키우는 만화그림책,80,문학
43506,생활/습관그림책,37,교육학
40188,스팟의 날개책 시리즈,37,교육학
41543,시공주니어 우리옛이야기,37,교육학
40406,외국그림책 지크,37,교육학
38975,우리것 우리문화,37,교육학
43510,인물이야기,37,교육학
43505,전래동화,37,교육학
43507,창작그림책,37,교육학
43509,철학그림책,10,철학
41170,피터래빗그림책,37,교육학
43508,학습그림책,37,교육학
39423,놀이책,37,교육학
74427,3D/입체영상,37,교육학
74428,그리기/색칠하기,37,교육학
57308,기타,37,교육학
74425,동요 CD북,37,교육학
43513,만들기/접기,37,교육학
116820,블록/교구,37,교육학
43518,사운드북,37,교육학
43514,색칠공부/스티커북,37,교육학
74426,인형놀이/입체북,37,교육학
43515,팝업북/플랩북,37,교육학
43517,퍼즐/퀴즈/게임,37,교육학
43516,헝겊책/입체북,37,교육학
74424,헝겊책/입체북 (0-3세),37,교육학
43519,CD/DVD/비디오테잎,37,교육학
74375,세트/시리즈특선,37,교육학
38676,애니메이션/캐릭터,37,교육학
161283,_겨울왕국 2,37,교육학
153916,_신비아파트,37,교육학
174213,_펭수,37,교육학
154184,_핑크퐁,37,교육학
174214,_흔한남매,37,교육학
74401,구름빵,37,교육학
124129,굿 다이노,37,교육학
40445,극장영화,60,예술
134440,극장영화 일반,60,예술
74400,꼬마버스 타요,37,교육학
115561,꼬마의사 맥스터핀스,37,교육학
43140,도라,37,교육학
115564,드래곤 빌리지,37,교육학
40446,디즈니,37,교육학
106606,겨울왕국,37,교육학
115560,디즈니 프린세스,37,교육학
74399,로보카 폴리,37,교육학
90230,리틀 프린세스 소피아,37,교육학
115559,마다가스카의 펭귄,37,교육학
114678,바다 탐험대 옥토넛,37,교육학
111880,바비,37,교육학
43142,방귀대장 뿡뿡이,37,교육학
80093,변신자동차 또봇,37,교육학
115558,빅 히어로,37,교육학
43136,뽀롱뽀롱 뽀로로,37,교육학
140700,숲의요정 페어리루,37,교육학
43138,스폰지밥,37,교육학
115566,시크릿 쥬쥬,37,교육학
125941,안녕 자두야,37,교육학
117743,어벤져스,37,교육학
119393,인사이드 아웃,37,교육학
125181,주토피아,37,교육학
116835,쥬얼펫,37,교육학
115562,출동! 슈퍼윙스,37,교육학
43143,치로와 친구들,37,교육학
130264,카카오프렌즈,37,교육학
42710,캐릭터,37,교육학
43464,코코몽,37,교육학
114290,쿠키런,37,교육학
124130,쿵푸 팬더,37,교육학
118300,터닝메카드,37,교육학
43137,토마스와 친구들,37,교육학
43139,트랜스포머,37,교육학
43141,파워레인저,37,교육학
126648,파워배틀 와치카,37,교육학
115565,포켓몬스터,37,교육학
115567,프리즘스톤,37,교육학
125694,프리파라,37,교육학
116897,헬로 카봇,37,교육학
115563,헬로 키티,37,교육학
119498,EBS 번개맨,37,교육학
40447,TV,37,교육학
44464,리틀스코프(6~8세),37,교육학
44465,슈퍼스코프(9∼11세),37,교육학
44536,메가스코프(11~13세),37,교육학
40330,스코프스쿨,37,교육학
131964,예비초등,37,교육학
43948,초등예비학습,37,교육학
39424,유아 학습,37,교육학
43520,과학/환경,40,자연과학
47412,과학일반,40,자연과학
47413,동물,40,자연과학
47414,식물,40,자연과학
47415,몸/인체,40,자연과학
47416,지구/우주,40,자연과학
43522,두뇌계발,37,교육학
43521,문화/예술,60,예술
47417,음악,67,음악(음반)
47418,미술,60,예술
74528,문화 일반,60,예술
43530,생활습관,37,교육학
43523,수학/숫자,41,수학
88628,워크북,37,교육학
43524,유아영어,74,영어
47419,영어학습,74,영어
47420,영어동요/동화,74,영어
59422,영어그림책,74,영어
59322,ELT,74,영어
43529,인성/감성,37,교육학
43527,입학준비,37,교육학
43525,중국어/한자,72,동양어
157881,코딩,53,공학
43528,학습일반,37,교육학
43526,한글/말 배우기,37,교육학
44547,과학/자연관찰,40,자연과학
44548,위인전집,37,교육학
44549,지능/감성계발,37,교육학
44550,창작/명작-이야기전집,37,교육학
44551,학습일반,37,교육학
40553,0~6살 전집,37,교육학
40554,7살 이상 어린이전집,37,교육학
44552,과학 학습,40,자연과학
44553,역사,90,역사
44554,문학/논술/영어학습,74,영어
44555,위인전,37,교육학
44556,창작/명작-이야기전집,37,교육학
44557,초등 백과사전,3,
40555,만화고전,80,문학
40556,백과사전,3,
74380,주제별 책읽기,37,교육학
74483,* 100세까지,37,교육학
85136,* 수학동화,41,수학
74481,* 숨은그림찾기,37,교육학
85137,가족 이야기,37,교육학
87527,가족 관계,37,교육학
88707,사랑해 우리 아가,37,교육학
85138,아빠 사랑해요,37,교육학
85139,우리 엄마,37,교육학
85140,동생이 생겼어요,37,교육학
85141,할아버지 할머니,37,교육학
74478,계절/명절,37,교육학
74590,봄,37,교육학
74591,여름,37,교육학
74592,가을,37,교육학
74593,겨울,37,교육학
74594,크리스마스,37,교육학
74595,비 오는 날,37,교육학
74596,명절,37,교육학
118773,공룡,37,교육학
88066,동물 그림책,37,교육학
78726,베드타임 스토리,37,교육학
77538,어린이 안전,37,교육학
88067,건강/식습관,37,교육학
74482,생활습관,37,교육학
88592,언어/인지,70,언어
88593,말놀이/글놀이,70,언어
88887,예술/문화,60,예술
181455,"유치원,학교에 가면",37,교육학
74479,인성/감성,37,교육학
74999,다름과 편견,37,교육학
78727,마음 달래기,37,교육학
74617,우리는 친구,37,교육학
114950,동물과 친구해요~,37,교육학
110180,삶과 죽음,37,교육학
74618,자연.환경.지구 이야기,40,자연과학
74620,자연관찰/세밀화,40,자연과학
74480,자연/과학,40,자연과학
46862,아기 그림책,37,교육학
46863,리처드 스캐리,37,교육학
46864,그림책 보물창고,37,교육학
46865,자연 그림책,37,교육학
46866,인성교육 보물창고,37,교육학
46709,디즈니 캐릭터샵,37,교육학
46915,프린세스 시리즈,37,교육학
47475,세트,37,교육학
47476,좌뇌 개발,37,교육학
47477,우뇌 개발,37,교육학
47358,토마스 색칠놀이북/스티커놀이북,37,교육학
47076,한솔 마음씨앗 그림책,37,교육학
47604,한솔 유아그림책,37,교육학
40418,나비잠,37,교육학
41280,내셔널 지오그래픽 자연대탐험,37,교육학
40439,네버랜드 아기그림책(0~5),37,교육학
40168,달팽이 과학동화,40,자연과학
40262,작은거인,37,교육학
40371,Wonderwise(그린북),37,교육학
38403,인문학,80,문학
56624,교양 인문학,80,문학
56644,기호학/언어학,70,언어
57995,기호학,70,언어
57996,언어학,70,언어
57997,한국어/한문,71,한국어
56645,논리와 비판적 사고,80,문학
56634,동양철학,10,철학
57965,도가철학/노장철학,10,철학
59496,노자철학,10,철학
59497,장자철학,10,철학
59498,도가철학 일반,10,철학
57972,동양철학 일반,10,철학
57967,불교철학,10,철학
57966,유교철학/주역,10,철학
59499,공자/논어,10,철학
59500,맹자,10,철학
59501,주자학(성리학),10,철학
59502,양명학,10,철학
59503,유교철학 일반,10,철학
59504,주역,10,철학
57970,인도철학,10,철학
57971,일본철학,10,철학
57969,중국철학,10,철학
57968,한국철학,10,철학
59505,퇴계/율곡,10,철학
59506,실학,10,철학
59507,한국현대철학,10,철학
59508,한국철학 일반,10,철학
56649,문화/문화이론,80,문학
58001,동양문화읽기,80,문학
58003,문명/문명사,80,문학
58005,문화사,80,문학
58004,문화연구/문화이론,80,문학
58009,미국문화,80,문학
58002,서양문화읽기,80,문학
58006,성(性)/성문화,80,문학
58011,일본문화,80,문학
58007,종교문화,20,종교
58010,중국문화,80,문학
58008,한국학/한국문화,80,문학
59514,한국인과 한국문화,80,문학
59515,한국문화유산,80,문학
59516,한국민속/한국전통문화,80,문학
59517,근현대한국문화,80,문학
59518,외국인이 본 한국,80,문학
74373,사상가/인문학자,80,문학
56631,서양철학,10,철학
59462,소크라테스,10,철학
59463,아리스토텔레스,10,철학
59464,플라톤,10,철학
59465,고대철학 일반,10,철학
57949,고대철학,10,철학
57957,과학철학,10,철학
57951,근대철학,10,철학
59469,데카르트,10,철학
59470,스피노자,10,철학
59471,칸트,10,철학
59472,피히테/셸링,10,철학
59473,헤겔,10,철학
59474,홉스/로크,10,철학
59475,흄,10,철학
59476,쇼펜하우어,10,철학
59477,근대철학 일반,10,철학
57961,독일철학,10,철학
57963,마르크스주의,10,철학
57964,서양철학 일반,10,철학
57953,서양철학사,10,철학
57958,언어철학/분석철학,10,철학
57962,영미철학,10,철학
57956,윤리학/도덕철학,10,철학
57954,인식론,10,철학
57950,중세철학,10,철학
59466,아우구스티누스,10,철학
59467,토마스 아퀴나스,10,철학
59468,중세철학 일반,10,철학
57960,프랑스철학,10,철학
57952,현대철학,10,철학
59478,프리드리히 니체,10,철학
59479,앙리 베르그손,10,철학
59480,키에르케고르,10,철학
59481,에드문트 후설,10,철학
59482,알프레드 화이트헤트,10,철학
59483,러셀/비트겐슈타인,10,철학
59484,카를 야스퍼스,10,철학
59485,마르틴 하이데거,10,철학
59486,칼 포퍼,10,철학
59487,장 폴 사르트르,10,철학
59488,루이 알튀세르,10,철학
59489,질 들뢰즈/펠릭스 가타리,10,철학
59490,미셸 푸코,10,철학
59491,위르겐 하버마스,10,철학
59492,자크 데리다,10,철학
59493,슬라보예 지젝/슬로베니아 학파,10,철학
59494,프랑크푸르트학파,10,철학
59495,현대철학 일반,10,철학
57959,현상학/해석학/실존철학,10,철학
57955,형이상학/존재론,11,형이상학
56642,서지/출판,80,문학
57994,서지/문헌/도서관,80,문학
57993,출판/편집,80,문학
56638,신화/종교학,20,종교
57982,그리스로마 신화,20,종교
57989,미르치아 엘리아데,20,종교
57985,세계의 신화와 전설,20,종교
59509,동양의 신화와 전설,20,종교
59510,서양의 신화와 전설,20,종교
59511,세계의 신화와 전설 일반,20,종교
57986,신화 이야기,20,종교
57987,신화학/신화상징,43,화학
57990,조지프 캠벨,20,종교
57988,종교학,20,종교
59512,샤머니즘/무속,20,종교
59513,종교학 일반,20,종교
57983,중국의 신화와 전설,20,종교
57984,한국신화/전설/민담,20,종교
56636,심리학/정신분석학,18,심신수련/명상
57973,교양 심리학,18,심신수련/명상
57979,뇌과학/인지심리학,18,심신수련/명상
57980,심령연구/초과학,18,심신수련/명상
57981,심리학 일반,18,심신수련/명상
57974,심리학치료,18,심신수련/명상
57977,융,18,심신수련/명상
57978,자크 라캉,18,심신수련/명상
57975,정신분석학,18,심신수련/명상
57976,프로이트,18,심신수련/명상
56647,인류학/고고학,80,문학
57998,고고학,80,문학
58000,민속학,80,문학
57999,인류학,80,문학
56627,인문 비평,80,문학
56626,인문 에세이,80,문학
56628,인문학 전문사전,80,문학
56640,책읽기/글쓰기,80,문학
57992,글쓰기,80,문학
57991,책읽기,80,문학
56629,철학 일반,10,철학
57947,교양 철학,10,철학
57948,철학사,10,철학
56650,학회/무크/계간지,80,문학
38582,경영자,-1,매핑불가
38576,과학자/의료인,40,자연과학
56669,교육자,-1,매핑불가
38577,문인/작가,-1,매핑불가
38580,보통사람들/장애를이겨낸사람들,-1,매핑불가
38574,사상가/인문사회학자,-1,매핑불가
38581,사회운동가/혁명가,-1,매핑불가
38578,언론인/법조인,-1,매핑불가
38796,여성인물,-1,매핑불가
38795,역사/시대적인물,90,역사
38583,연예인/방송인/스포츠맨,60,예술
38797,예술인,60,예술
38575,정치인/군인,-1,매핑불가
38579,종교인,20,종교
38573,한 권으로 보는 여러 인물 이야기,-1,매핑불가
38400,자기계발,32,경제학
74392,20대의 자기계발,32,경제학
74389,기획/보고,32,경제학
74493,기획,32,경제학
74494,보고,32,경제학
74387,두뇌계발,32,경제학
74382,리더십,32,경제학
74485,리더십,32,경제학
74484,조직관리,32,경제학
38728,삶의자세/정신훈련,32,경제학
40614,느리고 소박한 삶,32,경제학
40616,마음의 평화/명상,18,심신수련/명상
41276,삶의 의미,32,경제학
40613,적극적인 삶,32,경제학
40615,행복론,32,경제학
74383,성공,32,경제학
74486,성공담,32,경제학
74487,성공학,53,공학
38589,성공전략/성공학,53,공학
41275,성공 스토리,53,공학
40176,성공학 일반,53,공학
40178,여성을 위한 성공학,53,공학
40783,중년을 위한 성공학,53,공학
74386,시간관리/정보관리,32,경제학
74488,시간관리,32,경제학
74489,정보관리,32,경제학
38587,실용능력 계발,32,경제학
41107,기획/문서/정보관리,32,경제학
40172,두뇌/창의성계발,32,경제학
40173,시간관리,32,경제학
41108,화술/협상/프레젠테이션,32,경제학
74384,여성의 자기계발,32,경제학
38590,인간관계,33,사회문제
40360,남녀관계(연애),33,사회문제
40609,사람읽기/심리학,18,심신수련/명상
40177,인간관계 일반,33,사회문제
107842,정리/심플라이프,32,경제학
74385,중년의 자기계발,32,경제학
38588,진로설계-취업/이민/연수,32,경제학
40174,국내 진학/취업,32,경제학
147660,크리에이터/1인미디어,32,경제학
40175,해외 취업/이민/연수,32,경제학
74390,프레젠테이션/회의,32,경제학
74495,프레젠테이션,32,경제학
74496,회의,32,경제학
74381,행복론,32,경제학
74388,협상/설득/화술,33,사회문제
74491,설득,33,사회문제
74490,협상,33,사회문제
74492,화술,33,사회문제
74391,힐링,32,경제학
74498,건강한 몸,32,경제학
74497,마음 다스리기,32,경제학
38417,잡지,5,
38732,가정/주택,5,
38805,건강/의학,51,의학
38804,경제/경영,5,
38907,과학/기술,40,자연과학
38637,교양,5,
148485,교양/문예/인문,5,
38730,교육/취업,32,경제학
38586,대중문화/예술,60,예술
77524,독립/인디잡지,5,
38585,만화/애니메이션,80,문학
38636,문예지,5,
38604,방송교재,5,
38584,수험/어학교재,5,
148484,수험/어학교재,5,
38640,시사지,5,
38731,여성/남성/패션,5,
128941,결혼/웨딩지,5,
58774,남성지,5,
58786,여성지,5,
74402,주부/교양지,5,
74403,패션/여성지,5,
38820,여행/스포츠/취미,98,여행
39298,요리/제과제빵,5,
39297,육아,5,
38908,인문사회비평지,5,
39099,정기구독,5,
38597,종교,20,종교
39259,주간지,5,
138839,주간지 기타,5,
38872,컴퓨터/인터넷/게임,53,공학
38638,하이틴,5,
74396,어린이,37,교육학
74397,청소년,5,
38639,EBS 방송교재,5,
112013,장르소설,80,문학
38426,전집/중고전집,80,문학
39122,_0-3세,80,문학
42251,영어/학습,74,영어
109805,유아교양,80,문학
42252,인물/역사/사회,90,역사
42253,자연/과학/수학,41,수학
42254,전래/명작동화,80,문학
42255,창작동화,80,문학
42256,토이북/교구,80,문학
39123,_4-7세,80,문학
42257,문학/논술/고전,80,문학
42258,영어/학습,74,영어
42259,인물/역사/사회,90,역사
42260,자연/과학/수학,41,수학
42261,전래/명작동화,80,문학
42262,창작동화,80,문학
42263,토이북/교구,80,문학
158730,_단행본 전집,80,문학
158731,0-3세,80,문학
158732,4-7세,80,문학
158736,기획세트,80,문학
158735,청소년/일반,80,문학
158733,초등(1-3)저학년,80,문학
158734,초등(4-6)고학년,80,문학
39149,_초등(1-3)저학년,80,문학
42270,문학/논술/고전,80,문학
42271,영어/학습,74,영어
42272,인물/역사/사회,90,역사
42273,자연/과학/수학,41,수학
42274,전래/명작동화,80,문학
42275,창작동화,80,문학
39150,_초등(4-6)고학년,80,문학
42264,문학/논술/고전,80,문학
42265,영어/학습,74,영어
42266,인물/역사/사회,90,역사
42267,자연/과학/수학,41,수학
42268,전래/명작동화,80,문학
42269,창작동화,80,문학
39164,_출판사별보기,80,문학
42349,가나출판사(전집),80,문학
42350,계몽사,80,문학
42315,교연아카데미,80,문학
42351,그린코리아,80,문학
42352,글렌도만,80,문학
42316,글송이,80,문학
74420,글채움,80,문학
42353,꼬마배꼽,80,문학
42629,꿈꾸는아이들,80,문학
42354,꿈의학교,51,의학
42355,뉴턴코리아,80,문학
42356,다산교육(전집),80,문학
42341,대교출판사,80,문학
42357,대산출판사,80,문학
42358,더큰,80,문학
42359,도서출판현현각양지,80,문학
42396,동강출판사,80,문학
42360,동그라미,80,문학
42310,동사모,80,문학
42410,두산동아,80,문학
42767,딕브루너코리아,80,문학
42361,리듬북,80,문학
42317,리틀랜드,80,문학
42345,리틀코리아,80,문학
42340,몬테소리CM,80,문학
42362,바라북스,80,문학
42363,바른나무들,80,문학
42364,바이런,80,문학
42311,베이비아카데미,80,문학
42337,베틀북(전집),80,문학
42314,보리,80,문학
42313,보림,80,문학
42365,북샘,80,문학
42308,브리태니커,80,문학
42393,비엔존,80,문학
42366,뿌리교육,80,문학
42367,삼성교육,80,문학
42368,새로본,80,문학
42369,세상모든책(전집),80,문학
42309,세종출판사,80,문학
42647,아동문학,80,문학
42307,아이교육,80,문학
42370,아이북스,80,문학
42347,아이세움,80,문학
42346,아이즐북스,80,문학
42371,아이캐슬,80,문학
42496,어린이아현,80,문학
42372,에이플러스,80,문학
42373,영재아카데미,80,문학
42374,오로라북스,80,문학
42397,원더랜드,80,문학
42630,월드북스,80,문학
42375,유한미디어,80,문학
42343,이랑교육,80,문학
42376,제닉스,80,문학
42339,제로투세븐,80,문학
42377,좋은열매,80,문학
42378,중앙출판사(전집),80,문학
42648,직지,80,문학
42379,차일드캠프,80,문학
42628,키즈덤하우스,80,문학
42380,키즈랜드,80,문학
42392,키즈캐슬,80,문학
42348,킨더랜드,80,문학
42381,타임라이프북스,80,문학
42395,파브르(전집),80,문학
42383,파크랜드,80,문학
42384,푸른물고기,80,문학
42411,학원사(전집),80,문학
42531,한국가우스,80,문학
42344,한국뉴베리,80,문학
42394,한국뉴스타인,80,문학
42305,한국듀이,80,문학
42304,한국삐아제/한국퍼킨스,80,문학
42385,한국섬머힐,80,문학
42338,한국셰익스피어,80,문학
42386,한국아동교육미디어,80,문학
42312,한국이튼,80,문학
42382,한국파스퇴르,80,문학
42387,한국프로이드,80,문학
42388,한국헤밍웨이,80,문학
42389,한샘(전집),80,문학
42530,한솔수북(전집),80,문학
42390,현대출판사,80,문학
42336,현대출판사,80,문학
42342,홍진P&M,80,문학
42391,효리원(전집),80,문학
42306,훈민출판사,80,문학
42631,SEM,80,문학
39163,_토이북/교구,80,문학
39540,디씨북_중고기획전,80,문학
39128,문학/논술/고전,80,문학
39129,영어/학습,74,영어
39126,인물/역사/사회,90,역사
39127,자연/과학/수학,41,수학
39125,전래/명작동화,80,문학
39124,창작동화,80,문학
38410,종교/역학,20,종교
56653,가톨릭,20,종교
58027,가톨릭 문학,80,문학
58032,가톨릭 성서,20,종교
59545,성서의 이해,20,종교
59546,공동 번역 성서,20,종교
59547,구약성서 새번역 성서,20,종교
59548,분도 천주교회 200주년 신약,20,종교
59549,신약성서 새번역 성서,20,종교
58026,가톨릭 신학,20,종교
58031,가톨릭 인물,20,종교
58025,가톨릭 일반,20,종교
58028,교리/강론,20,종교
58029,신앙생활,20,종교
58030,어린이/청소년,20,종교
56652,기독교,23,기독교
58018,교회,23,기독교
59519,교회일반,23,기독교
59520,교회교육,23,기독교
59521,성경공부교재,23,기독교
74647,새신자,23,기독교
74648,어린이/청소년,23,기독교
74649,청장년,23,기독교
74440,기독교 교육,23,기독교
58015,기독교 문학,23,기독교
58016,기독교 역사,23,기독교
58017,기독교 인물,23,기독교
58014,기독교 일반,23,기독교
58012,기독교의 이해,23,기독교
58019,목회/신학,23,기독교
59522,목회일반,23,기독교
59523,신학일반,23,기독교
59524,설교/성경연구,23,기독교
59525,교회개척/성장론,23,기독교
59526,상담,23,기독교
58021,선교/전도,23,기독교
58023,성경/찬송가,23,기독교
59543,찬송가,23,기독교
59544,찬양,23,기독교
59533,한글성경,23,기독교
59534,한영/외국어 성경,23,기독교
59535,권별성경,23,기독교
59536,대조/주석성경,23,기독교
59537,큰 글자 성경,23,기독교
59538,지퍼식성경,23,기독교
59539,일러스트성경,23,기독교
59540,어린이성경/찬송가,23,기독교
59541,영어/외국어성경,74,영어
59542,오디오성경,23,기독교
88263,쓰기성경,23,기독교
144933,출판사별 성경,23,기독교
74650,개역개정판,23,기독교
74651,개역한글판,23,기독교
74652,공동번역판,23,기독교
74653,현대어성경,23,기독교
74658,새번역,23,기독교
74654,NIV 한영성경,23,기독교
74655,NLT 한영성경,23,기독교
74656,NKJV 한영성경,23,기독교
74657,기타 한영/외국어 성경,23,기독교
144934,굿뉴스,23,기독교
144935,기독지혜사,23,기독교
144936,대한기독교서회,23,기독교
144937,대한성서공회,23,기독교
144938,두란노,23,기독교
144939,말씀보존학회,23,기독교
144940,생명의말씀사,23,기독교
144941,성서원,23,기독교
144942,아가페,23,기독교
144943,예장,23,기독교
58013,성경의 이해,23,기독교
58020,신앙생활,23,기독교
59527,간증/영적성장,23,기독교
59528,예배/기도/묵상(QT),23,기독교
59529,사랑/결혼,23,기독교
59530,부부생활/자녀양육,23,기독교
59531,리더십/직업관/재물론,23,기독교
59532,신앙생활일반,23,기독교
58022,어린이/청소년,23,기독교
58024,오디오북,23,기독교
56657,명상/선,20,종교
56654,불교,22,불교
58036,불교 경전/법문,22,불교
58035,불교 문학,22,불교
58040,불교 인물,22,불교
58034,불교 일반,22,불교
58037,불교명상/수행,22,불교
58038,불교사/불교철학,10,철학
58039,불교예술/사찰,22,불교
58033,불교의 이해,22,불교
58041,어린이/청소년,22,불교
58042,티베트 불교,22,불교
59550,틱낫한,22,불교
59551,달라이 라마,22,불교
59552,티베트 불교 일반,22,불교
56655,세계의 종교,20,종교
58052,기타 종교,20,종교
58045,도교,24,천주교
58051,밀교/신비주의,20,종교
58043,세계 종교의 이해,20,종교
58047,원불교,22,불교
58044,이슬람교,20,종교
58046,증산도,20,종교
58048,천도교,24,천주교
58049,한국정교회,20,종교
58050,힌두교,20,종교
56656,역학,20,종교
58053,관상/수상,20,종교
58057,꿈풀이/해몽,20,종교
58055,사주/궁합/예언,20,종교
58059,작명,20,종교
58060,전생/환생,20,종교
58054,점성학/타로,20,종교
58056,주역,20,종교
58058,풍수지리,98,여행
56658,종교일반,20,종교
58064,비교종교,20,종교
58066,종교문학,20,종교
58062,종교사,20,종교
58061,종교의 이해,20,종교
58065,종교인물,20,종교
58063,종교철학,10,철학
38413,좋은부모,37,교육학
56667,교육,37,교육학
58095,교육법/철학,10,철학
58100,교육에세이,80,문학
58096,놀이/체험학습,37,교육학
58097,독서교육,37,교육학
90019,수학/과학,41,수학
107351,예체능,37,교육학
58099,인성/감성,37,교육학
58098,학교/학습법,37,교육학
56663,영유아,37,교육학
90566,0~12개월,37,교육학
90425,0~3세 육아,37,교육학
90426,4~7세 육아,37,교육학
58079,감성/지능계발,37,교육학
58080,교육/학습,37,교육학
58077,성장발달,37,교육학
58078,아이건강,37,교육학
58075,육아백과,37,교육학
58076,육아법,37,교육학
56666,육아,37,교육학
58092,감성/지능계발,37,교육학
58093,건강/환경,37,교육학
118506,맞벌이/워킹맘,37,교육학
58091,성장발달,37,교육학
90079,아빠 육아,37,교육학
90080,엄마 육아,37,교육학
106651,외국의 육아.교육,37,교육학
58089,육아백과,37,교육학
58090,육아법/철학,10,철학
58094,육아에세이,80,문학
56662,임신/출산,37,교육학
90137,계획임신,37,교육학
89389,백과/종합가이드,37,교육학
120320,임산부 요가/건강,37,교육학
58073,임신/출산,37,교육학
106820,자연주의 출산,37,교육학
58074,태교,37,교육학
74393,좋은 부모,37,교육학
56668,진로/적성,37,교육학
58102,대안교육,37,교육학
58104,유학,37,교육학
58101,진로설계,37,교육학
58105,특수교육,37,교육학
58103,홈스쿨링,37,교육학
56665,청소년 자녀,37,교육학
58088,인성/감성,37,교육학
58087,학습,37,교육학
56664,초등 자녀,37,교육학
58086,건강/환경,37,교육학
58081,교육방법/철학,10,철학
58082,놀이/체험학습,37,교육학
58083,독서교육,37,교육학
58085,인성/감성,37,교육학
90428,초등 고학년,37,교육학
90427,초등 저학년,37,교육학
58084,학교/학습법,37,교육학
56385,중고등참고서,37,교육학
38816,_고등학교 출판사별,37,교육학
46934,내신끝,37,교육학
42686,(주)두배의느낌,37,교육학
41484,강남교육,37,교육학
45564,교과 문학 1300제,80,문학
47187,G&G 수학 1300제,41,수학
47638,최근4개년 실전모의고사,37,교육학
43917,강남일교육,37,교육학
41100,개념원리수학연구소,41,수학
44931,개념원리수학,41,수학
44932,개념원리 내신문제집,41,수학
74843,고등RPM,41,수학
74844,고등와투와,41,수학
74845,고등기본서,41,수학
46668,모의고사 모음집,37,교육학
42522,골드&북,37,교육학
41103,골드교육,37,교육학
75209,씨뮬모의고사,37,교육학
46032,Gold 수력발전소,37,교육학
46584,OneUP 3년간,37,교육학
46667,Oneup 전국연합 + 비상에듀,37,교육학
46640,OneUP 사설모의고사,37,교육학
46909,위키,37,교육학
46079,Gold 수능 내신 모의고사,37,교육학
46074,Gold 3년간,37,교육학
46868,수능마무리 수능모의고사모음집,37,교육학
42601,골드스쿨,37,교육학
41938,골드스터디,37,교육학
47513,선택수능모의고사,37,교육학
46434,수능모의고사 모음집,37,교육학
46435,수능기출 5개년,37,교육학
45675,완전 열공 222,37,교육학
45060,교과서 다음에 반드시 풀어 봐야 할,37,교육학
45159,내신 적중예감,37,교육학
41186,교과서다음,37,교육학
40886,교학사,37,교육학
45395,X Power,37,교육학
45632,끝내주는 수능실전,37,교육학
45524,스피드 마스터,37,교육학
47421,수능비기,37,교육학
47621,맞짱뜨기,37,교육학
45667,수능의 달인,37,교육학
46882,쌈,37,교육학
46533,고생끝,37,교육학
45698,내신만만,37,교육학
45780,공쌤의 통,37,교육학
45461,엄지,37,교육학
45463,통,37,교육학
46908,수능 기출문제 닥터K,37,교육학
45481,아미고,37,교육학
45488,자습서,37,교육학
45489,좋은시절,37,교육학
45490,청출어람,37,교육학
47628,형설지공,37,교육학
45154,스피드 특강,37,교육학
41090,금성출판사,37,교육학
47162,빅뱅,37,교육학
45446,맛있는 수능,37,교육학
45065,Reader's Bank,37,교육학
45491,리더스,37,교육학
45492,자습서,37,교육학
45789,4점짜리,37,교육학
45579,3점짜리,37,교육학
45570,길토래비 내신,37,교육학
41472,길토래비,37,교육학
41095,김영사,37,교육학
44934,정답이 튀어나오는,37,교육학
44936,이 한권으로 끝이다,37,교육학
44937,여기서 다 나온다,37,교육학
45610,티치미,37,교육학
41518,깊은생각,37,교육학
41183,꿈을담는틀,37,교육학
47118,꿈틀 딱 시리즈,37,교육학
59849,단번에끝내기,37,교육학
59841,명강 시리즈,37,교육학
59842,대박 시리즈,37,교육학
59843,첫 시리즈,37,교육학
47501,단감,37,교육학
59797,연개수문,37,교육학
59395,모든것 시리즈,37,교육학
74949,문학자습서,80,문학
74740,시크릿,37,교육학
74905,수능클릭,37,교육학
74906,엑설런트명강,37,교육학
74907,First수능,37,교육학
74902,보카콕,37,교육학
45054,딱 걸렸어!,37,교육학
45477,꿈틀,37,교육학
46858,기출천하,37,교육학
42595,나이스에듀,37,교육학
41272,내신플러스(내신끝),37,교육학
45679,내신플러스 수학,41,수학
47069,별난,37,교육학
46080,블루칩 수능,37,교육학
41807,넥스웍,37,교육학
41851,노잉,37,교육학
46137,이젠,37,교육학
47631,엔설루터,37,교육학
47611,노하,37,교육학
43846,노피하이에듀케이션,37,교육학
43173,능률교육,37,교육학
47159,맞수,37,교육학
47540,수능에이드,37,교육학
74819,리딩엑스퍼트,37,교육학
74820,리스닝엑스퍼트,37,교육학
74812,상승,37,교육학
74813,수능만만,37,교육학
74809,내신평정,37,교육학
74807,자습서,37,교육학
47660,수능 99℃,37,교육학
44699,빠른독해 바른독해,37,교육학
40879,능률영어사,74,영어
45546,ESC,74,영어
45547,능률 Grammar Zone,74,영어
45548,능률 VOCA,74,영어
45560,Reading Expert,74,영어
44700,리스닝튜터,74,영어
44698,리딩튜터,74,영어
44938,능률고수,74,영어
41450,다다,37,교육학
45458,다다 언어영역,70,언어
45683,매직노트,37,교육학
47389,쏘울 기출,37,교육학
47439,기출의 재구성,37,교육학
45616,체크시리즈,37,교육학
45743,Win 시리즈,37,교육학
41520,다우미디어,37,교육학
41737,담원,37,교육학
46000,Rose+100,37,교육학
45765,모의고사모음집,37,교육학
41599,대상에듀,37,교육학
42643,대상출판,37,교육학
46912,모의고사 모음집,37,교육학
45392,대성 초이스,37,교육학
47602,대성마이맥,37,교육학
46854,대성 it book,37,교육학
45676,마하3,37,교육학
45715,대성 초이스 파이널 테스트,37,교육학
41406,대성출판문화사,37,교육학
41872,더오름,37,교육학
46158,움켜쥐기,37,교육학
46159,튠업,37,교육학
45485,전국연합 수능모의고사,37,교육학
41480,동우B&B,37,교육학
43797,두배의느낌,37,교육학
47593,내신끝,37,교육학
40880,두산동아,37,교육학
45543,지식창고,37,교육학
45534,자습서,37,교육학
44766,뜯어먹는 수능,37,교육학
45822,감탄사,37,교육학
45823,수류탄,37,교육학
46123,기적내신,37,교육학
44917,패싱코드,37,교육학
44918,지식창고 과목별문제집,37,교육학
74913,태그멘토,37,교육학
74678,수능샤워,37,교육학
44701,하이탑,37,교육학
45178,Impact,37,교육학
40907,드림미디어,37,교육학
44786,수능 모의고사 모음집,37,교육학
40891,디딤돌,37,교육학
45533,How to Read,37,교육학
45516,디딤돌 고등학교 자습서,37,교육학
47021,개념완성,37,교육학
45990,수학별곡,41,수학
45809,수능단단,37,교육학
45824,수능상상,37,교육학
46113,논자,37,교육학
46534,고득점 집중공략,37,교육학
46509,리얼모의고사,37,교육학
44919,독해달인,37,교육학
44920,수능시리즈,37,교육학
45920,슈퍼(Super),37,교육학
45727,강해수학,41,수학
45865,필수 아이템,37,교육학
45866,참신한 아이템,37,교육학
45882,언어별곡,70,언어
74948,절대문항,37,교육학
44943,TEXT,37,교육학
44954,수능잡는시리즈,37,교육학
45049,투탑,37,교육학
46185,내신스펙,37,교육학
44710,20일플래너,37,교육학
46202,우선공략,37,교육학
45155,내신만지작,37,교육학
44732,갈무리,37,교육학
42715,라인교육,37,교육학
46995,핵심 모의고사 기출문제집,37,교육학
45312,MP3,37,교육학
45554,쌍둥이 문제집,37,교육학
45850,수능 벼락치기,37,교육학
46018,연도별 수능기출문제집,37,교육학
45192,대한민국 최강 수능기출문제 시리즈,37,교육학
59290,수능 4주완성,37,교육학
74930,연도별이코노미,37,교육학
45045,수능 열강테이프 시리즈,37,교육학
46929,열공 수능기출문제집,37,교육학
45074,100% 수능형,37,교육학
41178,마더텅,37,교육학
41508,맑은샘(호크마),37,교육학
45588,호크마,37,교육학
46019,Man To Man 클릭,37,교육학
46150,Man to Man 기본영어,74,영어
45583,MAN-TO-MAN 종합영어,74,영어
45584,Man To Man 중학영어,74,영어
41504,맨투맨,37,교육학
41438,메가북스(메가스터디),37,교육학
47435,수능 안테나,37,교육학
47143,수능파스타,37,교육학
59765,메가스터디 기출 해설서,37,교육학
59377,메가스터디 큐피드,37,교육학
74889,N-tree엔트리,37,교육학
74917,기출해설서_E후,37,교육학
74918,메가OO제_언어영역,70,언어
74919,메가OO제_외국어영역,37,교육학
74920,메가OO제_수리영역,37,교육학
74921,메가OO제_사탐영역,37,교육학
74922,메가OO제_과탐영역,37,교육학
74923,12종문학기본서,80,문학
74924,플래닛,37,교육학
74925,메시지,37,교육학
74926,더뉴클래식,37,교육학
74927,나이스,37,교육학
47633,메가스터디 기출,37,교육학
46910,메가스터디 수능,37,교육학
46190,수능기출 모의고사 모음집,37,교육학
41884,메인에듀,37,교육학
42726,문원각,37,교육학
46999,글동산,37,교육학
40887,미래엔(대한교과서),37,교육학
46126,생생수다,37,교육학
46108,단비를 만나다,37,교육학
45788,손쉬운,37,교육학
45799,깨부수기,37,교육학
47616,매쓰블릭,37,교육학
45391,VIEW,37,교육학
44925,아자 고등학교,37,교육학
44916,파사쥬,37,교육학
44930,SPC,37,교육학
45189,손쉽게 끝장내는,37,교육학
45716,1등급 만들기,37,교육학
45604,파사쥬 실전모의고사,37,교육학
59798,Allead(올리드),37,교육학
46192,파사쥬 Red Book,37,교육학
46193,파사쥬 Black Book,37,교육학
46194,파사쥬 White Book,37,교육학
46195,파사쥬 Yellow Book,37,교육학
46196,파사쥬 Blue Book,37,교육학
46211,유별난 수능기출,37,교육학
47639,수능 적중 기출 & 예상 문제집,37,교육학
45493,hi-VIEW,37,교육학
45510,클라비스,37,교육학
45504,셀프 2 IN 1,37,교육학
45502,대한교과서 고등학교 자습서,37,교육학
43845,밀레니엄에듀,37,교육학
47610,수능마무리 수능모의고사 모음집,37,교육학
45453,아작,37,교육학
41447,박학천논술연구소,37,교육학
41648,배꼽,37,교육학
45875,자익스,37,교육학
45843,Well Made,37,교육학
46911,포인트콕,37,교육학
41622,법문사,37,교육학
41850,베스트고시,37,교육학
46136,1등급 바이블,37,교육학
40877,블랙박스(JINHAK),37,교육학
47609,블랙라벨,37,교육학
46898,블랙박스 기출스페셜,37,교육학
45995,파이널 등업,37,교육학
45810,SWOT,37,교육학
45825,Kiss the Math,37,교육학
45627,블랙박스 파이널,37,교육학
45536,본 원리 수학,41,수학
45092,한권에 잡히는,37,교육학
45120,내신끝내기,37,교육학
44921,수능,37,교육학
44922,4점짜리,37,교육학
45460,블독,37,교육학
45761,단호박,37,교육학
45747,내신에 좋은 앎세포,37,교육학
45898,문제대사전,37,교육학
45917,오만과 편견,37,교육학
45040,최종예언,37,교육학
44695,블랙박스,37,교육학
44696,20강짜리,37,교육학
46198,블랙박스 수능,37,교육학
60188,언어스캔들,70,언어
43876,비상교육,37,교육학
47625,오투,37,교육학
47629,수능 아우라,37,교육학
47630,한끝,37,교육학
45323,내공의 힘,37,교육학
47624,ssol 쏠,37,교육학
46893,수능 아우라,37,교육학
45459,한끝(한권으로끝내기),37,교육학
74876,리더스뱅크,37,교육학
46199,수능완자,37,교육학
45172,완자,37,교육학
45512,비상,37,교육학
45513,비상 언어영역의 원리,70,언어
45514,개념 플러스 유형,37,교육학
45515,오투,37,교육학
47636,언어예찬,70,언어
41247,비유와상징,37,교육학
41192,비전,37,교육학
45069,우선순위,37,교육학
46992,쭉쭉 읽어라,37,교육학
46993,패스트리딩,37,교육학
47443,강남구청 인터넷 수능방송,37,교육학
45320,사이언스 브릿지,37,교육학
41284,사이언스브릿지,37,교육학
42875,사피엔스21,37,교육학
74996,경선식EBS,37,교육학
47132,(소동)수학의재구성,41,수학
47115,기술자군 언어,70,언어
74823,기적시리즈,37,교육학
74880,유난히수학,41,수학
74885,경선식수능,37,교육학
74687,시간단축,37,교육학
60072,외국어의기술,37,교육학
45828,엑시트,37,교육학
45469,비전,37,교육학
41456,삼성출판사,37,교육학
41387,새롬교육,37,교육학
45834,친절한 내신,37,교육학
45685,4주혁명,37,교육학
45967,등급올리기,37,교육학
47622,수능 기출백서,37,교육학
45388,해커,37,교육학
45521,열독,37,교육학
45522,내신특강,37,교육학
45517,내신만점,37,교육학
45518,그래머 패러다임,37,교육학
45519,리딩패러다임,37,교육학
59554,이배속,37,교육학
46710,쿨,37,교육학
46645,내신기출 족보,37,교육학
45327,새롬N제,37,교육학
45860,사피엔스,37,교육학
45916,엑스-텐,37,교육학
45923,스카이(SKY),37,교육학
45609,하루에 10분,37,교육학
46153,싹쓰리,37,교육학
46442,노다지,37,교육학
46086,수문짱,37,교육학
46091,레디고,37,교육학
45663,ON AIR,37,교육학
45195,그대로,37,교육학
45479,자익스,37,교육학
41214,샤우트,37,교육학
41193,서울에듀,37,교육학
45072,한수위,37,교육학
45064,성문영어,74,영어
41189,성문출판사,37,교육학
41191,성지수학,41,수학
74987,실력수학,41,수학
74840,기본수학유형집,41,수학
45068,수학의 정석,41,수학
47121,절대 모의고사,37,교육학
47022,자이 프리미엄,37,교육학
45965,1등급 급소 공략 모의고사,37,교육학
45433,자이 스토리,37,교육학
45578,독하게 1등급 맞자,37,교육학
45465,올찬,37,교육학
45466,나비,37,교육학
46217,1등급 상상,37,교육학
46160,토네이도,37,교육학
41439,수경,37,교육학
41045,수능교육21,37,교육학
45827,수능모의고사 모음집,37,교육학
47619,UNI로,37,교육학
44873,최근15년간,37,교육학
41181,수앤수,37,교육학
47606,수리보감,37,교육학
46458,수능사신기,37,교육학
46132,찍어내기,37,교육학
45050,Open Brain,37,교육학
46092,10주 꿀꺽,41,수학
46093,라이브,41,수학
41814,수학은국력,41,수학
41298,수호천사 총력,37,교육학
45247,수호천사 총력,37,교육학
45248,천하통일,37,교육학
45735,자신감,37,교육학
46916,생강,37,교육학
42649,스터디하우스,37,교육학
42512,시대교육,37,교육학
46655,올해논술,37,교육학
45895,수능적중 기출문제 모의고사 모음집,37,교육학
45720,이그잼뱅크,37,교육학
45721,수능적중 수능적중 제2외국어 모음집,37,교육학
47200,사탐.과탐 모의고사 수능기출 모음집,37,교육학
45483,수능 내신 대비 모의고사 총정리,37,교육학
41474,시사대입수능뱅크,37,교육학
43732,시사외국어사,37,교육학
47580,5개년 실전모의고사,37,교육학
47551,4개년 실전모의고사,37,교육학
47657,17개년 실전모의고사,37,교육학
46467,깜냥,37,교육학
42061,시스컴,37,교육학
42501,신지원,37,교육학
46653,통합논술,37,교육학
45835,어법끝 어휘끝,37,교육학
45830,천일문,37,교육학
45831,리딩 플레이어,37,교육학
47161,쎄듀 모의고사,37,교육학
59767,첫단추시리즈,37,교육학
59768,파워업시리즈,37,교육학
59769,천일문SW,37,교육학
41616,쎄듀,37,교육학
41950,아띠,37,교육학
46448,수능기출 업어치기,37,교육학
45429,Sola,37,교육학
45587,Sola 찍어내기,37,교육학
46204,수리보감,37,교육학
46941,아주 특별한 수학,41,수학
41416,아이수앤수(수앤수),37,교육학
41604,아이옥스,37,교육학
45779,지피지기 백전백승,37,교육학
74822,개념원론,37,교육학
46481,완全정복,37,교육학
41094,아이템풀 에듀,37,교육학
42770,애니모비,37,교육학
47018,강남구청 인터넷 수능방송,37,교육학
46933,공부의 신,37,교육학
42680,에듀왕,37,교육학
41179,에브라임,37,교육학
47019,대훈수학,41,수학
45048,에브라임,37,교육학
44926,신드롬 수능대비,37,교육학
44927,워드샵 Word#,37,교육학
44928,이디엄샵 Idiom#,37,교육학
41098,엘타(ELTA),37,교육학
41185,열린사고,37,교육학
45057,캡슐,37,교육학
44910,힘,37,교육학
45071,수능 투데이,37,교육학
41083,열림교육,37,교육학
41097,영인기획,37,교육학
44929,당당,37,교육학
45862,언어육법,70,언어
45043,Nonstop Class,37,교육학
45476,당당한 1등급,37,교육학
45987,와이즈스톰 특강플러스,37,교육학
46149,고단수,37,교육학
46507,명장,37,교육학
45926,와이즈스톰(Wise Storm),37,교육학
46734,풀리,37,교육학
46191,수능력발전소,37,교육학
46155,수능테라피,37,교육학
41684,와이즈스톰,37,교육학
41612,유웨이북스(UwayBooks),37,교육학
46878,쌩유,37,교육학
46891,오소리,37,교육학
45637,수능대세,37,교육학
45897,고난도 킬러,37,교육학
45915,내신대세,37,교육학
45913,공감,37,교육학
45402,숨마쿰라우데,37,교육학
46188,미래로수능기출,37,교육학
46189,미래로수능예상,37,교육학
41412,이룸E&B,37,교육학
40876,이투스,37,교육학
74992,워드마스터,37,교육학
45555,앱솔루트,37,교육학
46106,삼매경,37,교육학
46459,마스터 플러스,37,교육학
46515,수능기출사,37,교육학
46876,희망특강,37,교육학
47612,누드문제집,37,교육학
44911,툭하면 나오는,37,교육학
44906,新수학의 바이블,41,수학
75186,반전모의고사,37,교육학
74958,6inch 수학,41,수학
74874,몽땅벗기기,37,교육학
74908,누드교과서_1Day,37,교육학
74909,누드교과서_언수외,37,교육학
74910,누드교과서SE_과탐,37,교육학
74911,누드교과서SE_사탐,37,교육학
74937,누드교과서_사과탐,37,교육학
44691,누드교과서,37,교육학
45070,끝내기,37,교육학
45073,구주이배,37,교육학
60073,누드기출사,37,교육학
58984,입시플라이,37,교육학
59900,3개년 모음집,37,교육학
59901,7개년 모음집,37,교육학
59902,4개년 모음집,37,교육학
74875,5개년,37,교육학
45185,수능 히스토리,37,교육학
45577,삼위일체,37,교육학
41282,자신감,37,교육학
41682,제일교육,37,교육학
45922,Lead 모의고사모음집,37,교육학
46104,일거양득,37,교육학
46147,전국연합 모의고사,37,교육학
41821,젤존책,37,교육학
41871,종로학평,37,교육학
46519,종로교재 시리즈,37,교육학
46157,종로핵심체크,37,교육학
47591,Concept,37,교육학
47620,고함,37,교육학
47618,베테랑,37,교육학
45793,수능다큐,37,교육학
46101,신사고 우공비,37,교육학
46097,신사고 개구리,37,교육학
46503,수능 두배,37,교육학
45538,신사고 팝콘,37,교육학
45539,올리브,37,교육학
45540,영어듣끼,74,영어
45542,"나, 수학 문제집",41,수학
45544,쏙,37,교육학
45545,내신 1등급 문제집 일품,37,교육학
45393,알짬,37,교육학
45097,파란,37,교육학
45122,쎈 수학,41,수학
44913,신사고 S수능,37,교육학
45455,The M(디:엠),37,교육학
59408,6평리포트,37,교육학
45607,피드백 파이널,37,교육학
45589,ID 7,37,교육학
45328,오감도,37,교육학
59805,샐러드,37,교육학
59815,신사고 V수능,37,교육학
59816,진짜영문법,37,교육학
74963,Concept新수능,37,교육학
74870,개념쎈,37,교육학
74893,언어의기술,70,언어
44941,특작,37,교육학
41089,좋은책신사고,37,교육학
41046,중앙교육진흥연구소,37,교육학
44904,A+ 특강,37,교육학
44888,A+ New Leader,37,교육학
45263,써머리,37,교육학
47599,A+ 수능단기특강 촉,37,교육학
46896,A+ 솔리드 리뉴,37,교육학
47179,A+ 초강수,37,교육학
45693,고난도 킬러,37,교육학
45691,A+ 수능 올리고,37,교육학
46002,수능 약방문,37,교육학
45795,자습서,37,교육학
46124,A+ 수능잡는 특강,37,교육학
46869,A+ 수능 ASAP(아삽),37,교육학
44914,A+ 솔리드,37,교육학
45191,내신 4U,37,교육학
45755,Hi-D,37,교육학
45759,쉽게풀자 용기 100배,37,교육학
45928,네버다이 수능기출문제,37,교육학
74821,A+ New Leader,37,교육학
44946,Hi-D3,37,교육학
45160,A+ 아이윈,37,교육학
46197,A+ 사과향,37,교육학
42612,중앙입시문제연구소,37,교육학
47120,3개년 기출문제집,37,교육학
47595,수능5개년 기출문제집,37,교육학
74676,6개년 수능기출문제집,37,교육학
45918,일등공신,37,교육학
45478,脈(맥),37,교육학
41469,중앙SAT,37,교육학
41093,즐겨찾기,37,교육학
46897,수능기출족보,37,교육학
47614,IN 수능족보,37,교육학
47615,IN 지플러스,37,교육학
44924,IN,37,교육학
59838,비문신공,37,교육학
74916,수나공,37,교육학
74793,BEST수능특강,37,교육학
74794,쫑내기시리즈,37,교육학
58902,지공신공,37,교육학
41069,지학사,45,지학
74972,"단,",45,지학
74973,언어알약,70,언어
74974,레시피,45,지학
74975,꽉잡기,45,지학
74976,EG ALIVE,45,지학
74977,영어듣기말하기,74,영어
74978,영문독해,45,지학
74979,풍산자필수유형,45,지학
74980,자율학습,45,지학
74981,현대문학감상,80,문학
74982,실전모의고사,45,지학
74983,출제자의Sign찾기,45,지학
74989,독서평설,45,지학
45692,하이라이트 특강,45,지학
45558,하이라이트 Listening Speaking Reading,45,지학
45561,수신 &,45,지학
45562,레시피,45,지학
45385,자율학습(고등학교 자습서),45,지학
44890,하이라이트 핵심,45,지학
45125,선,45,지학
44909,수,45,지학
45447,비콘,45,지학
47544,독서평설,45,지학
47498,풍산자,45,지학
45855,수제비,45,지학
46711,스페셜,45,지학
74839,교과서뛰어넘기,45,지학
44939,참 플러스,45,지학
45056,파이널 체크,45,지학
45462,내신 &,45,지학
47654,비트,45,지학
46178,꼭풀기,37,교육학
41875,진학에듀,37,교육학
42811,참다래,37,교육학
47080,수능기출/평가원 모음집,37,교육학
74800,수시적성,37,교육학
40902,창과창,37,교육학
44874,Soft 7차교육과정 기본서,37,교육학
44769,듀오,37,교육학
45042,하이브레인 더블피드백,37,교육학
45157,수능 박치기,37,교육학
42159,창의력개발연구소,32,경제학
46505,꿩먹고 알먹고,32,경제학
46528,수능먹고 대학먹고 프로젝트,37,교육학
74869,찜2012,37,교육학
60153,언어영역 찜,70,언어
60154,찜 전국연합,37,교육학
59099,책을빚는사람들의터,37,교육학
40897,천재교육,37,교육학
46877,셀파,37,교육학
47598,체크체크,37,교육학
47594,해법 수준별,37,교육학
45625,최종점검,37,교육학
45296,미래창조,37,교육학
45292,해법 4%,37,교육학
45121,스피드 솔루션,37,교육학
45454,해법 빈도순 수능 기출문제집,37,교육학
45442,해법 베이직,37,교육학
45435,Dream Book(드림북),37,교육학
45896,천재교육 자습서,37,교육학
45946,고등 올백,37,교육학
45745,DICA(디카),37,교육학
45585,시선집중,37,교육학
74872,수능EX,37,교육학
74887,셀파기본영어,74,영어
74888,스피드솔류션,37,교육학
74748,셀파해법수학,41,수학
74749,개벽언어,70,언어
74750,다문항수학,41,수학
74751,셀파실전모의고사,37,교육학
74752,수능달인,37,교육학
74896,고등셀파,37,교육학
74897,수능터치,37,교육학
74898,수능셀파,37,교육학
74899,내신ZiP,37,교육학
74900,해법문학,80,문학
45496,수능급소,37,교육학
45497,HB Grammar,37,교육학
45498,Shortcut 듣기,37,교육학
45507,Up & Up,37,교육학
46201,무한도전,37,교육학
45158,해법 테크노,37,교육학
44719,해법 문제집,37,교육학
41760,탄탄교육/(주)수학은국력,41,수학
46030,10주 꿀꺽 수학,41,수학
46118,평가원.전국연합 모음집,37,교육학
46151,전국연합학력평가 모음집,37,교육학
47574,핵심 4개년 모의고사 모음집,37,교육학
41829,파워북,37,교육학
41188,퍼브릭아이,37,교육학
46130,퍼지북스,37,교육학
45063,유난히 설명이 잘된 수학,41,수학
46131,e-pass zone,37,교육학
41841,퍼지북스,37,교육학
41828,평가교육자료원,37,교육학
46117,모의고사 기출모음집,37,교육학
74995,참쉬운수학,41,수학
45482,완전변태,37,교육학
41473,플러스예감,37,교육학
41198,하비스트(올플커뮤니케이션),37,교육학
45630,올플 400제,37,교육학
45322,올플,37,교육학
45963,올플 나노튜너,37,교육학
47442,올플 나노,37,교육학
45736,올플 딕,37,교육학
45177,올플 나노파워,37,교육학
47617,3.6.9 수능모의고사모음집,37,교육학
43854,학력진단연구원,37,교육학
41610,학천미디어,37,교육학
45798,수능적중특강,37,교육학
46105,찜,37,교육학
46823,SJR FInal,37,교육학
46824,내점수 수학,41,수학
47119,SG수능기출,37,교육학
47186,수능마무리 SN,37,교육학
42568,한결북스,37,교육학
41187,한국학력평가원,37,교육학
45829,엑시트,37,교육학
45658,파이널 엑시트,37,교육학
45175,엑시트 명쾌통쾌,37,교육학
45062,엑시트 단기완성,37,교육학
47512,봉투 모의고사,37,교육학
43626,한나래,37,교육학
41177,한솔교육(단단북스),37,교육학
45852,멘토,37,교육학
45826,고구마,37,교육학
45681,돌풍,37,교육학
47582,카이수학,41,수학
45265,Upgrade! 고품격,37,교육학
45863,1등급,37,교육학
45883,동문선,37,교육학
46939,수능기출백서,37,교육학
46077,난타,37,교육학
47133,DMZ 수학,41,수학
42942,한솔GRU,37,교육학
41385,해냄에듀,37,교육학
45973,더블체크,37,교육학
45819,해냄 수능,37,교육학
45837,기출 플러스,37,교육학
46857,언해본,37,교육학
46139,노피현,37,교육학
46107,신공,37,교육학
45324,해냄원리,37,교육학
74915,12종 문학 통합 문제집,80,문학
47601,영어의구세주,74,영어
59289,SG 수능기출분석 스타강사,37,교육학
43818,현재와미래,37,교육학
41561,화인미디어,37,교육학
45717,수학거미,41,수학
45674,수능 쿠키 파이널,37,교육학
45988,쿠키 수능 다푼다,37,교육학
41533,cookie,37,교육학
41617,ETOOS.두산동아,37,교육학
45838,지성술,37,교육학
45944,모의고사 모음집,37,교육학
41689,HSedu,37,교육학
43720,KT정보에듀,37,교육학
47539,Qook,37,교육학
45567,별,37,교육학
45553,Power Up,37,교육학
47180,I Love Draw,37,교육학
41483,NewUp(뉴업),37,교육학
43465,자습서,37,교육학
38815,_중학교 출판사별,37,교육학
46016,기통찬,37,교육학
41755,(주)도전과응전,37,교육학
41839,(주)수학과창의력,41,수학
46125,Seven Math,41,수학
47150,고공비행,37,교육학
43006,(주)타임교육,37,교육학
41738,가즈토이,37,교육학
46001,청문재,37,교육학
45686,G&G 수학 1800제,41,수학
46529,G&G 수학 1300제,41,수학
45464,G&G 수학 2000제,41,수학
41453,강남교육,37,교육학
41101,개념원리수학연구소,41,수학
45968,개념원리 문제은행,41,수학
47590,Go단수,41,수학
44933,개념원리 중학수학,41,수학
45329,개념원리 내신100점,41,수학
74846,예비중학수학,41,수학
74847,중등RPM,41,수학
74841,GO단수,41,수학
74842,중등기본서,41,수학
45330,지앤지 스쿨,37,교육학
45331,지앤지 특강,37,교육학
41388,교과서다음,37,교육학
41401,교육사랑,37,교육학
45387,내신정석문제집,37,교육학
40898,교학사,37,교육학
45394,엄지,37,교육학
45523,자습서,37,교육학
46827,쌈,37,교육학
45668,필승 고입예상문제,37,교육학
45833,Super(슈퍼),37,교육학
45746,만점,37,교육학
47550,나노,37,교육학
74962,여기다(리그잼),37,교육학
45149,즐공,37,교육학
45044,마이코치,37,교육학
45041,내신상상,37,교육학
44727,하이코스,37,교육학
41708,글산,37,교육학
45964,로댕,37,교육학
45529,자습서,37,교육학
45688,아낌없이 주는,37,교육학
45677,원터치,37,교육학
45671,한번에 푸는,37,교육학
45456,내신올리기,37,교육학
46703,이글루,37,교육학
45943,내신최강,37,교육학
45058,리더스,37,교육학
45066,Reader's Bank,37,교육학
41086,금성출판사,37,교육학
41102,김영사,37,교육학
44935,이 한권으로 끝이다,37,교육학
47163,다나와,37,교육학
46826,단감,37,교육학
45549,꿈틀,37,교육학
47571,수학나비,41,수학
47549,나비,37,교육학
74886,Yes영어,74,영어
74903,꿈틀중학,37,교육학
74904,수학의모든것,41,수학
74901,콕중등,37,교육학
45055,딱 걸렸어!,37,교육학
41184,꿈을담는틀,37,교육학
41273,내신플러스(내신끝),37,교육학
45174,(내신플러스)내신끝 수학,41,수학
45146,블로그,37,교육학
46102,손에 잡히는,37,교육학
41176,노벨과개미,37,교육학
43777,노피하이에듀케이션,37,교육학
47579,NOHA,37,교육학
40884,능률영어사,74,영어
74661,중등내신평정,74,영어
45550,1316 팬클럽,74,영어
46527,주니어 능률 VOCA,74,영어
45445,주니어 리스닝튜터,74,영어
59869,능률중학영어,74,영어
74808,구문마스터,74,영어
74810,그래머존,74,영어
74811,리딩다이어트,74,영어
74814,외고대비,74,영어
74815,중학영어듣기,74,영어
74816,그래머인사이드,74,영어
74817,주니어리딩엑스퍼트,74,영어
74818,주니어리스닝엑스퍼트,74,영어
74871,NEAT BITE,74,영어
44706,주니어 리딩튜터,74,영어
41218,대교출판,37,교육학
46825,내세움,37,교육학
46811,일타,37,교육학
47607,일급수,37,교육학
45098,내신완성,37,교육학
45526,7일만에 끝내기,37,교육학
57307,데이터뱅크,37,교육학
41211,동화사,37,교육학
45100,정선 2학기 기말고사 1급 정보파일,37,교육학
45268,적중 레벨 업,37,교육학
45631,고입선발고사 예상문제집,37,교육학
45628,정선 1학기 기말고사 1급 정보파일,37,교육학
45846,N-Jjang 평가문제집,37,교육학
45841,동화사 중학교 자습서,37,교육학
46493,적중 학업성취도평가,37,교육학
45434,N-Jjang,37,교육학
47592,내신끝,37,교육학
43796,두배의느낌,37,교육학
40883,두산동아,37,교육학
45818,유격수,37,교육학
46112,일등예감,37,교육학
46114,기적내신,37,교육학
45389,내신평가문제집,37,교육학
45124,기말고사 완전정복,37,교육학
44877,Vitamin,37,교육학
45081,내신 셤 ZZANG,37,교육학
44767,자습서,37,교육학
44884,뜯어먹는 시리즈,37,교육학
45186,내신만점,37,교육학
59824,중등하이탑,37,교육학
74792,OOin,37,교육학
44703,수 프로젝트,37,교육학
45486,중간고사 완전정복,37,교육학
60069,수학제패,41,수학
46072,100점 기출문제집,37,교육학
45531,Why Grammar,37,교육학
45532,How to Read,37,교육학
45537,최상위 수학,41,수학
45791,자습서,37,교육학
45792,평가문제집,37,교육학
59665,오디,37,교육학
45740,중학수학,41,수학
45756,이어폰,37,교육학
46630,알찬 기출문제집,37,교육학
74671,톡!서술형,37,교육학
74837,내신시험마스터,37,교육학
44705,투탑,37,교육학
46443,최고득점,37,교육학
40882,디딤돌,37,교육학
41386,루핑,37,교육학
45325,하이루,37,교육학
45725,Simple & Easy 특경넘기,37,교육학
45726,Simple & Easy,37,교육학
41564,링구아포럼,37,교육학
41213,마더텅,37,교육학
46013,중학영문법연습 3800제,37,교육학
46014,중학 국어.생활국어 유형별 실전문제집,37,교육학
46015,처음 만나는 중학 수능형 영문독해,37,교육학
45094,100% 실전대비 중학영어듣기 20회 모의고사,74,영어
45742,100% 실전대비 중학영어듣기 24회 모의고사,74,영어
74664,중학영어독해,74,영어
45582,주니어 보이는 독해,37,교육학
41503,맨투맨,37,교육학
40903,미래엔(대한교과서),37,교육학
44771,봐 시리즈,37,교육학
47576,매쓰블릭,37,교육학
47577,싸이젠,37,교육학
46504,고입선발 적중예상,37,교육학
46525,유별난,37,교육학
46098,일등급,37,교육학
44915,아자 중학교,37,교육학
45748,우리학교 기말고사,37,교육학
45171,깜지 중학,37,교육학
44956,우리학교 중간고사,37,교육학
45038,내신특강,37,교육학
45500,대한교과서 중학교 자습서,37,교육학
45501,대한교과서 평가문제집,37,교육학
45511,황제수학,41,수학
60156,1등만들기,37,교육학
41531,블랙박스(진학사),37,교육학
46115,블랙박스,37,교육학
45673,두드림,37,교육학
45749,앎세포,37,교육학
46736,한끝 영어,74,영어
46852,수학의 신,41,수학
47589,유형아작,37,교육학
47581,완자알집,37,교육학
45096,내공의 힘,37,교육학
45102,개념+유형,37,교육학
44940,한권으로 끝내기/시작하기,37,교육학
45467,오투,37,교육학
45468,완자,37,교육학
45509,해피뉴이어 중학영어듣기,74,영어
41104,비유와상징,37,교육학
41488,비전,37,교육학
45571,우선순위,37,교육학
46991,쭉쭉 읽어라,37,교육학
45975,DMZ,37,교육학
41726,삼성출판사,37,교육학
41619,삼일교육,37,교육학
45842,지식 영토확장,37,교육학
46152,특강 지식영토확장,37,교육학
45156,라이브 비켜 T.T.T,37,교육학
41251,샘물출판사,37,교육학
58541,성지출판,37,교육학
41810,수학은국력,41,수학
46085,윈윈수학,41,수학
46095,헤드투헤드,41,수학
46096,문제은행 3000제,41,수학
46446,기출문제 즐겨찾기,37,교육학
41947,스터디메이트,37,교육학
42077,시사외국어사,37,교육학
46473,실전 기출문제,37,교육학
59770,GQ 시리즈,37,교육학
59771,파이어 시리즈,37,교육학
59772,레볼루션시리즈,37,교육학
46087,천일문 기초편,37,교육학
41811,쎄듀,37,교육학
41286,쓰리텀,37,교육학
45283,쓰리텀,37,교육학
45741,선행수학,41,수학
45744,선행영어,74,영어
46517,학업성취도평가 기출문제집,37,교육학
74938,보물찾기,37,교육학
42238,아이옥스,37,교육학
41194,에듀왕,37,교육학
74662,공부의신 내신UP,37,교육학
45636,루라,37,교육학
45633,하이,37,교육학
45634,도도,37,교육학
45076,왕수학,41,수학
46829,공부의 신,37,교육학
46855,공부의 신 싹쓸이,37,교육학
45762,원츄,37,교육학
46629,SOS 긴급출동,37,교육학
74928,속깊은중등,37,교육학
74680,공부의신 사회,37,교육학
74681,공부의신 과학,40,자연과학
74682,공부의신 S수학,41,수학
74683,공부의신 특강,37,교육학
74684,공부의신 VOCA,37,교육학
74685,공부의신 수학,41,수학
47552,인프라,37,교육학
43743,에듀탑,37,교육학
41728,에이급출판사,37,교육학
45977,에이급 수학,41,수학
45978,에이급 원리해설수학,41,수학
45982,특목고 미리보기,37,교육학
45983,특목고 슈멩,37,교육학
47339,내신포커싱,37,교육학
43438,에이블북스,37,교육학
41614,엘타(ELTA),37,교육학
46881,Understand,37,교육학
45814,워드샵,37,교육학
45815,디렉터,37,교육학
60133,Reading Complete,74,영어
60134,Reading Street,74,영어
60135,I Read,74,영어
60136,Listening Complete,74,영어
60137,Listen To Me,74,영어
60138,Listen Carefully,74,영어
60139,문제로 문법책,74,영어
60140,Grammar Complete,74,영어
60141,Xpert TOEFL Actual Test,74,영어
60142,Xpert TEPS Actual Test,74,영어
59085,영어책,74,영어
41688,영재교육방송,37,교육학
45941,Line-up(라인업),37,교육학
45078,언어영역 마법사,70,언어
41195,위즈북스,37,교육학
42588,유웨이북스,37,교육학
46846,틴클,37,교육학
60105,중학영단어,37,교육학
58807,은파윈쓰리,37,교육학
42573,이든누리,37,교육학
47020,내신 샵,37,교육학
46828,소나무,37,교육학
45082,알지,37,교육학
41199,인앤아웃,37,교육학
41485,적중닷컴,37,교육학
45568,적중닷컴 중간고사,37,교육학
45974,적중닷컴 기말고사,37,교육학
46460,Win Top,37,교육학
45942,적중TOP,37,교육학
45541,The M(디:엠),37,교육학
45099,파란,37,교육학
46099,우공비,37,교육학
45739,쎈 수학,41,수학
47547,Concept,37,교육학
59817,진짜영문법,37,교육학
46708,우공비Q,37,교육학
74894,아톰과학,40,자연과학
74895,스톰사회,37,교육학
74836,일품중등,37,교육학
46215,팝콘영어,74,영어
41219,좋은책,37,교육학
40889,중앙교육진흥연구소,37,교육학
45384,A+ 필수,37,교육학
45622,고입예상문제집,37,교육학
45563,중앙교육진흥연구소 중학교 자습서,37,교육학
45101,A+ RGO,37,교육학
45796,자습서,37,교육학
46455,전과목 만점예감,37,교육학
46871,A+ 오키도키,37,교육학
45766,내신 평가문항집,37,교육학
44709,교과서 평가문항집,37,교육학
41087,중앙입시교육연구원,37,교육학
47160,튜터,37,교육학
45220,암기과목 족집게 예상문제,37,교육학
47016,난다 비오비,37,교육학
41060,지학사,45,지학
74971,쓰기노트,45,지학
44885,클루 중학시리즈,45,지학
45559,지학사 중학 자습서,45,지학
45556,하이라이트 중간고사,45,지학
45557,특강,45,지학
45664,하이라이트 기말고사,45,지학
45680,우수문항 평가,45,지학
45790,내 책상위의,45,지학
45757,고난도,45,지학
47543,독서평설,45,지학
59294,내신만점 방과후특강,45,지학
74965,The Real English,45,지학
74966,풍산자필수유형,45,지학
74967,교과서뛰어넘기,45,지학
74968,1등급중학국어,45,지학
74969,내책상위의,45,지학
74970,비법,45,지학
74838,내신만점,45,지학
45047,하이라이트 평가문제집,45,지학
43554,찬스(chance),37,교육학
47441,만점 찬스(중간/기말),37,교육학
59557,똑똑샘 국어,37,교육학
74829,탐나는국어,37,교육학
74830,중간/기말고사,37,교육학
58111,창비,37,교육학
43009,창의와공감(창공),37,교육학
47151,공감대,37,교육학
40881,천재교육,37,교육학
46885,해법 수준별,37,교육학
46844,해법 스쿨 플러스,37,교육학
45832,교과서평가문제,37,교육학
45669,싱크로드,37,교육학
45670,천재교육 중학교 자습서,37,교육학
45684,올백 기출문제집,37,교육학
45690,해법 신입생,37,교육학
46100,해법 열공,37,교육학
45972,유형별 해법수학,41,수학
46894,셀파,37,교육학
47587,수준별 중학 영어,74,영어
45126,기말고사 예상문제,37,교육학
45266,체크체크,37,교육학
45190,테마특강,37,교육학
59407,Listen Up 중학 영어듣기 모의고사 2+16+2,74,영어
59766,수준별 중학 수학,41,수학
45784,천재 2000제,37,교육학
47541,해법 2000제,37,교육학
45580,고입예상문제집,37,교육학
45601,중간고사 예상문제,37,교육학
74964,올인수학기출,41,수학
74741,셀파시리즈,37,교육학
74742,2000시리즈,37,교육학
74743,핫이슈 수학,41,수학
74744,기출트렌드,37,교육학
74745,수준별시리즈,37,교육학
74746,해법고입총정리,37,교육학
74747,고입선발 모의고사,37,교육학
74753,스쿨플러스,37,교육학
44702,해법수학문제집,41,수학
44704,일등수학,41,수학
45046,필시리즈,37,교육학
45061,로드맵,37,교육학
45503,최고수준 해법수학,41,수학
45494,해법 시리즈,37,교육학
44720,Hello 시리즈,37,교육학
42432,케이스,37,교육학
46613,한통속,37,교육학
47608,미국교과서읽는,37,교육학
59558,미국교과서 읽는 리딩,37,교육학
74879,절대로영문법Basic,37,교육학
60184,절대로 영문법 4200제,37,교육학
43748,키출판사,37,교육학
41190,탄탄교육,37,교육학
46880,자주수학,41,수학
46017,탄탄수학,41,수학
45311,내신급소,37,교육학
45282,탄탄스쿨,37,교육학
45618,탄탄수학 3030,41,수학
42613,투씨,37,교육학
42889,파란교육,37,교육학
47116,학교기출 문제은행,37,교육학
46831,내공신비,37,교육학
42574,퍼지북스,37,교육학
43785,플러스예감,37,교육학
47585,완변,37,교육학
74951,수포자도통하는,37,교육학
45666,올플 단공,37,교육학
46586,올플 만점 시리즈,37,교육학
46128,만점수학,41,수학
41529,하비스트(올플커뮤니케이션),37,교육학
41695,학문출판사,37,교육학
45962,다다익선,37,교육학
45732,호미 키워드 수학 섹션북,41,수학
41566,한그루,37,교육학
42922,한솔GRU,37,교육학
47131,DMZ 수학,41,수학
45970,하루영문법 하루영단어,37,교육학
41725,해냄에듀,37,교육학
41565,해피에듀,37,교육학
47626,전자참고서 해라클래스,37,교육학
45728,일루와 중학,37,교육학
46616,Happy한,37,교육학
56701,고등-문제집,37,교육학
58232,과학탐구,37,교육학
58233,기타영역,37,교육학
58231,사회탐구,37,교육학
58229,수리영역,37,교육학
58228,언어영역,70,언어
58230,외국어영역,37,교육학
56700,고등-자습서,37,교육학
58226,과학,40,자연과학
58222,국어,37,교육학
58227,기타,37,교육학
58225,사회문화,37,교육학
58224,수학,41,수학
58223,영어,74,영어
74377,고등학교,37,교육학
74476,고등학교 출판사별,37,교육학
74644,리딩영어사,74,영어
74635,김찬휘영어연구소,74,영어
74604,평가교육자료원,37,교육학
74566,Every365,37,교육학
74560,상상아카데미,37,교육학
74551,하비스트,37,교육학
74552,즐겨찾기,37,교육학
74553,쏠티북스,37,교육학
74554,이지수능교육,37,교육학
74517,창비(학습),37,교육학
74523,서울고시각,37,교육학
74544,티치미,37,교육학
74545,씨사이트,37,교육학
74546,시대교육,37,교육학
74547,박문각,37,교육학
74511,지담교육,37,교육학
74512,은파윈쓰리,37,교육학
74631,서원각,37,교육학
74672,입학사정관제,37,교육학
74677,대입적성검사,37,교육학
74686,수능HISTORY,37,교육학
74931,논신만점논술,37,교육학
74673,필수영단어,37,교육학
74679,사관학교,37,교육학
74825,변형독해,37,교육학
74826,쾌도난마,37,교육학
74797,수학의원리,41,수학
74993,구술면접/입학사정관,37,교육학
74994,대입적성검사,37,교육학
74799,적성검사,37,교육학
74984,듄공부,37,교육학
74985,EBS연계,37,교육학
74986,지플러스,37,교육학
74824,수능리허설,37,교육학
74848,상상쏙,37,교육학
74990,변형독해,74,영어
74991,수능기출문제집,74,영어
74863,수능기출레시피,37,교육학
74864,기출우수문학,80,문학
74929,부엉이,37,교육학
74798,수시완전정복,37,교육학
56704,논술/면접/수시,37,교육학
58247,구술면접,37,교육학
58248,논술,37,교육학
74559,자기소개서,37,교육학
74541,입학사정관,37,교육학
58246,수시적성,37,교육학
58249,진학가이드,37,교육학
56702,수능대비,37,교육학
58238,과학탐구,37,교육학
58239,기타영역,37,교육학
58237,사회탐구,33,사회문제
58235,수리영역,37,교육학
58234,언어영역,70,언어
58236,외국어영역,37,교육학
56703,수능모의고사/기출,37,교육학
58244,과학탐구,37,교육학
58245,기타영역,37,교육학
58243,사회탐구,33,사회문제
58241,수리영역,37,교육학
58240,언어영역,70,언어
58242,외국어영역,37,교육학
56695,예비 고등,37,교육학
56694,중등 문제집,37,교육학
58215,중1,37,교육학
74710,중간.기말고사,37,교육학
74717,도덕,37,교육학
74689,국어,37,교육학
74690,영어,74,영어
74691,수학,41,수학
74692,과학,40,자연과학
74693,사회.역사,90,역사
74694,기술.가정,37,교육학
74695,기타,37,교육학
74718,도덕,37,교육학
74738,기타,37,교육학
74696,과학,40,자연과학
74697,국어,37,교육학
74698,기술.가정,37,교육학
74699,사회.역사,90,역사
74700,수학,41,수학
74701,영어,74,영어
74702,중간.기말고사,37,교육학
58216,중2,37,교육학
58217,중3,37,교육학
74739,기타,37,교육학
74719,도덕,37,교육학
74707,수학,41,수학
74708,영어,74,영어
74709,중간.기말고사,37,교육학
74703,과학,40,자연과학
74704,국어,37,교육학
74705,기술.가정,37,교육학
74706,사회.역사,90,역사
56693,중등 자습서,37,교육학
58212,중1,37,교육학
74711,과학,40,자연과학
74712,국어,37,교육학
74713,기술.가정,37,교육학
74714,사회.역사,90,역사
74715,수학,41,수학
74716,영어,74,영어
74720,도덕,37,교육학
74721,기타,37,교육학
74722,과학,40,자연과학
74723,국어,37,교육학
74724,기술.가정,37,교육학
74725,사회.역사,90,역사
74726,수학,41,수학
74727,영어,74,영어
74728,도덕,37,교육학
74736,기타,37,교육학
58213,중2,37,교육학
58214,중3,37,교육학
74737,기타,37,교육학
74729,과학,40,자연과학
74730,국어,37,교육학
74731,기술.가정,37,교육학
74732,사회.역사,90,역사
74733,수학,41,수학
74734,영어,74,영어
74735,도덕,37,교육학
56699,중학경시대회,37,교육학
74378,중학교,37,교육학
74988,NEAT Formula,37,교육학
74868,올림피아드수학,41,수학
74849,큐피드,37,교육학
74850,오메가그래머,37,교육학
74859,중등수학의바이블,41,수학
74827,REXAM중간고사,37,교육학
74828,REXAM기말고사,37,교육학
74758,자이스토리,37,교육학
74645,사피엔스21,37,교육학
74643,하이레벨,37,교육학
74555,리얼미디어,37,교육학
74561,메가북스,37,교육학
74564,이투스그룹,37,교육학
74569,씨실과날실,37,교육학
74542,지공신공,37,교육학
74535,수경,37,교육학
74628,비상ESN,37,교육학
74634,와이비엠,37,교육학
74477,중학교 출판사별,37,교육학
56698,중학논술,37,교육학
56697,중학영어전문교재,74,영어
58219,단어,74,영어
58221,독해,74,영어
58220,듣기,74,영어
58218,문법,74,영어
74444,NEAT,74,영어
56696,특목고 대비,37,교육학
56705,학습자료,37,교육학
58252,공부/학습법,37,교육학
58253,기타,37,교육학
58251,학습사전,37,교육학
58250,학습지정기구독,37,교육학
56707,EBS 고등,37,교육학
58275,고1,37,교육학
58276,고2,37,교육학
58277,고3,37,교육학
58278,고교공통,37,교육학
59073,기특한,37,교육학
59074,내신6감,37,교육학
59075,상위1% 비밀,37,교육학
59072,수능기본서,37,교육학
59076,수능기출 플러스,37,교육학
58816,수능길잡이,37,교육학
58881,수능열기,37,교육학
59077,수능특강,37,교육학
58740,예비과정,37,교육학
58279,인터넷수능,37,교육학
59078,탐스런,37,교육학
59079,포스,37,교육학
74605,수능개념,37,교육학
74578,예비과정,37,교육학
74530,수능완성,37,교육학
74522,수능N제,37,교육학
74550,수능특강 FINAL,37,교육학
74510,라디오 듣기,37,교육학
74637,수능스타트,37,교육학
75006,EBS 고교 NEAT 국가영어능력평가시험,74,영어
58954,EBSi 강의노트,37,교육학
59903,2010 EBSi,37,교육학
59904,2011 EBSi,37,교육학
74912,2012 EBSi,37,교육학
74379,EBS 방송교재,37,교육학
56706,EBS 중등,37,교육학
58374,기출유형(내신),37,교육학
58741,예비과정,37,교육학
74882,중1예비,37,교육학
74883,중2예비,37,교육학
74884,중3예비,37,교육학
58280,중1,37,교육학
58281,중2,37,교육학
58282,중3,37,교육학
58283,중학공통,37,교육학
74508,퍼퍽트 체크업,37,교육학
74509,라디오 듣기,37,교육학
74532,여름방학특강,37,교육학
74633,EBSe방과후영어,74,영어
74646,NEAT_중학,37,교육학
74606,EBS강의교재,37,교육학
74668,1학년,37,교육학
74669,2학년,37,교육학
74670,3학년,37,교육학
74665,1학년,37,교육학
74666,2학년,37,교육학
74667,3학년,37,교육학
59080,TV중학,37,교육학
77541,중학교참고서,37,교육학
77554,예비고등,37,교육학
77553,중등-문제집,37,교육학
77565,중1,37,교육학
77800,국어,37,교육학
77801,영어,74,영어
77802,수학,41,수학
77803,과학,40,자연과학
77804,사회.역사,90,역사
77805,기술.가정,37,교육학
77806,기타,37,교육학
77807,중간.기말고사,37,교육학
77808,도덕,37,교육학
77791,과학,40,자연과학
77792,국어,37,교육학
77793,기술.가정,37,교육학
77794,사회.역사,90,역사
77795,수학,41,수학
77796,영어,74,영어
77797,중간.기말고사,37,교육학
77798,도덕,37,교육학
77799,기타,37,교육학
77566,중2,37,교육학
77567,중3,37,교육학
77782,과학,40,자연과학
77783,국어,37,교육학
77784,기술.가정,37,교육학
77785,사회.역사,90,역사
77786,수학,41,수학
77787,영어,74,영어
77788,중간.기말고사,37,교육학
77789,도덕,37,교육학
77790,기타,37,교육학
77552,중등-자습서,37,교육학
77562,중1,37,교육학
77774,과학,40,자연과학
77775,국어,37,교육학
77776,기술.가정,37,교육학
77777,사회.역사,90,역사
77778,수학,41,수학
77779,영어,74,영어
77780,도덕,37,교육학
77781,기타,37,교육학
77766,과학,40,자연과학
77767,국어,37,교육학
77768,기술.가정,37,교육학
77769,사회.역사,90,역사
77770,수학,41,수학
77771,영어,74,영어
77772,도덕,37,교육학
77773,기타,37,교육학
77563,중2,37,교육학
77564,중3,37,교육학
77758,과학,40,자연과학
77759,국어,37,교육학
77760,기술.가정,37,교육학
77761,사회.역사,90,역사
77762,수학,41,수학
77763,영어,74,영어
77764,도덕,37,교육학
77765,기타,37,교육학
77557,중학경시대회,37,교육학
77559,중학교 출판사별,37,교육학
77596,강남교육,37,교육학
77863,G&G 수학 1300제,41,수학
77588,개념원리,37,교육학
77902,GO단수,37,교육학
77903,중등기본서,37,교육학
77904,예비중학수학,41,수학
77905,중등RPM,37,교육학
138200,개념원리_탑레벨(중등),37,교육학
120069,만점수학,41,수학
77926,내신상상,37,교육학
77927,자습서,37,교육학
77928,필승,37,교육학
77929,나노,37,교육학
77930,여기다(리그잼),37,교육학
119017,Middle School English,37,교육학
77584,교학사,37,교육학
77587,금성출판사,37,교육학
77906,리더스,37,교육학
77907,자습서,37,교육학
115068,기적_영어듣기,74,영어
107464,기적의도형(중등),37,교육학
107465,기적의연산(중등),37,교육학
107466,기적의영단어,37,교육학
108719,기적의국어문법,37,교육학
87513,길벗스쿨,37,교육학
77590,꿈을담는틀,37,교육학
113038,완성(중등),37,교육학
113039,국어모든것(중등),37,교육학
113040,내신DNA,37,교육학
113041,리딩트리,37,교육학
113042,적중영문법,37,교육학
113045,절대개념(중등),37,교육학
77889,단감중학,37,교육학
77890,나비중학,37,교육학
77891,Yes영어,74,영어
77892,콕중등,37,교육학
77893,꿈틀중학,37,교육학
77894,수학의모든것,41,수학
119848,첫,37,교육학
114863,단통한국사,90,역사
115193,절대수학,41,수학
114257,어휘력다지기,37,교육학
114258,그래머마스터,37,교육학
114259,모든것(중등),37,교육학
157248,넥서스에듀,37,교육학
157249,This is Voca,37,교육학
157250,101,37,교육학
157251,공감,37,교육학
157252,도전 만점 서술형,37,교육학
157253,그래머 브릿지,37,교육학
157254,OK Grammar,37,교육학
157255,The Grammar,37,교육학
157256,영문법 뽀개기,37,교육학
157257,This Is Grammar,37,교육학
157258,This Is Reading,37,교육학
157259,애프터스쿨,37,교육학
157260,Smart Reading,37,교육학
157261,The Listening,37,교육학
77605,노피하이에듀케이션,37,교육학
77844,NOHA,37,교육학
108744,1316독해,37,교육학
108745,1316문법,37,교육학
108746,1316듣기,37,교육학
108747,1316예비중,37,교육학
77582,능률교육,37,교육학
108728,Writing Ahead,37,교육학
108729,술술풀리는,37,교육학
108730,Grammar Expert,37,교육학
108731,자습서/평가문제집,37,교육학
108732,그래머2.0,37,교육학
121715,수학의고수,41,수학
121144,월등한 개념 수학,41,수학
108723,열중16강,37,교육학
108724,정말기특한구문,37,교육학
108725,Reading Forward,37,교육학
108726,문제로마스터,37,교육학
108727,Writing Builder,37,교육학
77934,주니어리딩튜터,37,교육학
77935,주니어리스닝튜터,37,교육학
77936,1316팬클럽,37,교육학
158452,정말기특한,37,교육학
158453,고득점 독해,37,교육학
158454,쓰기로마스터,37,교육학
158455,리딩인사이드,37,교육학
158456,원더영문법,37,교육학
158457,중학문법총정리,37,교육학
158458,열중16강,37,교육학
158459,라이팅빌더,37,교육학
158460,리딩포워드,37,교육학
174217,유형더블수학,41,수학
77937,주니어능률보카,37,교육학
77938,능률중학영어,74,영어
77939,중등내신평정,37,교육학
77940,구문마스터,37,교육학
77941,그래머존,37,교육학
77942,리딩다이어트,37,교육학
77943,외고대비,37,교육학
77944,중학영어듣기,74,영어
77945,그래머인사이드,37,교육학
77946,주니어리딩엑스퍼트,37,교육학
77947,주니어리스닝엑스퍼트,37,교육학
77948,NEAT BITE,53,공학
108743,영어자습서(중학),74,영어
137398,절대어휘,37,교육학
137399,내공영단어,37,교육학
137386,내공영문법,37,교육학
137387,내공영어구문,74,영어
137388,쓰담쓰담영문법,37,교육학
137389,절대영문법,37,교육학
137390,Grammar&Writing,37,교육학
137391,Grammar 플러스,37,교육학
137392,제대로 영작문,37,교육학
137393,내공독해,37,교육학
137394,Reading Voyage,37,교육학
137395,Reading for Subject,37,교육학
137396,리스닝 올리고,37,교육학
137397,리슨투맥스,37,교육학
137385,다락원,37,교육학
77594,대교출판,37,교육학
77873,내신완성,37,교육학
77874,일타,37,교육학
77875,일급수,37,교육학
85824,적중 5교과 끝,37,교육학
77880,적중 레벨 업,37,교육학
77592,동화사,37,교육학
77581,두산동아,37,교육학
149986,빠작국어,37,교육학
149874,싸플(중등),37,교육학
149880,클리어,37,교육학
133081,하이탑(중등),37,교육학
121576,빨리강해지는수학,41,수학
179582,특급기출 수학,41,수학
179583,서술형 더 영문법,37,교육학
179584,연산으로 강해지는 수학,41,수학
165376,특급기출,37,교육학
123589,빨리이해하는수학,41,수학
164785,절대등급(중등),37,교육학
164786,빠르게통하는,37,교육학
77949,뜯어먹는,37,교육학
77950,일등예감,37,교육학
77951,기적내신,37,교육학
77952,중등하이탑,37,교육학
77953,수학제패,41,수학
77954,OOin,37,교육학
140159,올쏘,37,교육학
133083,핵심하이탑,37,교육학
164798,국어 문법,37,교육학
164799,국어 문학,80,문학
164800,국어 비문학,80,문학
164801,국어 서술형,37,교육학
164802,국어 어휘,37,교육학
77580,디딤돌,37,교육학
114680,패턴수학,41,수학
114681,문법특강,37,교육학
114682,시험영문법,37,교육학
114683,문법완성,37,교육학
189181,개념기본 수학,41,수학
120431,원킬,37,교육학
88297,예비중 문제특강,37,교육학
164277,중학연산,37,교육학
77955,투탑,37,교육학
77956,최상위 수학,41,수학
77957,앰플,37,교육학
77958,자습서,37,교육학
77959,오디,37,교육학
77960,톡!서술형,37,교육학
77961,내신시험마스터,37,교육학
114684,투탑수학,41,수학
114685,투탑영어,74,영어
114686,투탑국어,37,교육학
114687,투탑사회/역사,90,역사
114688,투탑과학,40,자연과학
147666,최상위라이트,41,수학
114689,최상위수학(중등),41,수학
114690,문제유형바이블(중등),41,수학
77823,REXAM중간고사,37,교육학
77824,REXAM기말고사,37,교육학
77613,리얼미디어,37,교육학
77593,마더텅,37,교육학
143146,뜀틀,37,교육학
186325,뿌리깊은(중등),37,교육학
186326,영문법 3800제(중등),37,교육학
77876,100%영어듣기,74,영어
77877,중학영문법3800,37,교육학
77878,처음만나는,37,교육학
77879,중학영어독해,74,영어
186331,국어 독해력,37,교육학
186332,중간.기말고사,37,교육학
186333,3800제 서술형,37,교육학
120899,팩토 영재성검사,37,교육학
120898,매스티안,37,교육학
77614,메가북스,37,교육학
172391,비문학 독해,80,문학
122721,메가 도형력,37,교육학
139670,수력ON,37,교육학
77821,큐피드,37,교육학
77822,오메가그래머,37,교육학
186633,CPR 중학수학,41,수학
186634,메가중학영단어,37,교육학
90567,영어듣기모의고사,74,영어
90568,백신과학,40,자연과학
90569,수학교과서,41,수학
122510,메가통,37,교육학
118421,메가스터디 개념수학,41,수학
106692,캐치원기출,37,교육학
106693,민정범수학,41,수학
106128,올리드국어(중학),37,교육학
106129,올리드영어(중학),74,영어
106130,올리드수학(중학),41,수학
106131,올리드역사/사회(중학),90,역사
106132,올리드과학(중학),40,자연과학
77585,미래엔,37,교육학
147662,올리드시험직보,37,교육학
158856,그래머바이트,37,교육학
158857,리딩바이트,37,교육학
139644,유형중심,37,교육학
77922,내신특강,37,교육학
77923,고입선발 적중예상,37,교육학
77924,매쓰블릭,37,교육학
77925,1등만들기,37,교육학
78837,Allead(올리드),37,교육학
120546,유형맞짱,37,교육학
121430,수학중심,41,수학
119596,베스트 콜렉션(Best Collection),37,교육학
119597,적중 100,37,교육학
119598,적중 100 Plus,37,교육학
77589,비상교육,37,교육학
120382,수학만기출문제집,41,수학
145442,만렙수학(중등),41,수학
145443,최고득점수학,41,수학
145444,그래머인,37,교육학
145445,올댓영어,74,영어
78286,리더스뱅크,37,교육학
77895,한권으로 끝내기,37,교육학
77896,내공의 힘,37,교육학
77897,개념+유형,37,교육학
77898,오투,37,교육학
77899,완자,37,교육학
77900,한끝 영어,74,영어
77901,유형아작,37,교육학
188010,중등수능독해,37,교육학
124504,원플원,37,교육학
108492,자습서/평가문제집,37,교육학
108493,수학의신,41,수학
108494,듣기모의고사,37,교육학
108495,빠지다시리즈,37,교육학
108496,독깨비,37,교육학
108499,타파TAPA,37,교육학
108500,돌고도는,37,교육학
108501,리딩스파크,37,교육학
165745,알찬과학(중등),40,자연과학
108511,한끝국어(중등),37,교육학
108512,한끝사회/역사(중등),90,역사
108513,교사용(중등),37,교육학
112997,개념잡기(중등),37,교육학
108507,라이트(중등),37,교육학
108508,파워(중등),37,교육학
108509,탑(중등),37,교육학
108510,교사용(중등),37,교육학
108516,마스터(중등),37,교육학
108514,학생용(중등),37,교육학
108515,교사용(중등),37,교육학
77861,우선순위,37,교육학
77862,쭉쭉 읽어라,37,교육학
77597,비전,37,교육학
121207,새분류,37,교육학
77608,성지출판,37,교육학
77837,기본수학,41,수학
77838,창수학,41,수학
138840,솔로몬에듀,37,교육학
138842,수학의법칙,41,수학
161229,자이_국어,37,교육학
133082,자이스토리_영어,74,영어
77611,수경,37,교육학
78625,DMZ 수학,41,수학
77825,자이스토리,37,교육학
133080,자이스토리(중등),37,교육학
109750,수력충전서술형,37,교육학
171047,수력충전 스타트(중등),37,교육학
79169,수력충전,37,교육학
79170,일등급수학,41,수학
79171,형상기억,37,교육학
152141,키워드그래머,37,교육학
152142,보카레슨,37,교육학
154529,심플자이스토리(중등),37,교육학
164262,자이 영문법 총정리,37,교육학
164263,자이 독해 완성,37,교육학
164264,자이 포인트 리딩,37,교육학
164265,자이 듣기 총정리,37,교육학
106688,수와이야기,37,교육학
106690,스토리텔링수학(중등과정),41,수학
90429,수학사랑,41,수학
90430,희망을주는수학수업,41,수학
77601,수학은국력,41,수학
77852,헤드투헤드,41,수학
77853,문제은행,41,수학
121208,스터디메이트,37,교육학
121209,100점으로끝내기,37,교육학
123674,안쌤의 완벽 중학,37,교육학
123673,시대교육,37,교육학
77602,쎄듀,37,교육학
126537,쓰작,37,교육학
130469,리딩 플랫폼,37,교육학
121949,빠르게 중학영어듣기 모의고사,74,영어
154530,그래머큐,37,교육학
154531,천일문그래머,37,교육학
154532,잘.풀.영,37,교육학
154533,그래머픽,37,교육학
154534,거침없이,37,교육학
154536,E.G.U,37,교육학
77849,천일문 기초편,37,교육학
77850,파이어 시리즈,37,교육학
77851,레볼루션시리즈,37,교육학
120380,씽크플러스,37,교육학
120381,100%기출실전모의고사,37,교육학
127218,풀풀수학,41,수학
128566,달달달워크북,37,교육학
130268,벼락치기기출실전모의고사,37,교육학
79620,아름다운샘,37,교육학
121403,아이오씨에스,37,교육학
121407,1등급 고입,37,교육학
77603,아이옥스,37,교육학
119845,틀,37,교육학
77847,학업성취도평가 기출문제집,37,교육학
77848,보물찾기,37,교육학
110555,에듀왕,37,교육학
110561,예비중학수학,41,수학
110562,자신감수학,41,수학
110563,개념정복수학,41,수학
110564,절대공감수학,41,수학
110565,내신UP수학,41,수학
114355,수학 레시피 단기학습교재,41,수학
114352,에듀플라자,37,교육학
77600,에이급출판사,37,교육학
77854,에이급 수학,41,수학
77855,에이급 원리해설수학,41,수학
77856,워드샵,37,교육학
77857,디렉터,37,교육학
77858,Understand,37,교육학
77599,엘타(ELTA),37,교육학
77610,영어책,74,영어
79569,Sentence Writing,74,영어
77826,Reading Complete,74,영어
77827,Reading Street,74,영어
77828,I Read,74,영어
77829,Listening Complete,74,영어
77830,Listen To Me,74,영어
77831,Listen Carefully,74,영어
77832,문제로 문법책,74,영어
77833,Grammar Complete,74,영어
77834,Xpert TOEFL Actual Test,74,영어
77835,Xpert TEPS Actual Test,74,영어
77819,NEAT Formula,37,교육학
77616,와이비엠,37,교육학
77591,웅진씽크빅,37,교육학
77882,공부의신 사회,37,교육학
77883,공부의신 과학,40,자연과학
77884,공부의신 S수학,41,수학
77885,공부의신 특강,37,교육학
77886,공부의신 VOCA,37,교육학
77887,공부의신 수학,41,수학
77888,속깊은중등,37,교육학
79233,절대공감,37,교육학
77881,공부의신 내신UP,37,교육학
114256,웅진컴퍼스,37,교육학
114260,센치한Listening길들이기,37,교육학
114261,도도한 Reading 길들이기,37,교육학
114291,Early Grammar,37,교육학
77618,위드위드,37,교육학
77818,온수학,41,수학
77836,중학영단어,37,교육학
77609,은파윈쓰리,37,교육학
113541,이룸E&B,37,교육학
163636,숨마 주니어 영어,74,영어
163637,숨마쿰라우데 수학 실전문제집(중등),41,수학
152449,숨마스타트업,37,교육학
113542,숨마_중학수학,41,수학
113543,숨마_중학영어,74,영어
131740,바빠 중학 수학,41,수학
177407,바빠 중학연산,37,교육학
177408,바빠 중학도형,37,교육학
177399,이지스에듀,37,교육학
131739,이지스에듀,37,교육학
77615,이투스그룹,37,교육학
122719,개념이락 수학이락,41,수학
77820,중등수학의바이블,41,수학
175786,수학의바이블_특강,41,수학
175787,똑독국어,37,교육학
175788,BON 과학,40,자연과학
175789,리스닝 마스터,37,교육학
175790,고쟁이 수학(중등),41,수학
175791,렛츠보카,37,교육학
140477,리딩마스터(중등),37,교육학
113244,BOB바이블(중등),37,교육학
132147,기출로 때려잡는,37,교육학
122316,그래머 마스터,37,교육학
135370,최고난도수학(중등),41,수학
116473,이현영어,74,영어
116474,이현영어 매일독해,74,영어
120957,Final 실전모의고사,37,교육학
120954,제니케이스,37,교육학
123568,제이그룹,37,교육학
123569,응가역사,90,역사
114954,ASCENT 어센트,37,교육학
114947,제이앤에스(JNS),37,교육학
121678,족보닷컴,37,교육학
121680,족보닷컴 기출문제집,37,교육학
77595,좋은책신사고,37,교육학
121711,웰컴투그래머(문법),37,교육학
121712,리스닝엔탑(듣기),37,교육학
121713,리딩엔탑(듣기),37,교육학
121714,리딩와이즈(독해),37,교육학
78603,개념쎈(중등),37,교육학
123483,쎈수학_라이트쎈(중등),41,수학
121679,Writing Wise,37,교육학
112957,단꿈영어,74,영어
106553,리딩익스텐션,37,교육학
106554,그래머와이즈,37,교육학
106555,엔탑,37,교육학
112885,별VOCA,37,교육학
169382,쎈수학_베이직(중등),41,수학
179704,와이즈 Wise,37,교육학
164267,우공비 중학 국어,37,교육학
154955,쎈연산(중등),37,교육학
161657,초빈출,37,교육학
77864,쎈수학중등,41,수학
77865,우공비중등,37,교육학
77866,팝콘영어,74,영어
77867,우공비Q,37,교육학
77868,Concept,37,교육학
77869,진짜영문법,37,교육학
77870,일품중등,37,교육학
77871,아톰과학,40,자연과학
77872,스톰사회,37,교육학
125585,좋은콘텐츠,37,교육학
125586,맘에쏙드는기출문제집,37,교육학
77931,A+ RGO,37,교육학
77932,내신 평가문항집,37,교육학
77933,A+ 오키도키,37,교육학
77583,중앙교육진흥연구소,37,교육학
77612,지공신공,37,교육학
77586,지학사,45,지학
148681,특강,45,지학
148682,BEYOND,45,지학
148683,개념있는,45,지학
148684,개념풀특강,45,지학
78776,매칭수학,41,수학
77908,클루,45,지학
77909,평가문제집,45,지학
77910,특강,45,지학
77911,자습서,45,지학
77912,고난도,45,지학
77913,독서평설,45,지학
77914,내신만점,45,지학
77915,The Real English,45,지학
77916,풍산자필수유형,45,지학
77917,교과서뛰어넘기,45,지학
77918,1등급중학국어,45,지학
77919,내책상위의,45,지학
77920,비법,45,지학
77921,쓰기노트,45,지학
149930,풍산자 테스트북,45,지학
149931,풍산자 반복수학,41,수학
149932,풍산자 개념완성,45,지학
149933,한권뚝딱,45,지학
168970,비문학 독해 연습,80,문학
122603,진학사(블랙박스),37,교육학
147661,그림어원(중등),37,교육학
122609,블랙라벨,37,교육학
77607,창비,37,교육학
108783,종합문제집(중등),37,교육학
108784,자습서(중등),37,교육학
108785,내신문제집(중등),37,교육학
77839,똑똑샘국어,37,교육학
77840,탐나는국어,37,교육학
77841,중간/기말고사,37,교육학
77579,천재교육,37,교육학
121710,G코치,37,교육학
181944,시작은하루(중등),37,교육학
178100,하루영어,74,영어
174794,체크체크 N제,37,교육학
185830,바로 시리즈,37,교육학
173390,바로 읽는 독해,37,교육학
173396,바로독해(영어),74,영어
173393,바로 Listening,37,교육학
173394,바로 VOCA(중등),37,교육학
134688,수학의 힘,41,수학
122790,유형격파,37,교육학
115722,올인영어기출,74,영어
135314,최강TOT수학(중등),41,수학
114051,개념 뿌리뽑기,37,교육학
124995,열공중,37,교육학
178699,하루수학,41,수학
178186,하루국어,37,교육학
140611,빅터연산(중등),37,교육학
134547,해결의법칙(중등),37,교육학
182513,7일 끝 중간.기말(중등),37,교육학
181519,하루과학,40,자연과학
106972,빠르게잡는영문법,37,교육학
106973,기출Master,37,교육학
106974,체크체크(교사용),37,교육학
152497,ESC,37,교육학
164268,올백 수학 기출,41,수학
164269,짤강 수학(중등),41,수학
164270,다품(중등),37,교육학
164271,유형체크,37,교육학
164272,연산 더블클릭,37,교육학
164273,바로 쓰는 문법,37,교육학
164274,리딩 인사이트,37,교육학
164275,MY VOCA 1800,37,교육학
164276,비문학 독해 DNA,80,문학
77962,문제집 해법수학,41,수학
77963,Hello 시리즈,37,교육학
77964,로드맵 해법수학,41,수학
77965,체크체크,37,교육학
77966,최고수준 해법수학,41,수학
77967,고입예상문제집,37,교육학
77968,싱크로드,37,교육학
77969,해법 신입생,37,교육학
77970,Listen Up 영어듣기,74,영어
77971,셀파시리즈,37,교육학
77972,2000시리즈,37,교육학
77973,핫이슈 수학,41,수학
77974,기출트렌드,37,교육학
77975,수준별시리즈,37,교육학
77976,해법고입총정리,37,교육학
77977,고입선발 모의고사,37,교육학
77978,스쿨플러스,37,교육학
77979,올인수학기출,41,수학
177625,개념 해결의법칙,37,교육학
177626,유형 해결의법칙,37,교육학
182455,하루사회.역사,90,역사
185833,바로푸는문법,37,교육학
119842,개백수학,41,수학
119846,쉽개수학,41,수학
119836,천재문화,37,교육학
77604,키출판사,37,교육학
122245,매3시리즈,37,교육학
133194,중등수학총정리,41,수학
172591,문법이 쓰기다 서술형,37,교육학
172765,고공행진,37,교육학
160103,문법이 내신이다,37,교육학
160104,구문이 독해다(중등),37,교육학
160105,절대로 영문법,37,교육학
160106,Englishbus 종합독해,37,교육학
160107,매3 수학(중등),41,수학
77845,절대로영문법4200제,37,교육학
77846,절대로영문법Basic,37,교육학
136737,단어가 읽기다(중등),37,교육학
136738,문법이 쓰기다(중등),37,교육학
109642,퍼펙트 Q,37,교육학
109643,퍼펙트 큐 영어 기출 예상 문제집,74,영어
77606,플러스예감,37,교육학
77842,완변그림참고서,37,교육학
77843,수포자도통하는,37,교육학
77859,올플 단공,37,교육학
77860,올플 만점 시리즈,37,교육학
77598,하비스트(올플),37,교육학
77617,하이레벨,37,교육학
119837,학문출판,37,교육학
86497,학문출판,37,교육학
136293,리딩싹,37,교육학
86498,100발100중,37,교육학
129107,특쫑,37,교육학
86499,중간고사,37,교육학
86500,기말고사,37,교육학
120383,내신100점,37,교육학
119847,내신콘서트,37,교육학
120712,기출실전모의고사,37,교육학
124620,툴즈,37,교육학
121429,개념코칭,37,교육학
121428,C&C EDU,37,교육학
160471,중학국어독해,37,교육학
77556,중학논술,37,교육학
129711,논술정기간행물(중등),37,교육학
129710,중학논술/글쓰기,37,교육학
139924,중학연산/도형,37,교육학
77560,중학영어전문교재,74,영어
77623,독해/작문,74,영어
77619,말하기/듣기,74,영어
77622,문법,74,영어
77621,어휘(단어/숙어),74,영어
144587,어휘(단어/숙어),74,영어
77620,NEAT(국가영어능력평가),74,영어
77555,특목고대비,37,교육학
127803,학습/기타,37,교육학
77561,학습자료,37,교육학
77624,공부/학습법,37,교육학
77558,EBS 중등,37,교육학
180054,30일 수학,41,수학
187366,뉴런 고난도,37,교육학
80066,등업신공,37,교육학
77574,라디오 듣기,37,교육학
146720,마이코치,37,교육학
77575,여름방학특강,37,교육학
184743,영어듣기능력평가,74,영어
77571,예비과정,37,교육학
77815,중1예비,37,교육학
77816,중2예비,37,교육학
77817,중3예비,37,교육학
77568,중1,37,교육학
77569,중2,37,교육학
77570,중3,37,교육학
114255,중간.기말시험문제집,37,교육학
141916,중학 뉴런,37,교육학
130155,징검다리(예비고),37,교육학
77573,퍼퍽트 체크업,37,교육학
77809,1학년,37,교육학
77810,2학년,37,교육학
77811,3학년,37,교육학
114254,필독,37,교육학
180053,한장수학,41,수학
106122,ⓔ포스 영어,74,영어
77576,EBS강의교재,37,교육학
113055,EBS한국사검정,90,역사
77577,EBSe방과후영어,74,영어
106118,m포스 수학,41,수학
77578,NEAT_중학,37,교육학
77572,TV중학,37,교육학
77812,1학년,37,교육학
77813,2학년,37,교육학
77814,3학년,37,교육학
38407,청소년,37,교육학
40900,고등학생,20,종교
40901,중학생,20,종교
38490,논술참고도서,37,교육학
38489,수능시험성공수기,32,경제학
40346,"앗, 문화가 보인다!",37,교육학
40348,"앗, 우리 것이 좋은 거야!",37,교육학
40840,"앗, 우리집은 과학탐험대!",40,자연과학
40353,"앗, 이건 예술이야!",60,예술
40349,"앗, 이것만은 내가 최고!",37,교육학
40344,"앗, 이렇게 산뜻한 고전이!",80,문학
40347,"앗, 이렇게 새로운 과학이!",40,자연과학
40352,"앗, 이렇게 생생한 역사가!",90,역사
40351,"앗, 이렇게 신나는 실험이!",37,교육학
40345,"앗, 이렇게 신비한 세계가!",37,교육학
40343,"앗, 이렇게 재미있는 과학이!",40,자연과학
42131,"앗, 이렇게 재미있는 사회가!",37,교육학
40354,"앗, 이렇게 짜릿한 스포츠가!",37,교육학
40350,"앗, 이렇게 폼나는 상식이!",37,교육학
40737,"앗, 이렇게 훌륭한 인물이!",37,교육학
40355,"앗, 한권으로 끝내자!",37,교육학
38868,청소년 경제,37,교육학
38788,청소년 고전,80,문학
56508,청소년 문학,80,문학
57561,청소년 소설,80,문학
57562,청소년 에세이/시,80,문학
38486,청소년 문화/예술,60,예술
38488,청소년 수학/과학,41,수학
38526,청소년 에세이,80,문학
40166,청소년 휴먼스토리,80,문학
38485,청소년 역사,90,역사
38684,청소년 영어,74,영어
38487,청소년 인문/사회,37,교육학
39269,청소년 인물,37,교육학
39253,청소년 자기계발,32,경제학
38484,청소년 철학,10,철학
38567,청소년과 성(性),37,교육학
39145,청소년의 사회생활,37,교육학
38521,청소년의 진로선택,37,교육학
42797,국제중,37,교육학
42707,대안학교,37,교육학
42709,유학/해외연수,37,교육학
42708,특목고,37,교육학
38491,청소년이 쓴 책,37,교육학
39598,학습-고등과정,37,교육학
38699,학습법,37,교육학
39597,학습-중학과정,37,교육학
56386,초등참고서,-1,매핑불가
38814,_초등학교 출판사별,-1,매핑불가
59764,개념원리 쌩큐수학,41,수학
108703,예비중수학,41,수학
45718,개념원리 초등수학,41,수학
74558,초등RPM,41,수학
130352,탑레벨,41,수학
41562,개념원리수학연구소,41,수학
117361,경선식에듀,-1,매핑불가
117362,경선식 영단어 초스피드 암기비법 만화,80,문학
42579,교육중심,-1,매핑불가
46845,일등성 초등수학,41,수학
46895,일등성 그린,-1,매핑불가
108737,표준총정리,-1,매핑불가
108738,표준국가수준,-1,매핑불가
108739,표준중간/기말성취도,-1,매핑불가
108740,수학성취도평가,41,수학
108741,중간/기말기출문제,37,교육학
40899,교학사,-1,매핑불가
46134,와일드,-1,매핑불가
47454,표준완전학습(월간지),-1,매핑불가
45525,마이코치,-1,매핑불가
44773,표준전과,-1,매핑불가
108704,강추단원평가,-1,매핑불가
108705,새로이수학,41,수학
108706,독서기록장,67,음악(음반)
108707,생각먹고맴맴,-1,매핑불가
108708,창의력학습,32,경제학
108709,월간_표준플러스,-1,매핑불가
108710,고득점영재수학,41,수학
45719,드릴만점,-1,매핑불가
74589,창깨비,-1,매핑불가
45921,중간/기말/총정리,-1,매핑불가
45914,OK 독서논술,37,교육학
118984,표준특강,-1,매핑불가
44725,수학경시대회,41,수학
44726,생각의 실타래,-1,매핑불가
108735,수학플러스,41,수학
108736,평가플러스,-1,매핑불가
41482,금성출판사,-1,매핑불가
45528,자신만만 푸르넷 총정리,-1,매핑불가
74795,생명일반,-1,매핑불가
74796,생명세트,-1,매핑불가
40878,기탄시리즈,-1,매핑불가
45249,기탄급수한자,-1,매핑불가
45250,기탄한석봉한자,-1,매핑불가
45251,기탄한글,-1,매핑불가
45252,새기탄국어,-1,매핑불가
45095,기탄큰수학,41,수학
45288,기탄영어,74,영어
45255,스탠퍼드한글떼기,-1,매핑불가
45256,기탄수학,41,수학
47077,기탄국어,-1,매핑불가
59883,기탄생명세트,-1,매핑불가
153878,기탄영역별수학,41,수학
45731,기탄만화교과서,80,문학
74543,생명시리즈,-1,매핑불가
44692,기탄한자,-1,매핑불가
44693,기탄사고력수학,41,수학
44694,스탠퍼드영단어,37,교육학
46071,기탄 세트,-1,매핑불가
58815,길벗스쿨,-1,매핑불가
85580,Advanced,-1,매핑불가
74860,Starter(1.2학년과정),37,교육학
74861,Basic(3.4학년과정),-1,매핑불가
74862,Basic(5.6학년과정),-1,매핑불가
74638,기적의독서논술(전면개정판),37,교육학
125367,미국교과서 핵심영단어,37,교육학
185954,기적_계산법응용UP,-1,매핑불가
185955,기적_역사논술,90,역사
115069,기적_독서법,-1,매핑불가
115065,기적_받아쓰기,-1,매핑불가
115066,기적_일기쓰기,-1,매핑불가
115067,기적_영어일기,74,영어
108711,American Textbook,-1,매핑불가
108712,기적의독서논술,37,교육학
108713,미교받아쓰기,-1,매핑불가
108714,영어패턴익히기,74,영어
108715,영어문장만들기,74,영어
108716,문단열영어회화,74,영어
108717,생각대로영작문,-1,매핑불가
108718,기적의영어단어,74,영어
74574,NEW기적의계산법,-1,매핑불가
74565,NEW미국교과서,-1,매핑불가
74529,Visual Voca,-1,매핑불가
74619,도형계산법,-1,매핑불가
74632,기적의수학문장제,41,수학
130571,기적_맞춤법,-1,매핑불가
119394,기적_명문장따라쓰기,-1,매핑불가
122764,기적의 초등수학,41,수학
185779,미국교과서 리스닝,-1,매핑불가
185780,기적_사이트워드,-1,매핑불가
185781,기적_트레이닝,-1,매핑불가
185782,기적_영어리딩,74,영어
185783,기적_초등영문법,-1,매핑불가
185784,기적_영어일기,74,영어
185785,기적_영어낭독,74,영어
185786,기적_문법+영작,-1,매핑불가
118508,미국교과서 Reading,-1,매핑불가
123298,기적_맨처음영단어,37,교육학
142267,기적_독해력,-1,매핑불가
60131,기적의 초등수학,41,수학
60071,기적의 계산법,-1,매핑불가
111971,기적_한자학습,-1,매핑불가
108782,그림으로쑥쑥영어,74,영어
122671,Starter,-1,매핑불가
118510,Easy,-1,매핑불가
118511,Basic,-1,매핑불가
118512,Advanced,-1,매핑불가
128133,Early,-1,매핑불가
40892,노벨과개미,-1,매핑불가
46121,노벨Q 개념수학,41,수학
46122,노벨Q 실전수학,41,수학
46479,노벨평가,-1,매핑불가
46480,노벨수학,41,수학
45093,수학경시대비 예상문제,41,수학
45145,노벨Q,-1,매핑불가
45613,노벨 바탕 수학,41,수학
74513,달짱수학,41,수학
74514,달짱평가,-1,매핑불가
45487,중간/기말/총정리,-1,매핑불가
60132,노벨수학,41,수학
74409,뉴매쓰,-1,매핑불가
108720,그림으로푸는,-1,매핑불가
108721,네모세모수학,41,수학
108722,교구보드게임,-1,매핑불가
74600,창의력수학_중급,41,수학
85696,창의력수학_고급,41,수학
108742,초급네모세모,41,수학
122636,수학의고수,41,수학
121143,월등한 개념 수학,41,수학
78324,리딩버디,-1,매핑불가
78325,Grammar Bean,-1,매핑불가
78326,Early Bird,-1,매핑불가
78327,리스닝버디,-1,매핑불가
78328,그래머버디,-1,매핑불가
174215,세토한자,-1,매핑불가
175430,세토한국사,90,역사
152447,세토어,-1,매핑불가
174218,사고셈,-1,매핑불가
174219,수능까지 이어지는 수학,41,수학
130658,세토독,-1,매핑불가
74410,능률교육,-1,매핑불가
40893,대교,-1,매핑불가
44901,맞춤 짱수학,41,수학
45551,수학경시대회 예상문제,41,수학
45552,맞춤 신국어,-1,매핑불가
45626,짱 기말고사 학력평가,-1,매핑불가
47423,쌤콕 수학,41,수학
47424,쌤콕 국어,-1,매핑불가
47425,쌤콕 사회,-1,매핑불가
47426,쌤콕 과학,40,자연과학
47427,중간/기말/총정리,-1,매핑불가
47428,쌤콕 세트,-1,매핑불가
47573,쌤콕 30일만에 끝내기,-1,매핑불가
45876,짱 중간 학력평가,-1,매핑불가
45760,쌤콕,-1,매핑불가
74612,쌤콕기출문제집,37,교육학
74613,쌤콕기본서_학기용,-1,매핑불가
45150,맞춤 신수학,41,수학
45152,맞춤 신사회,-1,매핑불가
45153,맞춤 신과학,40,자연과학
44711,맞춤 총정리,-1,매핑불가
111973,대교초등영어,74,영어
74935,전범위,37,교육학
74936,중간범위,37,교육학
74934,전과목세트,-1,매핑불가
74866,원리편,-1,매핑불가
74867,교과서편,-1,매핑불가
74865,심화편,-1,매핑불가
158852,탐깨비,-1,매핑불가
158853,글자바로쓰기,-1,매핑불가
158854,어휘바로알기,-1,매핑불가
158855,도형바로알기,-1,매핑불가
163126,한장 중국어,72,동양어
163127,한장 English BITE,53,공학
45087,반편성 배치고사,-1,매핑불가
45077,문제해결의 길잡이,-1,매핑불가
45386,일꿈,-1,매핑불가
45310,우리학교 총정리,-1,매핑불가
45662,올림피아드,-1,매핑불가
45438,초등 교과서 논술,37,교육학
181987,한장 한국사,90,역사
181988,한장 창의력쏙셈,32,경제학
181989,한장 예비초등,-1,매핑불가
120578,유형맞짱,-1,매핑불가
122070,수학중심,41,수학
162510,문법바로알기,-1,매핑불가
151452,한장한자,-1,매핑불가
141804,하루 한장 독해,-1,매핑불가
45505,우리학교 중간고사,-1,매핑불가
45506,서술형 문제잡기,-1,매핑불가
45499,대한교과서 뿌끄,-1,매핑불가
148774,한장쏙셈,-1,매핑불가
40968,대한교과서,-1,매핑불가
41270,동아서적,-1,매핑불가
46531,월간 다달학습,-1,매핑불가
46867,콕콕 수학 기출문제,41,수학
45877,사회백지도,-1,매핑불가
45605,다달학습 총정리,-1,매핑불가
119843,콕콕수학스토리텔링,41,수학
119844,콕콕수학단원평가,41,수학
45170,콕콕 총정리,-1,매핑불가
45176,중간/기말/총정리,-1,매핑불가
45079,모범 사회학습 백지도,-1,매핑불가
46583,모범 중간/기말/총정리,-1,매핑불가
46524,적중 중간/기말,-1,매핑불가
46518,모범 열린수학,41,수학
45994,모범 여름방학공부,-1,매핑불가
45326,모범 겨울방학공부,-1,매핑불가
45617,모범 총괄평가 총정리,-1,매핑불가
41110,동화사,-1,매핑불가
40895,두산동아,-1,매핑불가
149985,월간백점,-1,매핑불가
122669,차시국어,-1,매핑불가
122670,차시사회,-1,매핑불가
149781,"지금, 국어 독해",-1,매핑불가
150549,초능력,-1,매핑불가
162842,그래머 클리어,-1,매핑불가
162843,초능력 맞춤법+받아쓰기,-1,매핑불가
162844,초능력 수학 연산,41,수학
162845,초능력 국어 독해,-1,매핑불가
162846,초능력 급수 한자,-1,매핑불가
78873,융합사고력수학,41,수학
130542,차이를만드는시간,-1,매핑불가
46140,점프논술,37,교육학
45820,백점맞는 시리즈,-1,매핑불가
45821,영문법을 잡아라,-1,매핑불가
45687,동아 수련장,-1,매핑불가
45665,또 하나의 수학익힘책,41,수학
45535,수학경시대회 예상문제,41,수학
45318,적중기출 중간/기말,37,교육학
44886,동아총정리,-1,매핑불가
44889,동아 큐브시리즈,-1,매핑불가
44768,동아전과,-1,매핑불가
45729,월간 백점맞는 시리즈,-1,매핑불가
45713,동아 알짜북,-1,매핑불가
74562,백점계산력,-1,매핑불가
45900,기출.예상문제 중간/기말,37,교육학
74515,월간백점수학,41,수학
74536,백점시리즈,-1,매핑불가
74537,백점단원평가,-1,매핑불가
74507,중간/기말고사,-1,매핑불가
74627,10일완성,-1,매핑불가
114582,차시수학,41,수학
122873,차시세트,-1,매핑불가
142731,적중단원평가,-1,매핑불가
44957,큐브수학 총정리,41,수학
45059,계산점프,-1,매핑불가
60129,큐브수학,41,수학
60185,백점맞는 단원평가,-1,매핑불가
152319,초능력 비주얼씽킹,-1,매핑불가
122751,수학단원평가,41,수학
122752,차시과학,40,자연과학
46408,큐브수학 올림피아드,41,수학
130001,큐브수학S,41,수학
164782,하이탑(초등),-1,매핑불가
164783,초능력,-1,매핑불가
164784,뜯어먹는 영단어(초등),37,교육학
78692,학업성취도평가,-1,매핑불가
74831,적중기출문제,37,교육학
74832,기출예상문제,37,교육학
74833,총정리,-1,매핑불가
74759,백점국어,-1,매핑불가
74760,백점수학,41,수학
74761,백점과학,40,자연과학
74762,백점슬즐바,-1,매핑불가
74763,백점전과목세트,-1,매핑불가
74764,백점국사과세트,-1,매핑불가
74768,백점사회,-1,매핑불가
74765,문제집국사과,37,교육학
74766,문제집세트,37,교육학
74767,문제집수학,41,수학
130543,큐브단원평가,41,수학
74878,방학잡는,41,수학
44712,큐브수학 기본,41,수학
44713,큐브수학 실력,41,수학
44714,큐브수학 심화,41,수학
174303,큐브S_개념응용,41,수학
130544,큐브S_개념,41,수학
130545,큐브S_발전,41,수학
130546,큐브S_필수,41,수학
139319,큐브S_실력,41,수학
134625,큐브S_심화,41,수학
149987,월간국사과,-1,매핑불가
149988,월간국어,-1,매핑불가
179587,비문학 독해,80,문학
164791,비문학/문학,80,문학
164792,국어 문법,-1,매핑불가
164793,국어 어휘,-1,매핑불가
164794,유리수/방정식/도형,-1,매핑불가
164795,한국사,90,역사
164797,한국사,90,역사
164796,과학,40,자연과학
179585,구구단,-1,매핑불가
179586,연산 분수,-1,매핑불가
114719,융합어휘,-1,매핑불가
114720,융합수학,41,수학
79235,디딤돌수학,41,수학
186109,초등 첫 공부,-1,매핑불가
186110,문법으로 Writing(초등),-1,매핑불가
186111,나는 초등고학년이다,-1,매핑불가
149176,최상위사고력,-1,매핑불가
123570,최상위연산,-1,매핑불가
88526,21만따라하면,-1,매핑불가
149456,최상위수학S,41,수학
46830,초등수학 심화편,41,수학
46853,최상위 초등수학,41,수학
46119,초등수학 응용편,41,수학
46120,초등수학 기본편,41,수학
45839,사과 100점 따먹기,-1,매핑불가
47605,초연산,-1,매핑불가
47429,디딤돌 초등 국사과 세트,-1,매핑불가
47430,디딤돌 초등과학,40,자연과학
47431,디딤돌 초등국어,-1,매핑불가
47432,디딤돌 초등사회,-1,매핑불가
45086,디딤돌 총정리,-1,매핑불가
45520,초등수학 계산과원리,41,수학
45530,초등수학 문제꾸러미,41,수학
45261,디딤돌 초등,-1,매핑불가
45436,독서랑 논술이랑,37,교육학
45763,개념뭉치,-1,매핑불가
45697,생각하는 서술형,-1,매핑불가
45734,수학학력평가 인증시험,41,수학
45927,국수 100점 비벼먹기,-1,매핑불가
45576,초등수학 경시편,41,수학
177009,국사과 통합본,-1,매핑불가
177010,전과목 세트,-1,매핑불가
165599,국어독해력,-1,매핑불가
79234,디딤돌초등,-1,매핑불가
46177,교과서 일등어휘,-1,매핑불가
45075,초등수학 원리편,41,수학
114713,톡!서술형(초등),-1,매핑불가
114714,감각연산,-1,매핑불가
114715,스토리텔링수학,41,수학
114716,창의융합,-1,매핑불가
114717,올림피아드,-1,매핑불가
114718,꼭나오는기출,37,교육학
60146,문제꾸러미,-1,매핑불가
59337,딱풀,-1,매핑불가
46447,최고수 중간/기말 기출,37,교육학
40890,디딤돌,-1,매핑불가
41820,디딤돌넷스쿨,-1,매핑불가
46103,일등성 초등수학,41,수학
47078,우리학교 기출문제,37,교육학
47134,넘버원 유형별 문장제,-1,매핑불가
42809,디앤에이치,-1,매핑불가
186319,마더텅,-1,매핑불가
186320,뿌리깊은(초등),-1,매핑불가
186321,교과서 영단어,37,교육학
186322,영어 받아쓰기.듣기,74,영어
186323,영문법 3800제(초등),-1,매핑불가
186324,영문법 777,-1,매핑불가
186329,국어한자,-1,매핑불가
186330,국어독해력,-1,매핑불가
74414,마법스쿨,-1,매핑불가
74597,원리연산,-1,매핑불가
46822,영재교육원대비,-1,매핑불가
74505,키즈팩토,-1,매핑불가
74506,팩토4~6,-1,매핑불가
113440,안쌤STEAM융합,-1,매핑불가
113441,안쌤의문제해결력,-1,매핑불가
113442,영재성검사,-1,매핑불가
113443,영재성모의고사,-1,매핑불가
113444,키즈팩토,-1,매핑불가
113445,킨더팩토,-1,매핑불가
113446,팩토연산,-1,매핑불가
113447,표.창.수,-1,매핑불가
42567,매스티안,-1,매핑불가
109568,메가북스,-1,매핑불가
178102,세계사,90,역사
178103,사회탐구,33,사회문제
122720,도형력_초등부터,-1,매핑불가
122668,메가통(초등),-1,매핑불가
109570,메가계산력,-1,매핑불가
115064,교과서 스토리 수학,41,수학
178095,1일1독해,-1,매핑불가
178096,메가영단어(초등),37,교육학
178097,메가영문법쓰기,-1,매핑불가
178098,브릿지보카,-1,매핑불가
113176,과학적사고력,40,자연과학
185787,문해력 한문장,-1,매핑불가
110014,예비초등_메가계산력,-1,매핑불가
110015,최상위_메가계산력,-1,매핑불가
130205,메가 어휘력,-1,매핑불가
117228,메가 독서 논술,37,교육학
113544,메가스터디 개념 수학,41,수학
139925,시그니처(초등),-1,매핑불가
130445,메가스터디 초등 영문법,-1,매핑불가
159131,1일1독해,-1,매핑불가
159132,1일1독해 한국사,90,역사
43537,메인북,-1,매핑불가
47434,올림피아드,-1,매핑불가
74771,한끝국어,-1,매핑불가
74772,한끝사회,-1,매핑불가
130292,최상위탑,-1,매핑불가
126345,유형잡기,-1,매핑불가
108502,개념잡기,-1,매핑불가
108503,라이트(초등),-1,매핑불가
108504,오답잡는,-1,매핑불가
108505,개념+유형(1~2학년),37,교육학
108506,파워(초등),-1,매핑불가
124199,비상스페셜세트,-1,매핑불가
162755,이것만알자,-1,매핑불가
151199,교과서 유형잡기,-1,매핑불가
47596,완자 초등사회,-1,매핑불가
45696,한권으로 시작하기 예비중학,-1,매핑불가
46133,완자 초등수학,41,수학
59868,오투 초등과학,40,자연과학
45332,한권으로 끝내기,-1,매핑불가
59786,탐나는 초등수학 파프리카,41,수학
74557,알찬기출문제,37,교육학
47548,개념+유형,-1,매핑불가
47560,완자 초등국어,-1,매핑불가
47562,완자 초등과학,40,자연과학
74527,알찬단원평가,-1,매핑불가
74531,완자,-1,매핑불가
74625,꼭 풀어야 할 유형아작,-1,매핑불가
178404,독해톡,-1,매핑불가
178405,어휘톡,-1,매핑불가
178406,초등수능독해,37,교육학
173661,개념+연산수학,41,수학
108490,스토리텔링수학문제집,41,수학
108491,서술형논술형문제집,37,교육학
108497,리딩스파크_주니어,-1,매핑불가
108498,리더스뱅크_스타터,-1,매핑불가
74769,전과목세트,-1,매핑불가
74770,국사과세트,-1,매핑불가
74773,수학문제서_실력향상,41,수학
74774,수학문제서_최고수준,41,수학
74775,완자수학,41,수학
41390,비유와상징,-1,매핑불가
74418,사피엔스어린이,37,교육학
74614,영단어삼총사,37,교육학
74615,세토독,37,교육학
79671,개념잡는어휘력,37,교육학
74805,글쓰기,-1,매핑불가
74802,창의사고력,-1,매핑불가
74801,상위권수학,41,수학
46138,절대강자,-1,매핑불가
46870,만화 교과서,80,문학
45797,재미붙이기,-1,매핑불가
45629,적중 중간/기말,-1,매핑불가
45398,철저반복수학,41,수학
45193,초등총정리,-1,매핑불가
45864,철저반복한자,-1,매핑불가
45867,철저반복국어,-1,매핑불가
45574,적중 중간고사,-1,매핑불가
74549,철저반복,-1,매핑불가
45053,456 시리즈,-1,매핑불가
111972,기똑수,-1,매핑불가
41182,삼성출판사,-1,매핑불가
116519,세광M,-1,매핑불가
116520,M Plus 수학,41,수학
90105,소마C단계(초3),-1,매핑불가
87245,소마P단계(5~6세),-1,매핑불가
87246,소마A단계(초1),-1,매핑불가
87247,소마K단계(5~6세),-1,매핑불가
87940,소마B단계(초2),-1,매핑불가
130068,소마D단계(초4),-1,매핑불가
87244,소마에듀,-1,매핑불가
74415,솔빛길,-1,매핑불가
74601,핀란드초등수학,41,수학
170825,수경출판사,-1,매핑불가
185749,자이 영어 독해(예비중),74,영어
170826,수력충전 수학(초등),41,수학
170827,자이스토리 수학(초등),41,수학
170828,자이스토리 영어 듣기(초등),74,영어
170829,자이스토리 국어 독해력,-1,매핑불가
170830,바로바로 영문법,-1,매핑불가
170831,자이스토리 초등 영문법,-1,매핑불가
106494,스토리텔링 수학,41,수학
106493,수와이야기,-1,매핑불가
41815,수학은국력,41,수학
46094,문제은행 2000제,41,수학
46861,예습복습,-1,매핑불가
42598,스쿨라움,-1,매핑불가
58547,시대교육,-1,매핑불가
74570,창의사고력과학,40,자연과학
74571,창의사고력수학,41,수학
74572,영재성검사,-1,매핑불가
74573,창의사고력세트,-1,매핑불가
109065,메이플스토리 레벨업,-1,매핑불가
120733,영재창의력 샘,32,경제학
78302,D단계_4학년,41,수학
74959,C단계_3학년,41,수학
74947,B단계_2학년,41,수학
74932,A단계_1학년,41,수학
74941,P단계_6.7세,41,수학
124232,영재사고력수학,41,수학
74873,영재성검사,-1,매핑불가
74942,실전모의고사1031,-1,매핑불가
74943,중등사고력1031,-1,매핑불가
181301,빨강도형,-1,매핑불가
46520,상위권 영리한수학,41,수학
120857,생각수학1031,41,수학
46644,창의력과학1031,40,자연과학
74603,생각수학1031,41,수학
74575,영재교육원1031,-1,매핑불가
74607,상위권수학960,41,수학
46206,상위권연산960,-1,매핑불가
46154,초등 사고력 수학1031,41,수학
122508,빨강연산,-1,매핑불가
122509,이것이연산이다,-1,매핑불가
60130,상위권수학 텐텐,41,수학
47954,P단계_6-7세,-1,매핑불가
47955,A단계_1학년,37,교육학
47956,B단계_2학년,37,교육학
47957,C단계_3학년,-1,매핑불가
74663,D단계_4학년,-1,매핑불가
41870,시매쓰,-1,매핑불가
124233,문제서,41,수학
120858,생각수학_최상급,41,수학
131118,유형서,41,수학
131164,개념이쉬워지는,41,수학
149779,훈민정음,-1,매핑불가
149780,독해력 비타민,-1,매핑불가
41489,시서례,-1,매핑불가
149778,시서례,-1,매핑불가
45851,마침표 논술독서,37,교육학
45572,어린이 훈민정음,37,교육학
45573,우리생각 글쓰기,-1,매핑불가
79445,시원문화사,-1,매핑불가
79446,스마트 애니,-1,매핑불가
41411,쓰리텀,-1,매핑불가
45401,쓰리텀,-1,매핑불가
45294,굿바이 틀리기 쉬운,-1,매핑불가
41354,씨속열매,-1,매핑불가
58549,씨실과날실,-1,매핑불가
74567,올림피아드수학,41,수학
74568,창의력영재과학,40,자연과학
129773,씨투엠에듀,-1,매핑불가
129777,플라토도형,-1,매핑불가
80555,초단비_세트,-1,매핑불가
41618,아울북,-1,매핑불가
80554,초단비,-1,매핑불가
45840,개념교과서,-1,매핑불가
46530,교과서 단어의 비밀,-1,매핑불가
46141,개념교과서 마스터,-1,매핑불가
47023,오개념 탈출 프로젝트,-1,매핑불가
59603,한 권으로 끝내는 교과서,-1,매핑불가
120645,초등교과서 어휘능력 12000,-1,매핑불가
46990,미리미리 개념교과서,-1,매핑불가
46445,개념교과서 총정리,-1,매핑불가
45484,서술나라,41,수학
41478,아이수학,41,수학
77525,아이스크림,-1,매핑불가
77534,체험활동교과서,-1,매핑불가
77537,체험활동교과서_교사용,-1,매핑불가
41710,알찬학습연구원,-1,매핑불가
45966,알찬 학습총정리,-1,매핑불가
47433,중간/기말/총정리,-1,매핑불가
46643,알찬 중간학력검사,-1,매핑불가
46704,알찬 성취도평가,-1,매핑불가
47752,포인트 플러스 왕수학,41,수학
47753,아하 플러스 왕수학,41,수학
47746,아하 왕수학,41,수학
47747,점프 왕수학,41,수학
47759,포인트 왕수학,41,수학
47745,계산 왕수학,41,수학
74891,포인트왕과학,40,자연과학
74892,포인트왕사회,-1,매핑불가
74853,A단계(6세~초1),41,수학
74854,B단계(초2),41,수학
74855,C단계(초3),41,수학
74856,D단계(초4),41,수학
74857,E단계(초5),41,수학
74858,F단계(초6),41,수학
74890,교과서익히기,-1,매핑불가
74754,수학문장제,41,수학
74755,도형,-1,매핑불가
74756,수와연산,-1,매핑불가
74933,서술형,-1,매핑불가
74757,공감기본(구.공신핵심),-1,매핑불가
110554,에듀왕,-1,매핑불가
41050,에듀왕,-1,매핑불가
45958,영재교육원 입시대비,-1,매핑불가
45672,100점 기출 중간/기말/총정리,37,교육학
45264,포인트 국어/사회/과학,40,자연과학
45621,100점 평가,-1,매핑불가
45088,100점 포인트 중간/총정리,-1,매핑불가
44875,왕수학,41,수학
44876,100점 포인트 총정리,-1,매핑불가
45194,Mathking,-1,매핑불가
45457,왕수학 올림피아드,41,수학
59867,공부의 신 초등수학,41,수학
45783,High Phonics,-1,매핑불가
74587,포인트왕시리즈,-1,매핑불가
74563,점플수학,41,수학
45575,100점 수학경시대회,41,수학
45569,KME 한국수학학력평가,41,수학
45590,100점 기출문제,37,교육학
74533,꼭알시리즈,-1,매핑불가
74534,절대공감(구.공신),-1,매핑불가
74526,포인트성취도,-1,매핑불가
74608,속깊은수학_개념,41,수학
74609,속깊은수학_문제,41,수학
74610,점플한자,-1,매핑불가
74611,절대공감총정리,-1,매핑불가
122605,꼭알_수와연산,-1,매핑불가
122606,꼭알_도형,-1,매핑불가
122607,꼭알_문장제,-1,매핑불가
181945,꼭알_수학서술형,41,수학
181946,꼭알_사고력연산,-1,매핑불가
110556,원리왕수학,41,수학
110557,포인트왕수학,41,수학
110558,점프왕수학,41,수학
110559,응용왕수학,41,수학
110560,올림피아드왕수학,41,수학
41444,에이급출판사,-1,매핑불가
45444,에이급 수학,41,수학
60143,Reading A,74,영어
58769,영어책,74,영어
58550,영재마루,-1,매핑불가
74416,오픈북,-1,매핑불가
119358,하루 10분 수학,41,수학
74602,아침5분수학,41,수학
114953,아침 5분 논술,37,교육학
74417,와이비엠시사,-1,매핑불가
58542,와이즈만BOOKs(와이즈만북스),-1,매핑불가
74636,즐깨감도형,-1,매핑불가
77539,창문,-1,매핑불가
74524,창문플러스,-1,매핑불가
74525,즐깨감수학,41,수학
78301,즐깨감문제해결,-1,매핑불가
79755,즐깨감측정확률,-1,매핑불가
74623,즐깨감수와연산,-1,매핑불가
78990,스토리텔링수학,41,수학
125743,와이티미디어,-1,매핑불가
125744,백점 맞는 퀴즈게임,-1,매핑불가
42519,웅진씽크빅,-1,매핑불가
46665,웅진 총정리,-1,매핑불가
74588,THINK기발한_1학기,-1,매핑불가
74582,THINK해설학습서,-1,매핑불가
74626,THINK기발한_2학기,-1,매핑불가
74412,웅진씽크하우스,-1,매핑불가
41765,유네스미디어,-1,매핑불가
46043,통합교과논술 교과U,37,교육학
46044,6단계 유형 독서노트,-1,매핑불가
47634,친절한 쌤,-1,매핑불가
43909,유웨이북스,-1,매핑불가
41516,이야기,-1,매핑불가
45991,에듀모아 사회,-1,매핑불가
45992,에듀모아 과학,40,자연과학
45993,에듀모아 국어,-1,매핑불가
45603,에듀모아 수학,41,수학
45722,에듀모아 총정리,-1,매핑불가
45723,에듀모아 중간고사대비,-1,매핑불가
74548,공부짱세트,-1,매핑불가
46073,에듀모아 중간/기말/총정리,-1,매핑불가
177398,이지스에듀,-1,매핑불가
177400,바빠 교과서 연산,-1,매핑불가
177401,바빠 연산법,-1,매핑불가
177402,나혼자푼다,-1,매핑불가
177403,바빠 파닉스,-1,매핑불가
177404,바빠 영어,74,영어
177405,바빠 급수한자,-1,매핑불가
177406,7살 첫,-1,매핑불가
114092,빠른연산법,-1,매핑불가
114091,이지스퍼블리싱,-1,매핑불가
58832,이토피아,-1,매핑불가
74576,Way to Go!,-1,매핑불가
74577,Listening Pop,-1,매핑불가
46078,외국어능력시험 문제해설집,37,교육학
41806,종합출판,-1,매핑불가
41669,좋은책,-1,매핑불가
161538,쎈수학_라이트(초등),41,수학
161539,쎈수학_개념쎈(초등),41,수학
85957,우공비신통한,-1,매핑불가
47613,홈런,-1,매핑불가
59879,우공비+쎈세트,-1,매핑불가
59880,우공비4권세트,-1,매핑불가
74579,우공비자습서,-1,매핑불가
74580,우공비문제집,37,교육학
74581,일품수학초등,41,수학
47518,우공비,-1,매핑불가
45893,초등 쎈수학,41,수학
46731,우공비Q,-1,매핑불가
74504,우공비t(시험대비),37,교육학
121630,쎈수학,41,수학
114974,우공비문제짱,-1,매핑불가
46203,쎈 일일학습 수학,41,수학
163469,일일공부,-1,매핑불가
122368,쎈연산,-1,매핑불가
165461,일일공부,-1,매핑불가
163527,일일어휘,-1,매핑불가
163528,일일사회,-1,매핑불가
163529,일일과학,40,자연과학
74877,우공비국사과세트,37,교육학
150792,우공비일일독해,37,교육학
121633,하이쎈(최상위),41,수학
178104,일일영단어,37,교육학
178793,일일수학,41,수학
178794,일일어법,-1,매핑불가
177297,일일한자,-1,매핑불가
40896,중앙교육진흥연구소,-1,매핑불가
44772,A+ 초등시리즈,-1,매핑불가
45091,기출문제 완전정복,37,교육학
45566,랭킹 중간고사,-1,매핑불가
45682,랭킹 기말고사,-1,매핑불가
44715,A+ 전과목 총정리,-1,매핑불가
41892,중앙북스,-1,매핑불가
46631,친절한쌤 총정리,-1,매핑불가
46208,친절한 쌤,-1,매핑불가
45295,문제있는 문제,-1,매핑불가
41355,지능교육,-1,매핑불가
74408,지식과미래,-1,매핑불가
74952,매스A단계,-1,매핑불가
74953,매스B단계,-1,매핑불가
74954,매스C단계,-1,매핑불가
74955,매스D단계,-1,매핑불가
74956,매스E단계,-1,매핑불가
74957,매스F단계,-1,매핑불가
74624,매스트레이닝,-1,매핑불가
45315,공부왕,45,지학
45316,칼슘 수학,41,수학
45319,상상 수학,41,수학
47542,독서평설,45,지학
59810,만화 독서평설,45,지학
74629,반편성배치고사,45,지학
74630,월간독서평설,45,지학
88109,통합워크북,45,지학
168965,지학사,45,지학
41381,지학사,45,지학
168966,독해력 자신감,45,지학
168967,풍산자 개념x연산,45,지학
168968,풍산자 개념x유형,45,지학
168969,풍산자 개념x서술형,45,지학
78874,똑공평가,-1,매핑불가
78875,똑공수학,41,수학
114357,통하는 평가,-1,매핑불가
114358,통하는 수학,41,수학
78872,지혜를여는문,-1,매핑불가
40885,천재교육,-1,매핑불가
110268,로드맵영재수학,41,수학
110269,단원평가,-1,매핑불가
120384,개념뿌리뽑기(초등),-1,매핑불가
162192,닥터유형,-1,매핑불가
147922,HME수학(초등),41,수학
124230,노크시리즈,-1,매핑불가
46508,최고수준 수학,41,수학
46535,우등생 기출문제,37,교육학
46843,셀파 해법수학,41,수학
46890,유형별 기출문제,37,교육학
46135,개념클릭 국어/사회/과학,40,자연과학
46464,플러스 해법수학,41,수학
46148,해법수학,41,수학
46468,중간 시험범위 중간 총정리,37,교육학
46502,열공 중간/기말/총정리,-1,매핑불가
45694,수학익힘책 + 과학실험관찰,41,수학
45695,해법 교과서 논술,37,교육학
45786,챌린지 해법수학,41,수학
45787,에이스 해법수학,41,수학
45976,개념클릭 해법수학,41,수학
45969,3000제 해법수학,41,수학
45984,해법 급수한자,-1,매핑불가
45985,월간 해법수학,41,수학
45986,월간 우등생평가,-1,매핑불가
47586,셀파,-1,매핑불가
47597,2000제 해법국어/사회/과학,40,자연과학
47081,전과목단원평가,-1,매핑불가
47086,상위권 어려운 기출문제,37,교육학
47117,로드맵 영재수학,41,수학
45289,해법 중간학력평가 예상문제,-1,매핑불가
45103,해법 예체능,-1,매핑불가
45245,학습지 해법국어,-1,매핑불가
45246,학습지 해법논술,37,교육학
59858,월간 우등생과학,40,자연과학
45441,우등생전과,-1,매핑불가
77531,멘토창의서술형,-1,매핑불가
77540,2주격파,-1,매핑불가
44923,학습지 해법수학,41,수학
59809,월간 우등생논술,37,교육학
46617,해법 성취도평가 중간/기말,-1,매핑불가
59793,초등 문제집 해법수학,41,수학
59794,수학 어떻게 문제를 풀것인가,41,수학
59795,수학단원평가,41,수학
59796,초등 셀파 English,-1,매핑불가
46733,성취도평가 기출.예상문제,37,교육학
133978,최강TOT수학(초등),41,수학
45785,베스트 해법,-1,매핑불가
45778,유형별 해법,-1,매핑불가
74556,중간/기말/총정리,-1,매핑불가
45950,사고력 해법수학,41,수학
45951,해법 기초계산,-1,매핑불가
45598,수학 총정리,41,수학
45581,해법 중간학력평가,-1,매핑불가
45612,HME 수학 학력평가,41,수학
45614,해법 학기말 학력평가 예상문제,-1,매핑불가
45606,해법 올백기출문제,37,교육학
45608,학습지 해법영어,74,영어
45619,해법 학기말 학력평가 총정리,-1,매핑불가
74538,개념클릭해법,-1,매핑불가
74539,1000 해법수학,41,수학
74540,초등영어교과서,74,영어
74520,교과서 실험관찰,-1,매핑불가
74521,교과서 사회탐구,33,사회문제
78323,영재교육,-1,매핑불가
80256,멘토시리즈,-1,매핑불가
59296,교과서 어휘의 달인,-1,매핑불가
74616,리틀천재_학습지해법영어,74,영어
84969,스토리텔링 해법수학,41,수학
128942,빅터연산,-1,매핑불가
131077,해결의법칙,-1,매핑불가
130572,수학리더,41,수학
174792,하루어휘,-1,매핑불가
174793,Grammar Zap,-1,매핑불가
87968,스토리텔링해법,-1,매핑불가
173391,LET'S GO,-1,매핑불가
116287,창의력수학노크,41,수학
134687,수학의힘(초등),41,수학
107504,학습지,-1,매핑불가
80211,일파만파,-1,매핑불가
44707,1000 해법수학,41,수학
44708,올림피아드,-1,매핑불가
46156,서술형.논술형,37,교육학
45495,해법 우등생 3000제,-1,매핑불가
45480,초등 올백,-1,매핑불가
45508,Let's Go to the English World!,-1,매핑불가
45067,일등 해법수학,41,수학
45052,창의력 해법수학,41,수학
44942,학습지 해법한자,-1,매핑불가
47017,2000제 해법수학,41,수학
162334,GO!매쓰,-1,매핑불가
60186,상위권 해법수학,41,수학
131163,_월간학습지,-1,매핑불가
175059,수학도 독해가 힘이다,41,수학
177347,똑똑한 하루,-1,매핑불가
46437,스페셜 해법수학,41,수학
44721,수학경시대회,41,수학
44722,신나는 글쓰기,-1,매핑불가
44723,계산박사,-1,매핑불가
44724,도형박사,-1,매핑불가
44717,우등생 해법,-1,매핑불가
44718,해법 중간/기말/총정리,-1,매핑불가
88107,월간우등생시리즈,-1,매핑불가
88108,반편성배치고사,-1,매핑불가
46069,우등생 술술한자,-1,매핑불가
122080,유형격파,-1,매핑불가
87404,교과서 Practice Book,-1,매핑불가
163087,개념꿀꺽,-1,매핑불가
163088,교과서다품(초등),-1,매핑불가
163089,짤강(초등),-1,매핑불가
163090,리더,-1,매핑불가
163091,똑똑한 하루 독해,-1,매핑불가
109644,셀파사회(초등),-1,매핑불가
107505,셀파과학(초등),40,자연과학
107506,셀파국어(초등),-1,매핑불가
107507,셀파수학(초등),41,수학
107508,셀파세트(초등),-1,매핑불가
47760,1학년,37,교육학
47761,2학년,37,교육학
47762,3학년,-1,매핑불가
47763,4학년,-1,매핑불가
47764,5학년,-1,매핑불가
47765,6학년,-1,매핑불가
74776,해법과학,40,자연과학
74777,해법국어,-1,매핑불가
74778,해법사회,-1,매핑불가
74779,해법영어,74,영어
74780,해법세트,-1,매핑불가
74781,해법바슬즐,-1,매핑불가
74782,해법예체능,-1,매핑불가
74783,해법수학,41,수학
74784,개념수학,41,수학
74785,개념과학,40,자연과학
74786,개념국어,-1,매핑불가
74787,개념사회,-1,매핑불가
74788,개념세트,-1,매핑불가
121923,교과서영단어,74,영어
74789,교과서회화,74,영어
74790,교과서파닉스,74,영어
74659,열공기출문제,37,교육학
74660,해법총정리,-1,매핑불가
74834,올백전과목기출,37,교육학
74835,전과목단원평가,-1,매핑불가
74946,해법영어SaySaySay,74,영어
74944,해법영어Words,74,영어
74945,해법영어Phonics,74,영어
74851,상위권사고력,41,수학
74852,상위권창의력,41,수학
80257,사회,-1,매핑불가
80258,국어,-1,매핑불가
80259,과학,40,자연과학
88112,우등생키즈(월간),-1,매핑불가
88113,우등생학습(월간),-1,매핑불가
88114,해법반편성,-1,매핑불가
88115,열공반편성,-1,매핑불가
88432,서술형논술형수학,41,수학
120070,스토리텔링해법과학,40,자연과학
87969,수학통합교과(초등),41,수학
87970,수학개념중심책,41,수학
175060,옐로커버에디션,41,수학
175061,레드커버에디션,41,수학
177409,하루VOCA,-1,매핑불가
179375,하루계산,-1,매핑불가
179588,하루글쓰기,-1,매핑불가
178227,하루사회,-1,매핑불가
178228,하루과학,40,자연과학
177348,하루도형,-1,매핑불가
177349,하루수학,41,수학
177894,하루사고력,-1,매핑불가
163092,과학리더,40,자연과학
163093,국어리더,-1,매핑불가
163094,사회리더,-1,매핑불가
124231,사고력수학노크,41,수학
128728,연산력수학노크,41,수학
131540,유형리더,41,수학
135566,기본리더,41,수학
131165,개념리더,41,수학
131166,응용리더,41,수학
110270,전과목단원평가,-1,매핑불가
110271,천재수학단원평가,41,수학
110272,수학단원평가,41,수학
46207,영재교육 해법수학,41,수학
41891,천재문화,-1,매핑불가
114892,천종현수학연구소,41,수학
123358,원리셈_D단계,41,수학
116088,원리셈_K단계,41,수학
116089,원리셈_P단계,41,수학
116090,원리셈_A단계,41,수학
116091,원리셈_B단계,41,수학
117244,원리셈_C단계,41,수학
114893,원리셈,41,수학
41551,첼린져교육사,-1,매핑불가
45699,첼린져 논술,37,교육학
45602,TOP 중간 기말고사 총정리,-1,매핑불가
45591,수련문제은행,-1,매핑불가
45592,체험학습기록장,67,음악(음반)
41511,초등교육연구원,-1,매핑불가
43030,키출판사,-1,매핑불가
163689,구문이독해다(초등),-1,매핑불가
163690,낭독이 말하기다,-1,매핑불가
163691,어메이징 파닉스,-1,매핑불가
163692,파닉스가 스타트다,-1,매핑불가
163693,분수 개념이 먼저다,-1,매핑불가
163694,그림으로 개념 잡는 수학,41,수학
47152,수학이 쉬워지는 계산급수,41,수학
59609,미국교과서 읽는,-1,매핑불가
74583,미국교과서,-1,매핑불가
59323,오년후 특목고,-1,매핑불가
175610,소수 개념이 먼저다,-1,매핑불가
136734,연산이원리다,-1,매핑불가
136735,단어가 읽기다(초등),-1,매핑불가
136736,문법이 쓰기다(초등),-1,매핑불가
167273,어휘력이 독해력이다,-1,매핑불가
171002,초집중 영문법,-1,매핑불가
171003,초집중 영단어,37,교육학
171004,국어 한자가 어휘력이다,-1,매핑불가
79570,PreK_초등,-1,매핑불가
87265,읽는리스닝&스피킹,-1,매핑불가
87266,읽는리딩,-1,매핑불가
74950,Preschool_유.초등반,-1,매핑불가
74960,Easy_초.중등,-1,매핑불가
74961,Basic_초등.중등반,-1,매핑불가
74674,읽는영단어,37,교육학
74675,Kinder_초등반,-1,매핑불가
171005,읽는라이팅,-1,매핑불가
136739,리딩펀,-1,매핑불가
136740,리스닝펀,-1,매핑불가
45290,퍼지 No.1 수학,41,수학
45400,퍼지EBS,-1,매핑불가
45635,퍼지 학기말 학업성취도평가,-1,매핑불가
45794,퍼지 초등,-1,매핑불가
45952,퍼지 기말고사 예상문제,-1,매핑불가
45953,퍼지 중간고사 예상문제,-1,매핑불가
45599,퍼지 중간 학업성취도평가,-1,매핑불가
45600,퍼지 수리탐구 경시대회 예상문제,-1,매핑불가
45615,퍼지 총정리,-1,매핑불가
41351,퍼지북스,-1,매핑불가
41443,학천미디어,-1,매핑불가
45440,바깔레로아 국어논술,37,교육학
74639,창의논술,37,교육학
74640,교과논술,37,교육학
74641,독서혁명,-1,매핑불가
74642,논술혁명,37,교육학
74413,학천Edunet(바깔로레아),-1,매핑불가
41442,한국교육개발원,-1,매핑불가
45439,생각하는 수학공부,41,수학
118505,한솔스쿨,-1,매핑불가
118509,가장완벽한연산,-1,매핑불가
74411,해피교육,-1,매핑불가
120856,EBS단원평가,-1,매핑불가
74516,중간성취도,-1,매핑불가
74621,기말성취도,-1,매핑불가
74622,국가수준,-1,매핑불가
47545,백만기출 시험 범위,37,교육학
47627,전자참고서 해라클래스,-1,매핑불가
43722,해피에듀,-1,매핑불가
58548,CMS에듀케이션,-1,매핑불가
116952,KIDSTAP(키즈탭),-1,매핑불가
116953,Voca Tap,-1,매핑불가
116954,Kids Tap Phonics,-1,매핑불가
114427,사고셈,-1,매핑불가
114422,NE매스큐브,-1,매핑불가
56680,1학년,37,교육학
58158,국어,37,교육학
58162,기타,37,교육학
58160,수학,41,수학
58159,영어,74,영어
58161,총정리,37,교육학
56681,2학년,37,교육학
58163,국어,37,교육학
58167,기타,37,교육학
58165,수학,41,수학
58164,영어,74,영어
58166,총정리,37,교육학
56682,3학년,-1,매핑불가
58172,과학,40,자연과학
58168,국어,-1,매핑불가
58174,기타,672,음악
58171,사회,-1,매핑불가
58170,수학,41,수학
58169,영어,74,영어
58173,총정리,-1,매핑불가
56683,4학년,-1,매핑불가
58179,과학,40,자연과학
58175,국어,-1,매핑불가
58181,기타,672,음악
58178,사회,-1,매핑불가
58177,수학,41,수학
58176,영어,74,영어
58180,총정리,-1,매핑불가
56684,5학년,-1,매핑불가
58186,과학,40,자연과학
58182,국어,-1,매핑불가
58188,기타,672,음악
58185,사회,-1,매핑불가
58184,수학,41,수학
58183,영어,74,영어
58187,총정리,-1,매핑불가
56685,6학년,-1,매핑불가
58193,과학,40,자연과학
58189,국어,-1,매핑불가
58195,기타,672,음악
58192,사회,-1,매핑불가
58191,수학,41,수학
58190,영어,74,영어
58194,총정리,-1,매핑불가
56692,경시/올림피아드,-1,매핑불가
58210,과학,40,자연과학
58211,기타,672,음악
58209,수학,41,수학
56687,논술/글쓰기,37,교육학
150190,국어독해,37,교육학
58196,논술,37,교육학
129709,논술정기간행물(초등),37,교육학
58197,어휘,37,교육학
89783,단계별계산/연산(수학),41,수학
56686,미취학아동,-1,매핑불가
38776,미취학아동 종합,-1,매핑불가
74404,국어/한글,-1,매핑불가
74407,기타,672,음악
43483,미취학 아동 출판사별,-1,매핑불가
74881,똑똑수학,41,수학
74914,창의력수학_초급,41,수학
45085,천재교육,-1,매핑불가
45083,세광마스터피스,-1,매핑불가
45123,은하수미디어,-1,매핑불가
45399,삼성출판사,-1,매핑불가
47422,노벨과개미,-1,매핑불가
47096,아울북,-1,매핑불가
45847,열린교육(예지각),-1,매핑불가
46003,기탄다중지능계발워크북,-1,매핑불가
45443,기탄교육,-1,매핑불가
74586,월드김영사,-1,매핑불가
74598,뉴매쓰,-1,매핑불가
74599,백칸교육,-1,매핑불가
47514,생각하는 유아수학(시매쓰),41,수학
117318,메가북스,-1,매핑불가
86383,소마사고력수학,41,수학
46994,교육채널,-1,매핑불가
60187,스쿨라움,-1,매핑불가
88068,와이즈만북스,-1,매핑불가
129776,씨투엠에듀,-1,매핑불가
47949,신나는 한글여행,98,여행
47958,예비초등단어의비밀,-1,매핑불가
47961,수학 자라기,41,수학
47962,에디슨 수학,41,수학
74939,상위권960_P단계,41,수학
74940,유아수학,41,수학
47847,A단계,-1,매핑불가
47848,B단계,-1,매핑불가
47849,C단계,-1,매핑불가
47850,D단계,-1,매핑불가
47851,E단계,-1,매핑불가
47772,연필잡고,-1,매핑불가
47766,철저반복수학,41,수학
74806,철저반복한자,-1,매핑불가
74803,철저반복창의사고력,-1,매핑불가
74804,철저반복상위권수학,41,수학
47780,철저반복 한자,-1,매핑불가
47781,철저반복 국어,-1,매핑불가
47941,삼성지능업,-1,매핑불가
47942,지능업우드블록,67,음악(음반)
47943,놀이놀이스티커,-1,매핑불가
47944,처음만나는세계명작,-1,매핑불가
47945,영어시작,74,영어
74688,철저반복글쓰기,-1,매핑불가
47768,기탄수셈떼기,-1,매핑불가
47769,기탄한석봉한자,-1,매핑불가
47770,스탠퍼드한글떼기,-1,매핑불가
47771,기탄영어베이직,74,영어
87875,기탄국어,-1,매핑불가
87876,기탄큰수학,41,수학
87877,기탄수학,41,수학
87878,기탄한자,-1,매핑불가
87879,기탄사고력수학,41,수학
87880,기탄급수한자,-1,매핑불가
47783,수학짱,41,수학
47779,한글짱,-1,매핑불가
47748,주판으로 배우는 암산 수학 매직 셈,41,수학
47751,놀이 한글,-1,매핑불가
47749,창의력 해법수학,41,수학
47838,학습지 해법한글,-1,매핑불가
47839,학습지 해법한자,-1,매핑불가
47840,학습지 해법수학,41,수학
47841,사고력 해법수학,41,수학
47842,해법 기초계산,-1,매핑불가
47843,학습지 해법국어,-1,매핑불가
47844,학습지 해법논술,37,교육학
47845,학습지 해법영어,74,영어
74791,예비초등우등생,-1,매핑불가
138770,빅터 연산,41,수학
47750,붕붕 수학,41,수학
117563,메가통합놀이,-1,매핑불가
117319,메가스토리,-1,매핑불가
129778,플라토도형(미취학),-1,매핑불가
174900,5세에는즐깨감,-1,매핑불가
88069,6세에는즐깨감,-1,매핑불가
88070,7세에는즐깨감,-1,매핑불가
86384,소마셈,41,수학
74405,수학,41,수학
74406,영어,74,영어
80553,예비초등,-1,매핑불가
87874,한자,-1,매핑불가
86716,서술형.논술형,37,교육학
86720,과학,40,자연과학
86717,국어/논술,37,교육학
86721,기타,37,교육학
86719,사회,37,교육학
86718,수학,41,수학
56691,영재학습,-1,매핑불가
58207,과학,40,자연과학
58208,기타,67,음악
58206,수학,41,수학
56690,예비중학,-1,매핑불가
58203,국제중,-1,매핑불가
58205,반편성,-1,매핑불가
58204,일반,-1,매핑불가
56678,전과,-1,매핑불가
58146,1학년,37,교육학
58147,2학년,37,교육학
58148,3학년,-1,매핑불가
58149,4학년,-1,매핑불가
58150,5학년,-1,매핑불가
58151,6학년,-1,매핑불가
56689,초등영어전문교재,74,영어
74443,단어,74,영어
59084,독해,74,영어
78623,말하기/듣기,74,영어
58202,문법,74,영어
78624,영어능력평가시험(NEAT),74,영어
58201,파닉스,74,영어
58200,회화,74,영어
80254,PELT,74,영어
74363,초등월간지,5, 일반 연속간행물
163890,초등한국사,90,역사
121628,최상위/최고수준수학,41,수학
131624,학습교구,-1,매핑불가
56688,한자교재,-1,매핑불가
58199,급수한자,-1,매핑불가
163086,중국어,72,동양어
58198,한자쓰기,-1,매핑불가
56679,EBS 초등,-1,매핑불가
58152,1학년,37,교육학
58153,2학년,37,교육학
58154,3학년,-1,매핑불가
58155,4학년,-1,매핑불가
58156,5학년,-1,매핑불가
58157,6학년,-1,매핑불가
177495,겨울방학 영어(강의노트),74,영어
58739,겨울방학생활,-1,매핑불가
74584,여름방학,-1,매핑불가
74585,겨울방학,-1,매핑불가
124196,계산왕(연산),-1,매핑불가
158110,국어독해력_4주완성,-1,매핑불가
59081,내공냠냠,-1,매핑불가
74518,내공냠냠 세트,-1,매핑불가
74519,내공냠냠 단품,-1,매핑불가
177496,독해가 만날 때,74,영어
187200,만점왕고난도,41,수학
177190,만점왕연산,41,수학
123297,수학의 자신감,41,수학
163572,수학플러스,41,수학
124198,스토리한국사,90,역사
177498,어휘가독해다,-1,매핑불가
74441,중1예비과정,-1,매핑불가
177497,참쉬운글쓰기,-1,매핑불가
177189,참쉬운급수한자,-1,매핑불가
89040,창의융합수학UP,41,수학
87715,초등만점왕,41,수학
89041,만점왕기본서,41,수학
89042,만점왕평가문제집,41,수학
131702,단원평가,-1,매핑불가
170270,탐구생활,-1,매핑불가
58554,해피총정리,-1,매핑불가
177188,홈스쿨영어,74,영어
124197,EBS기초영문법,74,영어
113054,EBS한국사검정,90,역사
74442,EBSe방과후영어,74,영어
38401,컴퓨터/모바일,53,공학
43273,1천원쿠폰,53,공학
43272,2천원쿠폰,53,공학
43280,5백원쿠폰,53,공학
43271,웹/인터넷,53,공학
38570,그래픽/멀티미디어,53,공학
40131,3ds max,53,공학
40129,그래픽 일반,53,공학
40141,디렉터,53,공학
40140,멀티미디어 타이틀/컴퓨터 음악,67,음악(음반)
40857,코렐드로우/페인터,53,공학
40130,포토샵,53,공학
40142,프리미어/베가스,53,공학
40133,CAD,53,공학
40134,DTP,53,공학
40132,Maya,53,공학
57052,모바일 프로그래밍,53,공학
59202,모바일/임베디드,53,공학
59200,아이폰/아이패드,53,공학
59201,안드로이드,53,공학
38448,수험서,53,공학
40787,사무자동화,53,공학
40161,신규 자격증/자격증 기타,53,공학
40814,워드프로세서,53,공학
44673,워드프로세서 필기,53,공학
44674,워드프로세서 실기,53,공학
41389,웹디자인 기능사,60,예술
39784,인터넷정보관리사,53,공학
40191,전자상거래,53,공학
40164,정보기기/정보통신,53,공학
40816,정보처리기능사,53,공학
40815,정보처리기사,53,공학
40817,정보처리산업기사,53,공학
40786,컬러리스트,53,공학
39783,컴퓨터그래픽스,53,공학
39785,컴퓨터활용능력,53,공학
44675,컴퓨터활용능력 필기,53,공학
44676,컴퓨터활용능력 실기,53,공학
40636,CCNA/CCNP,53,공학
74395,DIAT,53,공학
43784,GTQ,53,공학
40770,ITQ,53,공학
40160,MCP/MCSE,53,공학
40753,MOS/MCAS,53,공학
40163,Oracle OCA/OCP,53,공학
40162,SCJP,53,공학
56992,스마트폰/패드/SNS,53,공학
59014,스마트폰/패드,53,공학
59013,SNS,53,공학
38568,오피스(엑셀/파워포인트),53,공학
40125,액세스,53,공학
40123,엑셀,53,공학
40122,워드,53,공학
40124,파워포인트,53,공학
40126,한글(한글과컴퓨터),53,공학
40121,MS 오피스,53,공학
38762,웹디자인/홈페이지,60,예술
40136,웹기획,60,예술
40850,웹디자인 기타,60,예술
40135,웹디자인 입문,60,예술
40726,일러스트레이터,60,예술
40727,포토샵,60,예술
40139,플래시,60,예술
40744,HTML/JavaScript,60,예술
128639,초중고 소프트웨어 교육/코딩,53,공학
128641,중등,53,공학
128640,초등,53,공학
38571,컴퓨터 공학,53,공학
40149,네트워크/데이터 통신,53,공학
40779,데이터베이스 개론,53,공학
40150,마이크로프로세서,53,공학
40146,소프트웨어 공학,53,공학
40147,자료구조/알고리즘,53,공학
40148,전산수학(SPSS/MATLAB),41,수학
40248,정보통신공학,53,공학
40145,컴퓨터공학/전산학 개론,53,공학
44581,그래픽/웹디자인,60,예술
44582,프로그래밍,53,공학
44583,네트워크/운영체제,53,공학
44584,PC/디지털카메라,53,공학
44585,오피스,53,공학
44647,프로그래밍/네트워크,53,공학
44648,그래픽/웹디자인,60,예술
44649,오피스/PC/주변기기,53,공학
38794,프로그래밍 개발/방법론,53,공학
40761,객체지향 프로그래밍/UML,53,공학
40152,게임 프로그래밍,53,공학
40852,네트워크 프로그래밍,53,공학
39782,데이터베이스 프로그래밍,53,공학
44650,SQL,53,공학
44213,데이터베이스 구축,53,공학
44235,Access,53,공학
44282,Oracle,53,공학
44283,MS SQL Server,53,공학
44310,MySQL,53,공학
40151,리눅스/유닉스 프로그래밍,53,공학
40728,모바일/무선/임베디드 프로그래밍,53,공학
43574,애플/아이폰,53,공학
40767,웹 서비스/웹 프로그래밍,53,공학
40143,윈도우 프로그래밍,53,공학
40777,프로그래밍 기초/개발 방법론,53,공학
38447,프로그래밍 언어,70,언어
40745,.NET,70,언어
44641,Visual C++.NET,70,언어
44642,C#,70,언어
44643,ASP.NET,70,언어
44644,Visual Basic.NET,70,언어
44645,.NET 일반,70,언어
40809,델파이,70,언어
40107,자바,70,언어
40778,파이썬,70,언어
40746,프로그래밍 언어 기타,70,언어
41544,Ajax,70,언어
40740,ASP,70,언어
40749,C,70,언어
40750,C++,70,언어
40851,JSP,70,언어
43575,Objective C / 애플 어플리케이션,70,언어
40144,Perl/CGI,70,언어
40741,PHP,70,언어
41635,Ruby/Rails,70,언어
40743,Visual Basic,70,언어
40742,Visual C++,70,언어
40754,XML,70,언어
38559,e비즈니스/창업,32,경제학
40098,공공정책/자료,32,경제학
40153,디지털 문화,32,경제학
40087,e-비즈니스/온라인 창업,32,경제학
38446,OS/Networking,53,공학
40747,네트워크 구축,53,공학
39776,네트워크 보안/해킹,53,공학
40748,리눅스,53,공학
40156,매킨토시,53,공학
40154,윈도우즈,53,공학
44313,Windows 2000/Windows 2003,53,공학
44314,Windows XP/Windows Vista,53,공학
59374,Windows 7,53,공학
40155,유닉스,53,공학
38569,PC/게임/디지털 카메라,53,공학
40738,게임,53,공학
40784,디지털 카메라,53,공학
40785,디지털 캠코더,53,공학
40127,인터넷/윈도우즈 배우기,53,공학
40200,초보자를 위한 컴퓨터 책,53,공학
40128,PC 조립/고장 수리,53,공학
78871,판타지/무협,-1,매핑불가
56553,무협소설,-1,매핑불가
175068,성인,-1,매핑불가
139440,연재,-1,매핑불가
170367,판타지소설,-1,매핑불가
170371,게임판타지,-1,매핑불가
170373,대체역사물,90,역사
170372,스포츠물,-1,매핑불가
170368,정통판타지,-1,매핑불가
170370,퓨전판타지,-1,매핑불가
170369,현대판타지,-1,매핑불가
38425,해외도서,-1,매핑불가
38763,_문학,80,문학
41789,문학 일반,80,문학
41788,소설,80,문학
38936,_어린이,37,교육학
41861,미국교과서,37,교육학
41628,소재/타입별 분류,37,교육학
40625,어린이동화,37,교육학
40656,어린이학습,37,교육학
46070,과목별 분류,37,교육학
41782,연령별 분류,37,교육학
38764,_ELT/사전,-1,매핑불가
41793,듣기/읽기/말하기/쓰기,-1,매핑불가
41795,수험서,-1,매핑불가
41630,영영사전,-1,매핑불가
38889,경제경영,32,경제학
41631,경영/비즈니스,32,경제학
41864,경제학/경제일반,32,경제학
41632,마케팅/세일즈,32,경제학
41865,재테크/투자,32,경제학
41633,처세/자기계발,32,경제학
38935,실용,-1,매핑불가
41867,가정과 생활,-1,매핑불가
41791,건강/미용/패션,-1,매핑불가
41792,꽃/인테리어,-1,매핑불가
41790,취미,-1,매핑불가
39033,예술/디자인,60,예술
38934,인문/사회,-1,매핑불가
41869,사회 일반,-1,매핑불가
41787,심리/철학,10,철학
46146,서양철학,10,철학
41785,역사/지리,90,역사
41784,정치/외교/행정,-1,매핑불가
41786,종교,20,종교
46145,기독교,23,기독교
39055,자연과학/기술,40,자연과학
41868,공학,40,자연과학
38937,컴퓨터,53,공학
41620,그래픽/멀티미디어,53,공학
41621,수험서,53,공학
41623,웹디자인/홈페이지,60,예술
41624,프로그래밍 개발/방법론,53,공학
41625,프로그래밍 언어,70,언어
41626,OS/Networking,53,공학
39045,해외잡지,5,
42334,정기구독-영어신문,74,영어
139379,BL,-1,매핑불가
130357,BL만화,80,문학
127586,국내,80,문학
127587,국외,80,문학
130356,BL소설,-1,매핑불가
127464,국내,-1,매핑불가
127465,국외,-1,매핑불가
141129,BL연재,-1,매핑불가
141130,만화,80,문학
38421,Gift,-1,매핑불가
38756,그녀에게,80,문학
40715,스타일이 사는 남자,59,가정학
40718,스타일이 사는 여자,59,가정학
40717,좋은 엄마,59,가정학
38757,그에게,80,문학
40714,좋은 아빠,80,문학
40719,특별한 그녀에게,80,문학
40716,특별한 그에게,80,문학
38758,모두에게,80,문학
40685,단순한 삶,80,문학
40690,동물사랑,59,가정학
40691,만화광/영화광,80,문학
40687,"멋진 연애, 행복한 결혼",59,가정학
40688,몸과 운동,69,오락/스포츠
41074,부자가 되고싶은 이에게,80,문학
41058,수능끝난 이에게,37,교육학
40693,어른을 위한 그림책,80,문학
40689,위로와 용기,80,문학
40694,유머를 아는 그 사람,80,문학
40684,일과 성공,32,경제학
40686,일상탈출,80,문학
40692,잘 먹고 잘 살기,80,문학
40695,지적인 그 사람,80,문학
38759,어린이에게,37,교육학
40710,나도 동생 있어요!,37,교육학
40708,당당한 여자아이,37,교육학
40713,두고두고 읽을 책,37,교육학
40709,랄랄라 즐거운 학교,37,교육학
40702,만 0~3세,37,교육학
40703,만 4~6세,37,교육학
40704,"초등 1,2학년",37,교육학
40705,"초등 3,4학년",37,교육학
40706,"초등 5,6학년",37,교육학
40707,초등 전학년,37,교육학
40712,한글을 배워요!,37,교육학
40711,"A,B,C를 시작해요!",37,교육학
38760,특별한 날,80,문학
40699,감사/축하,80,문학
40696,결혼,59,가정학
40723,새집,59,가정학
40700,생일_아이,37,교육학
40701,생일_어른,80,문학
40844,성년의 날,80,문학
40843,스승의 날,80,문학
40724,승진,80,문학
40725,신장개업,80,문학
40697,임신/출산,80,문학
40698,입학/졸업,80,문학
40730,직접 선물 만들기,80,문학
41004,추석,80,문학
41075,크리스마스,80,문학
